2009-04-25T00:00:00.000,0.0,0.0,0.0,0.0,0.0,0.0,0.0,0.0,1.0,6.0,1.0,4.0,6.0,1.0,0.0,0.0,0.0,0.0,1.0,2.0,0.0,5.0,1.0,1.0,aaaccabc
2009-04-26T00:00:00.000,0.0,0.0,0.0,0.0,0.0,0.0,0.0,0.0,1.0,6.0,3.0,6.0,5.0,1.0,0.0,0.0,0.0,0.0,1.0,0.0,0.0,0.0,0.0,0.0,aabccaba
2009-04-27T00:00:00.000,0.0,0.0,0.0,0.0,0.0,0.0,0.0,0.0,0.0,0.0,2.0,2.0,0.0,0.0,0.0,0.0,0.0,0.0,1.0,0.0,0.0,0.0,0.0,0.0,bbbcbbbb
2009-04-28T00:00:00.000,0.0,0.0,0.0,0.0,0.0,0.0,0.0,0.0,3.0,0.0,0.0,0.0,0.0,0.0,4.0,2.0,3.0,0.0,1.0,1.0,0.0,0.0,0.0,0.0,aabaccba
2009-04-29T00:00:00.000,0.0,0.0,0.0,0.0,0.0,0.0,0.0,4.0,6.0,0.0,4.0,0.0,0.0,0.0,4.0,2.0,3.0,0.0,1.0,1.0,0.0,1.0,0.0,0.0,aacbbbbb
2009-04-30T00:00:00.000,0.0,0.0,0.0,0.0,0.0,0.0,0.0,7.0,4.0,0.0,4.0,0.0,0.0,2.0,0.0,0.0,0.0,0.0,3.0,2.0,1.0,3.0,2.0,0.0,aacbbacb
2009-05-01T00:00:00.000,0.0,0.0,0.0,0.0,0.0,0.0,0.0,3.0,1.0,5.0,5.0,0.0,0.0,2.0,0.0,0.0,0.0,0.0,3.0,2.0,1.0,2.0,3.0,0.0,aabcbacb
2009-05-02T00:00:00.000,0.0,0.0,0.0,0.0,0.0,0.0,0.0,0.0,0.0,5.0,5.0,0.0,7.0,2.0,0.0,0.0,3.0,1.0,7.0,2.0,2.0,0.0,6.0,5.0,aaaccbcc
2009-05-03T00:00:00.000,2.0,0.0,0.0,0.0,0.0,0.0,0.0,0.0,3.0,7.0,0.0,0.0,9.0,5.0,0.0,0.0,3.0,1.0,7.0,2.0,2.0,0.0,5.0,5.0,aabbcbcc
2009-05-04T00:00:00.000,2.0,0.0,0.0,0.0,0.0,0.0,0.0,0.0,3.0,7.0,0.0,0.0,2.0,3.0,0.0,0.0,0.0,0.0,0.0,0.0,0.0,0.0,0.0,0.0,bbbccbbb
2009-05-06T00:00:00.000,0.0,0.0,0.0,0.0,0.0,0.0,0.0,4.0,1.0,0.0,0.0,0.0,0.0,1.0,2.0,0.0,0.0,0.0,0.0,0.0,0.0,0.0,0.0,0.0,bbcbcbbb
2009-05-07T00:00:00.000,0.0,0.0,0.0,0.0,2.0,0.0,4.0,4.0,1.0,0.0,0.0,0.0,0.0,1.0,2.0,0.0,0.0,0.0,0.0,0.0,0.0,0.0,0.0,0.0,abcabaaa
2009-05-08T00:00:00.000,1.0,0.0,0.0,0.0,2.0,1.0,5.0,1.0,2.0,0.0,0.0,0.0,0.0,0.0,0.0,0.0,0.0,0.0,0.0,0.0,0.0,0.0,0.0,0.0,bccaaaaa
2009-05-09T00:00:00.000,1.0,2.0,1.0,1.0,0.0,2.0,3.0,2.0,4.0,2.0,1.0,0.0,0.0,2.0,1.0,0.0,0.0,0.0,0.0,0.0,0.0,0.0,0.0,0.0,bbcbbaaa
2009-05-10T00:00:00.000,0.0,2.0,1.0,1.0,0.0,1.0,2.0,1.0,2.0,2.0,1.0,0.0,0.0,2.0,1.0,0.0,0.0,0.0,0.0,0.0,0.0,0.0,0.0,0.0,bbcbbaaa
2009-05-11T00:00:00.000,1.0,0.0,0.0,0.0,0.0,0.0,0.0,0.0,0.0,0.0,0.0,0.0,0.0,0.0,0.0,0.0,0.0,0.0,0.0,0.0,0.0,0.0,0.0,0.0,bbbbbbbb
2009-05-12T00:00:00.000,1.0,2.0,2.0,0.0,4.0,0.0,0.0,0.0,0.0,0.0,0.0,0.0,0.0,5.0,2.0,0.0,0.0,0.0,0.0,0.0,0.0,0.0,0.0,2.0,cbaacaab
2009-05-13T00:00:00.000,0.0,2.0,5.0,0.0,4.0,0.0,0.0,0.0,0.0,0.0,0.0,0.0,0.0,5.0,8.0,2.0,0.0,0.0,0.0,0.0,0.0,0.0,0.0,4.0,cbaacbab
2009-05-14T00:00:00.000,5.0,1.0,3.0,0.0,0.0,0.0,6.0,0.0,0.0,6.0,1.0,0.0,0.0,0.0,6.0,2.0,0.0,0.0,0.0,0.0,0.0,0.0,0.0,3.0,cabcbbab
2009-05-15T00:00:00.000,5.0,2.0,3.0,1.0,0.0,0.0,6.0,0.0,0.0,6.0,1.0,0.0,0.0,0.0,0.0,0.0,0.0,0.0,0.0,0.0,0.0,0.0,0.0,1.0,cbccaaab
2009-05-16T00:00:00.000,0.0,1.0,3.0,1.0,0.0,0.0,0.0,0.0,0.0,0.0,0.0,0.0,0.0,0.0,0.0,0.0,0.0,0.0,0.0,0.0,0.0,6.0,1.0,0.0,cbbbbbbc
2009-05-17T00:00:00.000,0.0,0.0,0.0,0.0,0.0,0.0,0.0,1.0,0.0,0.0,0.0,0.0,0.0,0.0,1.0,3.0,0.0,0.0,3.0,3.0,0.0,12.0,1.0,0.0,bbbbbbbc
2009-05-18T00:00:00.000,0.0,0.0,0.0,0.0,0.0,0.0,0.0,5.0,3.0,0.0,2.0,0.0,0.0,0.0,1.0,3.0,0.0,0.0,7.0,6.0,0.0,6.0,0.0,0.0,aacbabcb
2009-05-19T00:00:00.000,0.0,0.0,0.0,0.0,0.0,0.0,1.0,6.0,3.0,0.0,6.0,0.0,1.0,0.0,0.0,0.0,0.0,0.0,4.0,3.0,0.0,2.0,3.0,0.0,aacbaacb
2009-05-20T00:00:00.000,0.0,0.0,0.0,0.0,0.0,0.0,1.0,9.0,3.0,0.0,4.0,0.0,1.0,0.0,0.0,0.0,0.0,0.0,2.0,0.0,0.0,7.0,5.0,0.0,aacbbabc
2009-05-21T00:00:00.000,0.0,0.0,0.0,0.0,0.0,0.0,0.0,7.0,3.0,0.0,0.0,1.0,0.0,0.0,0.0,0.0,0.0,0.0,2.0,0.0,0.0,6.0,2.0,0.0,aacbaabc
2009-05-22T00:00:00.000,0.0,0.0,0.0,0.0,0.0,0.0,0.0,2.0,7.0,3.0,2.0,2.0,0.0,0.0,0.0,8.0,0.0,1.0,3.0,4.0,0.0,10.0,3.0,0.0,aabbabbc
2009-05-23T00:00:00.000,0.0,0.0,0.0,0.0,0.0,0.0,0.0,2.0,12.0,6.0,7.0,2.0,0.0,0.0,0.0,14.0,2.0,7.0,6.0,6.0,0.0,15.0,4.0,2.0,aabbacbc
2009-05-24T00:00:00.000,0.0,0.0,0.0,0.0,0.0,0.0,0.0,0.0,8.0,7.0,11.0,9.0,3.0,3.0,0.0,6.0,5.0,12.0,13.0,11.0,1.0,10.0,3.0,2.0,aabcaccb
2009-05-25T00:00:00.000,0.0,0.0,0.0,0.0,0.0,0.0,0.0,2.0,7.0,5.0,6.0,10.0,3.0,5.0,0.0,1.0,5.0,8.0,11.0,13.0,4.0,9.0,3.0,0.0,aabcbbcb
2009-05-26T00:00:00.000,0.0,0.0,0.0,0.0,0.0,0.0,0.0,4.0,5.0,1.0,0.0,2.0,4.0,2.0,0.0,1.0,5.0,6.0,3.0,6.0,3.0,5.0,4.0,0.0,aababccb
2009-05-27T00:00:00.000,0.0,0.0,0.0,0.0,0.0,0.0,0.0,3.0,5.0,1.0,1.0,0.0,8.0,4.0,1.0,0.0,3.0,4.0,5.0,7.0,0.0,2.0,10.0,0.0,aabacbcc
2009-05-28T00:00:00.000,0.0,0.0,0.0,0.0,0.0,0.0,0.0,4.0,5.0,1.0,1.0,3.0,4.0,4.0,1.0,0.0,0.0,0.0,3.0,7.0,7.0,3.0,8.0,3.0,aabbbacc
2009-05-29T00:00:00.000,0.0,0.0,0.0,0.0,0.0,0.0,0.0,3.0,6.0,3.0,6.0,6.0,4.0,3.0,0.0,0.0,0.0,3.0,4.0,5.0,8.0,1.0,8.0,5.0,aabcbacc
2009-05-30T00:00:00.000,4.0,0.0,0.0,0.0,0.0,0.0,0.0,0.0,7.0,6.0,12.0,4.0,10.0,6.0,3.0,5.0,5.0,7.0,6.0,5.0,3.0,1.0,7.0,2.0,aaacccbb
2009-05-31T00:00:00.000,4.0,0.0,0.0,0.0,0.0,0.0,0.0,0.0,2.0,3.0,6.0,1.0,11.0,6.0,3.0,6.0,5.0,4.0,7.0,5.0,3.0,8.0,0.0,0.0,aaabcccb
2009-06-01T00:00:00.000,0.0,0.0,0.0,0.0,0.0,0.0,0.0,0.0,3.0,1.0,3.0,1.0,5.0,5.0,0.0,1.0,0.0,0.0,7.0,6.0,3.0,7.0,8.0,2.0,aabbbacc
2009-06-02T00:00:00.000,0.0,0.0,0.0,0.0,0.0,0.0,0.0,2.0,3.0,1.0,3.0,1.0,0.0,2.0,0.0,0.0,0.0,0.0,2.0,7.0,6.0,1.0,9.0,5.0,aabbbacc
2009-06-03T00:00:00.000,1.0,0.0,0.0,0.0,0.0,0.0,0.0,2.0,4.0,0.0,0.0,0.0,0.0,3.0,1.0,0.0,0.0,0.0,3.0,6.0,6.0,1.0,1.0,3.0,aababacb
2009-06-04T00:00:00.000,1.0,0.0,0.0,0.0,0.0,0.0,0.0,2.0,10.0,0.0,0.0,0.0,0.0,3.0,1.0,3.0,0.0,0.0,7.0,5.0,2.0,0.0,0.0,0.0,bacabbca
2009-06-05T00:00:00.000,0.0,0.0,0.0,0.0,0.0,0.0,0.0,7.0,10.0,0.0,0.0,0.0,1.0,1.0,1.0,3.0,4.0,6.0,10.0,12.0,1.0,4.0,2.0,3.0,aacaaccb
2009-06-06T00:00:00.000,1.0,0.0,0.0,0.0,0.0,0.0,0.0,5.0,9.0,1.0,1.0,1.0,2.0,3.0,3.0,0.0,4.0,7.0,9.0,9.0,1.0,6.0,3.0,3.0,aacabbcb
2009-06-07T00:00:00.000,1.0,0.0,0.0,0.0,0.0,0.0,0.0,1.0,7.0,4.0,3.0,1.0,1.0,2.0,2.0,3.0,0.0,1.0,6.0,2.0,3.0,3.0,6.0,3.0,aabbbbcc
2009-06-08T00:00:00.000,0.0,0.0,0.0,0.0,0.0,0.0,0.0,4.0,5.0,7.0,2.0,0.0,0.0,1.0,0.0,3.0,0.0,0.0,4.0,2.0,3.0,2.0,8.0,3.0,aaccabcc
2009-06-09T00:00:00.000,0.0,0.0,0.0,0.0,0.0,0.0,0.0,4.0,6.0,4.0,0.0,0.0,0.0,1.0,0.0,0.0,2.0,4.0,2.0,4.0,3.0,1.0,11.0,0.0,aacbabcc
2009-06-10T00:00:00.000,0.0,0.0,0.0,0.0,0.0,0.0,0.0,5.0,4.0,1.0,0.0,1.0,0.0,1.0,6.0,4.0,2.0,4.0,4.0,5.0,3.0,3.0,17.0,0.0,aababbbc
2009-06-11T00:00:00.000,0.0,0.0,0.0,0.0,0.0,0.0,0.0,8.0,4.0,2.0,0.0,1.0,0.0,1.0,8.0,7.0,1.0,3.0,3.0,4.0,2.0,3.0,13.0,0.0,aacabbbc
2009-06-12T00:00:00.000,0.0,0.0,0.0,0.0,0.0,0.0,0.0,4.0,5.0,4.0,1.0,3.0,2.0,2.0,2.0,8.0,6.0,4.0,2.0,6.0,7.0,5.0,6.0,1.0,aabbbccc
2009-06-13T00:00:00.000,0.0,0.0,0.0,0.0,0.0,0.0,0.0,0.0,5.0,5.0,2.0,4.0,6.0,5.0,1.0,5.0,10.0,2.0,7.0,14.0,9.0,9.0,9.0,1.0,aaabbbcc
2009-06-14T00:00:00.000,0.0,0.0,0.0,0.0,0.0,0.0,0.0,0.0,5.0,5.0,1.0,4.0,4.0,4.0,3.0,4.0,6.0,3.0,6.0,14.0,7.0,6.0,8.0,0.0,aaabbbcb
2009-06-15T00:00:00.000,0.0,0.0,0.0,0.0,0.0,0.0,1.0,1.0,4.0,4.0,0.0,6.0,0.0,2.0,2.0,4.0,1.0,2.0,5.0,3.0,4.0,4.0,2.0,0.0,aabcbbcb
2009-06-16T00:00:00.000,0.0,0.0,0.0,0.0,0.0,0.0,1.0,4.0,5.0,2.0,0.0,3.0,0.0,1.0,0.0,0.0,0.0,0.0,4.0,0.0,2.0,7.0,8.0,0.0,aacbaabc
2009-06-17T00:00:00.000,0.0,0.0,0.0,0.0,0.0,2.0,0.0,3.0,3.0,1.0,0.0,3.0,2.0,2.0,2.0,2.0,5.0,4.0,1.0,1.0,3.0,8.0,7.0,0.0,aabbbcbc
2009-06-18T00:00:00.000,0.0,0.0,0.0,0.0,0.0,2.0,1.0,4.0,4.0,0.0,0.0,4.0,2.0,2.0,2.0,2.0,5.0,4.0,1.0,4.0,4.0,7.0,4.0,0.0,aabbbcbc
2009-06-19T00:00:00.000,0.0,0.0,0.0,0.0,0.0,0.0,1.0,4.0,6.0,6.0,4.0,1.0,0.0,1.0,0.0,1.0,2.0,1.0,0.0,6.0,4.0,6.0,10.0,0.0,aaccabbc
2009-06-20T00:00:00.000,1.0,0.0,0.0,0.0,0.0,0.0,0.0,0.0,6.0,7.0,8.0,8.0,2.0,2.0,0.0,1.0,4.0,1.0,1.0,3.0,5.0,4.0,10.0,0.0,aabcbbbc
2009-06-21T00:00:00.000,1.0,0.0,0.0,0.0,0.0,0.0,0.0,2.0,9.0,3.0,6.0,9.0,2.0,1.0,5.0,3.0,5.0,1.0,1.0,4.0,4.0,5.0,8.0,0.0,aabcbbbc
2009-06-22T00:00:00.000,0.0,0.0,0.0,0.0,0.0,0.0,0.0,3.0,8.0,2.0,2.0,1.0,0.0,0.0,5.0,3.0,3.0,1.0,0.0,12.0,4.0,3.0,4.0,0.0,aacbbbcb
2009-06-23T00:00:00.000,0.0,0.0,0.0,0.0,0.0,0.0,0.0,1.0,3.0,2.0,0.0,0.0,0.0,0.0,0.0,0.0,0.0,0.0,4.0,9.0,3.0,2.0,3.0,0.0,aabbaacb
2009-06-24T00:00:00.000,0.0,0.0,0.0,0.0,0.0,0.0,0.0,1.0,3.0,4.0,0.0,0.0,0.0,0.0,3.0,0.0,0.0,0.0,4.0,1.0,0.0,4.0,6.0,0.0,aabbbabc
2009-06-25T00:00:00.000,0.0,0.0,0.0,0.0,0.0,0.0,1.0,2.0,8.0,2.0,0.0,0.0,0.0,0.0,3.0,0.0,0.0,2.0,1.0,0.0,0.0,2.0,3.0,0.0,aacbbbbb
2009-06-26T00:00:00.000,0.0,0.0,0.0,0.0,0.0,0.0,1.0,1.0,5.0,4.0,3.0,0.0,4.0,1.0,2.0,0.0,0.0,2.0,1.0,3.0,2.0,0.0,5.0,0.0,aacccabb
2009-06-27T00:00:00.000,0.0,0.0,0.0,0.0,0.0,0.0,0.0,2.0,4.0,5.0,6.0,1.0,5.0,2.0,3.0,0.0,0.0,0.0,0.0,4.0,3.0,2.0,12.0,0.0,aabccabc
2009-06-28T00:00:00.000,0.0,0.0,0.0,0.0,0.0,0.0,0.0,6.0,4.0,1.0,4.0,5.0,2.0,1.0,3.0,4.0,0.0,3.0,4.0,3.0,1.0,3.0,7.0,4.0,aaccbbbc
2009-06-29T00:00:00.000,0.0,0.0,0.0,0.0,0.0,0.0,0.0,7.0,4.0,0.0,3.0,5.0,1.0,1.0,2.0,4.0,0.0,3.0,7.0,6.0,2.0,3.0,0.0,4.0,aacbbbcb
2009-06-30T00:00:00.000,0.0,0.0,0.0,0.0,0.0,0.0,0.0,5.0,4.0,0.0,2.0,1.0,1.0,1.0,0.0,0.0,0.0,0.0,3.0,4.0,5.0,7.0,4.0,0.0,aacbbacc
2009-07-01T00:00:00.000,0.0,0.0,0.0,0.0,0.0,0.0,0.0,4.0,9.0,0.0,0.0,0.0,1.0,0.0,0.0,1.0,0.0,0.0,5.0,4.0,13.0,9.0,6.0,2.0,aacaaacc
2009-07-02T00:00:00.000,0.0,0.0,0.0,0.0,0.0,0.0,0.0,2.0,9.0,0.0,2.0,3.0,8.0,0.0,5.0,2.0,0.0,1.0,8.0,7.0,10.0,6.0,7.0,4.0,aabbbacc
2009-07-03T00:00:00.000,0.0,0.0,0.0,0.0,0.0,0.0,0.0,0.0,0.0,0.0,3.0,5.0,10.0,0.0,5.0,1.0,0.0,2.0,5.0,5.0,5.0,3.0,5.0,2.0,aaabcbcc
2009-07-04T00:00:00.000,0.0,0.0,0.0,0.0,0.0,0.0,0.0,0.0,1.0,3.0,7.0,4.0,5.0,1.0,1.0,6.0,4.0,1.0,3.0,4.0,13.0,4.0,8.0,1.0,aaacbbcc
2009-07-05T00:00:00.000,0.0,0.0,0.0,0.0,0.0,0.0,0.0,0.0,5.0,5.0,12.0,2.0,4.0,2.0,3.0,8.0,4.0,2.0,9.0,4.0,8.0,3.0,9.0,1.0,aaacbbcb
2009-07-06T00:00:00.000,0.0,0.0,0.0,0.0,0.0,0.0,0.0,3.0,8.0,2.0,6.0,0.0,1.0,1.0,2.0,6.0,0.0,2.0,8.0,6.0,1.0,1.0,6.0,1.0,aacbbbcb
2009-07-07T00:00:00.000,0.0,0.0,0.0,0.0,0.0,0.0,1.0,6.0,6.0,0.0,1.0,0.0,0.0,0.0,0.0,4.0,0.0,0.0,0.0,4.0,1.0,2.0,10.0,2.0,aacaabbc
2009-07-08T00:00:00.000,0.0,0.0,0.0,0.0,0.0,0.0,1.0,8.0,13.0,1.0,1.0,0.0,0.0,0.0,0.0,0.0,0.0,0.0,4.0,4.0,0.0,3.0,8.0,1.0,aacbaabc
2009-07-09T00:00:00.000,0.0,0.0,0.0,0.0,0.0,0.0,0.0,8.0,14.0,1.0,0.0,0.0,0.0,0.0,0.0,0.0,0.0,1.0,12.0,8.0,3.0,2.0,3.0,0.0,aacaaacb
2009-07-10T00:00:00.000,0.0,0.0,0.0,0.0,0.0,0.0,0.0,3.0,3.0,0.0,0.0,0.0,1.0,1.0,3.0,0.0,0.0,3.0,10.0,4.0,4.0,1.0,0.0,2.0,aababbcb
2009-07-11T00:00:00.000,0.0,0.0,0.0,0.0,0.0,0.0,0.0,0.0,0.0,0.0,0.0,0.0,1.0,1.0,3.0,0.0,0.0,2.0,2.0,5.0,7.0,5.0,3.0,2.0,aaaabbcc
2009-07-12T00:00:00.000,0.0,0.0,0.0,0.0,0.0,0.0,0.0,0.0,0.0,0.0,0.0,0.0,0.0,0.0,0.0,0.0,0.0,0.0,1.0,11.0,6.0,5.0,4.0,0.0,bbbbbbcc
2009-07-13T00:00:00.000,0.0,0.0,0.0,0.0,0.0,0.0,0.0,4.0,8.0,0.0,0.0,0.0,0.0,0.0,3.0,0.0,1.0,0.0,1.0,6.0,4.0,4.0,3.0,0.0,aacabacb
2009-07-14T00:00:00.000,0.0,0.0,0.0,0.0,0.0,0.0,1.0,5.0,8.0,2.0,0.0,0.0,0.0,0.0,3.0,0.0,1.0,0.0,1.0,1.0,4.0,3.0,2.0,0.0,aacbbabb
2009-07-15T00:00:00.000,0.0,0.0,0.0,0.0,0.0,0.0,1.0,2.0,7.0,2.0,0.0,0.0,0.0,1.0,4.0,0.0,0.0,0.0,5.0,4.0,1.0,4.0,2.0,0.0,aacbbacb
2009-07-16T00:00:00.000,0.0,0.0,0.0,0.0,0.0,0.0,0.0,4.0,8.0,0.0,0.0,0.0,0.0,1.0,4.0,0.0,0.0,0.0,4.0,5.0,1.0,4.0,4.0,0.0,aacabacc
2009-07-17T00:00:00.000,0.0,0.0,0.0,0.0,0.0,0.0,0.0,3.0,3.0,5.0,5.0,10.0,1.0,1.0,1.0,1.0,7.0,0.0,1.0,3.0,1.0,1.0,2.0,1.0,aabcbbbb
2009-07-18T00:00:00.000,1.0,0.0,0.0,0.0,0.0,0.0,0.0,0.0,2.0,6.0,6.0,12.0,1.0,1.0,4.0,1.0,7.0,1.0,1.0,1.0,1.0,5.0,2.0,6.0,aaacbbac
2009-07-19T00:00:00.000,1.0,0.0,0.0,0.0,0.0,0.0,0.0,0.0,0.0,1.0,3.0,2.0,0.0,0.0,3.0,0.0,2.0,2.0,5.0,3.0,3.0,8.0,2.0,5.0,aaabbbcc
2009-07-20T00:00:00.000,0.0,0.0,0.0,0.0,0.0,0.0,2.0,4.0,2.0,1.0,2.0,5.0,0.0,0.0,2.0,0.0,2.0,1.0,8.0,3.0,3.0,4.0,2.0,0.0,aaccabcb
2009-07-21T00:00:00.000,0.0,0.0,0.0,0.0,0.0,0.0,2.0,4.0,2.0,4.0,0.0,7.0,0.0,0.0,2.0,0.0,0.0,2.0,3.0,0.0,0.0,0.0,2.0,4.0,aaccbbbb
2009-07-22T00:00:00.000,0.0,0.0,0.0,0.0,0.0,0.0,0.0,0.0,0.0,3.0,0.0,5.0,1.0,1.0,2.0,0.0,0.0,4.0,0.0,0.0,0.0,0.0,2.0,4.0,aaacbbac
2009-07-23T00:00:00.000,0.0,0.0,0.0,0.0,0.0,0.0,0.0,0.0,0.0,0.0,0.0,5.0,5.0,5.0,4.0,0.0,0.0,2.0,0.0,6.0,1.0,1.0,2.0,0.0,aaabcbcb
2009-07-24T00:00:00.000,0.0,0.0,0.0,0.0,0.0,0.0,0.0,0.0,4.0,2.0,0.0,2.0,4.0,4.0,2.0,0.0,0.0,0.0,0.0,7.0,4.0,4.0,5.0,3.0,aabbcacc
2009-07-25T00:00:00.000,0.0,0.0,0.0,0.0,0.0,0.0,0.0,0.0,5.0,3.0,1.0,0.0,0.0,0.0,0.0,0.0,0.0,0.0,0.0,6.0,7.0,4.0,6.0,3.0,aabbaacc
2009-07-26T00:00:00.000,0.0,0.0,0.0,0.0,0.0,0.0,0.0,1.0,5.0,3.0,6.0,0.0,1.0,0.0,1.0,0.0,0.0,0.0,1.0,6.0,4.0,6.0,4.0,0.0,aabcbacc
2009-07-27T00:00:00.000,0.0,0.0,0.0,0.0,0.0,0.0,0.0,2.0,6.0,2.0,6.0,0.0,1.0,0.0,1.0,0.0,0.0,0.0,1.0,1.0,0.0,10.0,5.0,0.0,aaccbabc
2009-07-28T00:00:00.000,0.0,0.0,0.0,0.0,0.0,0.0,0.0,8.0,7.0,0.0,1.0,0.0,0.0,0.0,0.0,0.0,0.0,0.0,0.0,1.0,1.0,6.0,2.0,0.0,aacbaabc
2009-07-29T00:00:00.000,0.0,0.0,0.0,0.0,0.0,0.0,0.0,7.0,11.0,0.0,0.0,1.0,2.0,1.0,3.0,0.0,0.0,0.0,0.0,1.0,2.0,4.0,0.0,0.0,aacbbabb
2009-07-30T00:00:00.000,0.0,0.0,0.0,0.0,0.0,0.0,0.0,0.0,9.0,0.0,0.0,6.0,2.0,1.0,3.0,5.0,0.0,0.0,5.0,1.0,1.0,5.0,3.0,0.0,aacbbbbb
2009-07-31T00:00:00.000,0.0,0.0,0.0,0.0,0.0,0.0,0.0,0.0,6.0,0.0,1.0,6.0,0.0,0.0,0.0,6.0,0.0,2.0,9.0,2.0,0.0,2.0,3.0,0.0,aabbaccb
2009-08-01T00:00:00.000,0.0,2.0,0.0,0.0,0.0,0.0,0.0,0.0,3.0,1.0,2.0,2.0,0.0,0.0,0.0,3.0,0.0,4.0,4.0,1.0,3.0,3.0,2.0,0.0,babbaccb
2009-08-02T00:00:00.000,0.0,2.0,0.0,0.0,0.0,0.0,0.0,0.0,5.0,5.0,5.0,2.0,0.0,0.0,1.0,8.0,0.0,3.0,0.0,1.0,6.0,4.0,3.0,0.0,aabcacbb
2009-08-03T00:00:00.000,0.0,0.0,0.0,0.0,0.0,0.0,0.0,2.0,6.0,5.0,4.0,2.0,0.0,0.0,1.0,6.0,0.0,1.0,2.0,3.0,3.0,1.0,2.0,0.0,aaccabcb
2009-08-04T00:00:00.000,0.0,0.0,0.0,0.0,0.0,0.0,0.0,2.0,4.0,1.0,2.0,1.0,0.0,3.0,3.0,0.0,0.0,0.0,3.0,6.0,1.0,0.0,1.0,1.0,aacbcacb
2009-08-05T00:00:00.000,0.0,0.0,0.0,0.0,0.0,0.0,0.0,0.0,4.0,0.0,8.0,1.0,0.0,3.0,3.0,0.0,0.0,0.0,1.0,4.0,1.0,2.0,5.0,6.0,aabcbabc
2009-08-06T00:00:00.000,0.0,0.0,0.0,0.0,0.0,0.0,0.0,0.0,3.0,2.0,10.0,1.0,0.0,0.0,0.0,0.0,2.0,4.0,2.0,2.0,9.0,4.0,6.0,5.0,aabcabcc
2009-08-07T00:00:00.000,0.0,0.0,0.0,0.0,0.0,0.0,0.0,0.0,4.0,5.0,8.0,2.0,1.0,2.0,0.0,4.0,2.0,4.0,2.0,4.0,10.0,4.0,4.0,0.0,aabcabcb
2009-08-08T00:00:00.000,0.0,0.0,0.0,0.0,0.0,0.0,0.0,1.0,8.0,5.0,8.0,2.0,4.0,2.0,5.0,10.0,0.0,2.0,0.0,4.0,1.0,6.0,3.0,0.0,aabcbcbb
2009-08-09T00:00:00.000,0.0,0.0,0.0,0.0,0.0,0.0,0.0,7.0,7.0,4.0,8.0,2.0,3.0,0.0,11.0,6.0,0.0,2.0,4.0,7.0,1.0,4.0,2.0,0.0,aacccbbb
2009-08-10T00:00:00.000,0.0,0.0,0.0,0.0,0.0,0.0,0.0,6.0,6.0,2.0,4.0,4.0,0.0,5.0,6.0,0.0,0.0,2.0,6.0,5.0,1.0,1.0,5.0,0.0,aacccacb
2009-08-11T00:00:00.000,0.0,0.0,0.0,0.0,0.0,0.0,0.0,0.0,12.0,0.0,0.0,2.0,0.0,5.0,0.0,2.0,0.0,2.0,2.0,0.0,0.0,1.0,3.0,0.0,aacbbbbb
2009-08-12T00:00:00.000,0.0,0.0,0.0,0.0,0.0,0.0,0.0,0.0,8.0,0.0,2.0,5.0,1.0,3.0,5.0,7.0,1.0,0.0,3.0,1.0,0.0,0.0,1.0,0.0,aacbccba
2009-08-13T00:00:00.000,0.0,0.0,0.0,0.0,0.0,0.0,0.0,6.0,4.0,0.0,2.0,8.0,4.0,3.0,5.0,8.0,1.0,2.0,3.0,1.0,1.0,2.0,2.0,1.0,aaccccbb
2009-08-14T00:00:00.000,0.0,0.0,0.0,0.0,0.0,0.0,0.0,6.0,3.0,1.0,0.0,6.0,4.0,0.0,0.0,5.0,0.0,6.0,0.0,0.0,2.0,3.0,1.0,2.0,aacbbcab
2009-08-15T00:00:00.000,0.0,0.0,0.0,0.0,0.0,0.0,0.0,0.0,1.0,1.0,5.0,3.0,1.0,1.0,0.0,5.0,4.0,4.0,3.0,6.0,1.0,2.0,3.0,3.0,aaacaccc
2009-08-16T00:00:00.000,0.0,0.0,0.0,0.0,0.0,0.0,0.0,2.0,8.0,0.0,5.0,0.0,0.0,1.0,0.0,4.0,5.0,4.0,5.0,12.0,1.0,1.0,3.0,2.0,aabbaccb
2009-08-17T00:00:00.000,0.0,0.0,0.0,0.0,0.0,0.0,0.0,5.0,12.0,0.0,0.0,0.0,4.0,0.0,0.0,1.0,1.0,4.0,8.0,10.0,2.0,0.0,1.0,0.0,aacabbca
2009-08-18T00:00:00.000,0.0,0.0,0.0,0.0,0.0,0.0,0.0,7.0,10.0,0.0,5.0,5.0,4.0,1.0,0.0,0.0,0.0,0.0,9.0,5.0,2.0,6.0,2.0,0.0,aacbbacb
2009-08-19T00:00:00.000,0.0,0.0,0.0,0.0,0.0,0.0,0.0,4.0,11.0,1.0,9.0,5.0,0.0,1.0,0.0,0.0,0.0,0.0,5.0,4.0,5.0,8.0,1.0,2.0,aaccaacb
2009-08-20T00:00:00.000,0.0,0.0,0.0,0.0,0.0,0.0,0.0,0.0,9.0,1.0,4.0,0.0,0.0,0.0,0.0,0.0,0.0,0.0,2.0,3.0,4.0,2.0,0.0,2.0,aacbaacb
2009-08-21T00:00:00.000,0.0,0.0,0.0,0.0,0.0,0.0,0.0,0.0,3.0,0.0,0.0,3.0,6.0,0.0,0.0,0.0,0.0,0.0,0.0,1.0,0.0,0.0,0.0,0.0,bbbbcbbb
2009-08-22T00:00:00.000,0.0,0.0,0.0,0.0,0.0,0.0,0.0,0.0,0.0,0.0,3.0,7.0,6.0,0.0,0.0,0.0,0.0,0.0,0.0,3.0,0.0,0.0,0.0,0.0,bbbccbbb
2009-08-23T00:00:00.000,0.0,0.0,0.0,0.0,0.0,0.0,0.0,0.0,0.0,1.0,5.0,10.0,0.0,0.0,0.0,2.0,0.0,0.0,0.0,4.0,5.0,1.0,2.0,0.0,aaacabcb
2009-08-24T00:00:00.000,0.0,0.0,0.0,0.0,0.0,0.0,0.0,2.0,3.0,1.0,4.0,6.0,0.0,1.0,1.0,2.0,0.0,0.0,2.0,4.0,5.0,2.0,9.0,0.0,aabcaacc
2009-08-25T00:00:00.000,0.0,0.0,0.0,0.0,0.0,0.0,0.0,3.0,10.0,1.0,3.0,0.0,0.0,1.0,3.0,1.0,1.0,0.0,2.0,3.0,3.0,7.0,7.0,0.0,aacbbabc
2009-08-26T00:00:00.000,0.0,0.0,0.0,0.0,0.0,0.0,0.0,2.0,9.0,1.0,4.0,3.0,0.0,0.0,3.0,1.0,1.0,0.0,0.0,1.0,3.0,7.0,3.0,0.0,aaccbbbc
2009-08-27T00:00:00.000,0.0,0.0,0.0,0.0,0.0,0.0,0.0,1.0,7.0,0.0,3.0,3.0,0.0,2.0,1.0,0.0,0.0,0.0,0.0,2.0,0.0,3.0,3.0,0.0,aaccbabc
2009-08-28T00:00:00.000,0.0,0.0,0.0,0.0,0.0,0.0,0.0,0.0,7.0,0.0,2.0,0.0,0.0,3.0,0.0,2.0,2.0,4.0,5.0,9.0,1.0,6.0,1.0,6.0,aababbcc
2009-08-29T00:00:00.000,0.0,0.0,0.0,0.0,0.0,0.0,0.0,0.0,4.0,1.0,2.0,3.0,1.0,1.0,0.0,2.0,2.0,7.0,7.0,11.0,2.0,8.0,4.0,6.0,aabbabcc
2009-08-30T00:00:00.000,0.0,0.0,0.0,0.0,0.0,0.0,0.0,1.0,6.0,3.0,0.0,5.0,2.0,0.0,0.0,0.0,0.0,3.0,2.0,6.0,2.0,6.0,3.0,0.0,aabcabcc
2009-08-31T00:00:00.000,0.0,0.0,0.0,0.0,0.0,0.0,0.0,1.0,4.0,2.0,2.0,4.0,1.0,1.0,1.0,1.0,3.0,0.0,1.0,5.0,5.0,7.0,1.0,0.0,aabcbbcc
2009-09-01T00:00:00.000,0.0,0.0,0.0,0.0,0.0,0.0,0.0,1.0,0.0,0.0,2.0,2.0,0.0,1.0,1.0,1.0,3.0,0.0,1.0,3.0,4.0,5.0,1.0,0.0,aaabbbcc
2009-09-02T00:00:00.000,0.0,0.0,0.0,0.0,0.0,0.0,0.0,1.0,0.0,0.0,1.0,3.0,0.0,0.0,0.0,1.0,0.0,3.0,3.0,3.0,0.0,1.0,1.0,0.0,aabcaccb
2009-09-03T00:00:00.000,0.0,0.0,0.0,0.0,0.0,0.0,0.0,2.0,1.0,0.0,4.0,7.0,0.0,4.0,2.0,1.0,0.0,4.0,4.0,3.0,2.0,2.0,5.0,0.0,aabcbbcb
2009-09-04T00:00:00.000,0.0,0.0,0.0,0.0,0.0,0.0,0.0,2.0,5.0,2.0,6.0,6.0,0.0,4.0,2.0,0.0,2.0,8.0,4.0,1.0,4.0,3.0,4.0,0.0,aabcbcbb
2009-09-05T00:00:00.000,0.0,0.0,0.0,0.0,0.0,0.0,0.0,1.0,6.0,3.0,5.0,2.0,0.0,0.0,4.0,2.0,6.0,7.0,6.0,2.0,3.0,2.0,0.0,2.0,aabcbccb
2009-09-06T00:00:00.000,0.0,0.0,0.0,0.0,0.0,0.0,0.0,1.0,5.0,5.0,2.0,0.0,0.0,1.0,4.0,2.0,4.0,1.0,3.0,1.0,2.0,1.0,0.0,2.0,aabcbcbb
2009-09-07T00:00:00.000,0.0,0.0,0.0,0.0,0.0,0.0,0.0,1.0,5.0,5.0,0.0,0.0,0.0,1.0,0.0,0.0,0.0,1.0,0.0,1.0,4.0,1.0,3.0,0.0,aaccbbcb
2009-09-08T00:00:00.000,0.0,0.0,0.0,0.0,0.0,0.0,0.0,6.0,4.0,1.0,0.0,0.0,0.0,0.0,0.0,0.0,0.0,0.0,0.0,1.0,3.0,4.0,10.0,0.0,aacbaabc
2009-09-09T00:00:00.000,0.0,0.0,0.0,0.0,0.0,0.0,0.0,6.0,13.0,4.0,0.0,1.0,6.0,0.0,0.0,0.0,0.0,2.0,0.0,3.0,3.0,6.0,7.0,0.0,aacbbabc
2009-09-10T00:00:00.000,0.0,0.0,0.0,0.0,0.0,0.0,0.0,4.0,12.0,4.0,0.0,1.0,6.0,0.0,0.0,0.0,0.0,5.0,0.0,3.0,5.0,4.0,3.0,1.0,aacbbbbb
2009-09-11T00:00:00.000,0.0,0.0,0.0,0.0,0.0,0.0,0.0,3.0,5.0,4.0,2.0,2.0,0.0,0.0,0.0,0.0,0.0,5.0,2.0,5.0,3.0,3.0,4.0,1.0,aaccabcc
2009-09-12T00:00:00.000,0.0,0.0,0.0,0.0,0.0,0.0,0.0,0.0,7.0,7.0,9.0,2.0,0.0,0.0,0.0,0.0,0.0,7.0,7.0,5.0,4.0,2.0,1.0,0.0,aabcabcb
2009-09-13T00:00:00.000,0.0,0.0,0.0,0.0,0.0,0.0,0.0,5.0,3.0,3.0,8.0,3.0,0.0,0.0,5.0,0.0,0.0,5.0,5.0,1.0,4.0,5.0,2.0,0.0,aabcbbcb
2009-09-14T00:00:00.000,0.0,0.0,0.0,0.0,0.0,0.0,0.0,5.0,0.0,0.0,1.0,3.0,0.0,0.0,5.0,0.0,0.0,0.0,2.0,2.0,2.0,7.0,4.0,2.0,aabbbabc
2009-09-15T00:00:00.000,0.0,0.0,0.0,0.0,0.0,0.0,0.0,0.0,0.0,0.0,0.0,0.0,0.0,0.0,0.0,0.0,0.0,0.0,5.0,5.0,4.0,7.0,6.0,7.0,aaaaaacc
2009-09-16T00:00:00.000,0.0,0.0,0.0,0.0,0.0,0.0,0.0,0.0,3.0,2.0,0.0,0.0,0.0,0.0,0.0,0.0,0.0,0.0,3.0,4.0,8.0,7.0,8.0,8.0,aabbaacc
2009-09-17T00:00:00.000,0.0,0.0,0.0,0.0,0.0,0.0,0.0,1.0,6.0,7.0,4.0,0.0,0.0,0.0,0.0,0.0,0.0,0.0,0.0,3.0,7.0,4.0,4.0,3.0,aabcaacc
2009-09-18T00:00:00.000,0.0,0.0,0.0,0.0,0.0,0.0,0.0,1.0,5.0,7.0,8.0,3.0,0.0,0.0,0.0,0.0,0.0,0.0,0.0,3.0,2.0,1.0,0.0,0.0,aabcaabb
2009-09-19T00:00:00.000,0.0,0.0,0.0,0.0,0.0,0.0,0.0,0.0,2.0,5.0,4.0,3.0,0.0,0.0,0.0,1.0,3.0,2.0,5.0,5.0,1.0,2.0,2.0,0.0,aaacabcb
2009-09-20T00:00:00.000,0.0,0.0,0.0,0.0,0.0,0.0,0.0,6.0,1.0,8.0,7.0,2.0,0.0,0.0,0.0,2.0,3.0,2.0,7.0,10.0,5.0,7.0,4.0,0.0,aabcabcb
2009-09-21T00:00:00.000,0.0,0.0,0.0,0.0,0.0,0.0,0.0,7.0,3.0,5.0,7.0,2.0,0.0,0.0,0.0,1.0,0.0,0.0,2.0,6.0,8.0,9.0,9.0,3.0,aabcaacc
2009-09-22T00:00:00.000,0.0,0.0,0.0,0.0,0.0,0.0,0.0,3.0,4.0,0.0,0.0,0.0,0.0,1.0,0.0,1.0,0.0,0.0,3.0,4.0,5.0,5.0,8.0,3.0,aabaaacc
2009-09-23T00:00:00.000,0.0,0.0,0.0,0.0,0.0,0.0,0.0,2.0,4.0,0.0,0.0,0.0,0.0,1.0,0.0,1.0,0.0,0.0,6.0,3.0,1.0,2.0,2.0,0.0,aacabbcb
2009-09-24T00:00:00.000,0.0,0.0,0.0,0.0,0.0,0.0,0.0,3.0,6.0,0.0,4.0,0.0,0.0,0.0,0.0,0.0,0.0,0.0,3.0,3.0,2.0,1.0,1.0,0.0,aacbaacb
2009-09-25T00:00:00.000,0.0,0.0,0.0,0.0,0.0,0.0,0.0,3.0,4.0,0.0,10.0,2.0,0.0,0.0,0.0,0.0,2.0,6.0,3.0,7.0,3.0,0.0,1.0,1.0,aabcabcb
2009-09-26T00:00:00.000,1.0,1.0,0.0,0.0,0.0,0.0,0.0,0.0,0.0,6.0,8.0,3.0,2.0,3.0,0.0,0.0,5.0,10.0,3.0,8.0,4.0,2.0,3.0,1.0,aaacbccb
2009-09-27T00:00:00.000,1.0,1.0,0.0,0.0,0.0,0.0,0.0,4.0,4.0,7.0,6.0,1.0,2.0,3.0,0.0,0.0,3.0,10.0,1.0,10.0,8.0,3.0,2.0,0.0,aabcbccb
2009-09-28T00:00:00.000,0.0,0.0,0.0,0.0,0.0,0.0,0.0,8.0,6.0,1.0,4.0,0.0,0.0,1.0,0.0,0.0,1.0,6.0,3.0,7.0,7.0,3.0,4.0,0.0,aacbabcb
2009-09-29T00:00:00.000,0.0,0.0,0.0,0.0,0.0,0.0,0.0,5.0,4.0,0.0,0.0,0.0,0.0,1.0,1.0,1.0,1.0,0.0,6.0,5.0,3.0,2.0,4.0,0.0,aacabbcb
2009-09-30T00:00:00.000,0.0,0.0,0.0,0.0,0.0,0.0,0.0,1.0,2.0,0.0,0.0,0.0,0.0,2.0,5.0,1.0,0.0,0.0,4.0,4.0,2.0,1.0,0.0,0.0,aabacbcb
2009-10-01T00:00:00.000,0.0,0.0,0.0,0.0,0.0,0.0,0.0,4.0,2.0,1.0,0.0,2.0,0.0,2.0,4.0,0.0,0.0,2.0,4.0,1.0,3.0,5.0,2.0,0.0,aabbbbcc
2009-10-02T00:00:00.000,0.0,0.0,0.0,0.0,0.0,0.0,0.0,4.0,4.0,3.0,1.0,9.0,0.0,0.0,0.0,4.0,2.0,2.0,8.0,11.0,5.0,5.0,8.0,0.0,aabcabcc
2009-10-03T00:00:00.000,0.0,0.0,0.0,0.0,0.0,0.0,0.0,0.0,2.0,4.0,3.0,8.0,0.0,2.0,2.0,4.0,10.0,2.0,5.0,14.0,4.0,5.0,9.0,2.0,aaacaccc
2009-10-04T00:00:00.000,0.0,0.0,0.0,0.0,0.0,0.0,0.0,0.0,1.0,3.0,4.0,4.0,0.0,4.0,2.0,5.0,10.0,3.0,1.0,4.0,1.0,7.0,9.0,2.0,aaabbcbc
2009-10-05T00:00:00.000,0.0,0.0,0.0,0.0,0.0,0.0,0.0,1.0,1.0,1.0,4.0,3.0,0.0,2.0,0.0,7.0,3.0,2.0,1.0,4.0,4.0,10.0,14.0,0.0,aaabacbc
2009-10-06T00:00:00.000,0.0,0.0,0.0,0.0,0.0,0.0,0.0,2.0,5.0,1.0,2.0,0.0,0.0,0.0,0.0,2.0,1.0,1.0,5.0,7.0,5.0,11.0,8.0,0.0,aabbabcc
2009-10-07T00:00:00.000,0.0,0.0,0.0,0.0,0.0,0.0,0.0,3.0,10.0,1.0,0.0,0.0,0.0,0.0,0.0,0.0,0.0,0.0,5.0,3.0,4.0,10.0,1.0,0.0,aacbaacc
2009-10-08T00:00:00.000,0.0,0.0,0.0,0.0,0.0,0.0,0.0,2.0,7.0,0.0,0.0,0.0,0.0,0.0,0.0,0.0,0.0,0.0,2.0,0.0,3.0,6.0,2.0,0.0,aacaaabc
2009-10-09T00:00:00.000,0.0,0.0,0.0,0.0,0.0,0.0,0.0,0.0,3.0,1.0,3.0,0.0,5.0,1.0,3.0,4.0,2.0,2.0,4.0,0.0,1.0,3.0,3.0,2.0,aabbccbc
2009-10-10T00:00:00.000,0.0,0.0,0.0,0.0,0.0,0.0,0.0,0.0,1.0,4.0,6.0,0.0,5.0,1.0,7.0,4.0,2.0,3.0,4.0,2.0,1.0,4.0,2.0,2.0,aaacccbb
2009-10-11T00:00:00.000,0.0,0.0,0.0,0.0,0.0,0.0,0.0,0.0,1.0,3.0,3.0,0.0,0.0,0.0,4.0,0.0,0.0,1.0,1.0,6.0,1.0,1.0,1.0,0.0,aabcbbcb
2009-10-12T00:00:00.000,0.0,0.0,0.0,0.0,0.0,0.0,0.0,1.0,1.0,0.0,0.0,0.0,0.0,0.0,0.0,0.0,0.0,0.0,0.0,5.0,4.0,6.0,2.0,0.0,aabaaacc
2009-10-13T00:00:00.000,0.0,0.0,0.0,0.0,0.0,0.0,0.0,2.0,2.0,0.0,0.0,0.0,0.0,0.0,0.0,0.0,0.0,0.0,0.0,1.0,3.0,6.0,1.0,0.0,aacaaacc
2009-10-14T00:00:00.000,0.0,0.0,0.0,0.0,0.0,0.0,0.0,3.0,6.0,0.0,1.0,5.0,0.0,0.0,0.0,0.0,0.0,1.0,4.0,1.0,0.0,1.0,1.0,0.0,aaccabbb
2009-10-15T00:00:00.000,0.0,0.0,0.0,0.0,0.0,0.0,0.0,2.0,6.0,0.0,1.0,5.0,3.0,0.0,0.0,0.0,0.0,1.0,4.0,1.0,0.0,1.0,1.0,0.0,aaccbbbb
2009-10-16T00:00:00.000,0.0,0.0,0.0,0.0,0.0,0.0,0.0,0.0,3.0,6.0,2.0,4.0,3.0,1.0,2.0,0.0,0.0,0.0,2.0,0.0,0.0,0.0,0.0,0.0,aabccaba
2009-10-17T00:00:00.000,0.0,0.0,0.0,0.0,0.0,0.0,0.0,0.0,1.0,6.0,2.0,4.0,0.0,2.0,2.0,0.0,0.0,2.0,5.0,1.0,3.0,1.0,1.0,0.0,aaacbbcb
2009-10-18T00:00:00.000,0.0,0.0,0.0,0.0,0.0,0.0,0.0,0.0,0.0,0.0,0.0,0.0,2.0,5.0,0.0,0.0,0.0,2.0,3.0,2.0,6.0,6.0,9.0,2.0,aaaabbcc
2009-10-19T00:00:00.000,0.0,0.0,0.0,0.0,0.0,0.0,0.0,3.0,3.0,0.0,0.0,0.0,2.0,4.0,0.0,0.0,0.0,0.0,5.0,10.0,7.0,6.0,11.0,7.0,aababacc
2009-10-20T00:00:00.000,0.0,0.0,0.0,0.0,0.0,0.0,0.0,8.0,3.0,0.0,2.0,0.0,0.0,0.0,0.0,0.0,0.0,0.0,5.0,9.0,7.0,4.0,11.0,5.0,aabaaacc
2009-10-21T00:00:00.000,0.0,0.0,0.0,0.0,0.0,0.0,0.0,5.0,8.0,0.0,3.0,0.0,0.0,0.0,0.0,0.0,2.0,0.0,0.0,3.0,5.0,4.0,12.0,0.0,aacbabbc
2009-10-22T00:00:00.000,0.0,0.0,0.0,0.0,0.0,0.0,0.0,0.0,9.0,0.0,1.0,0.0,0.0,0.0,0.0,0.0,3.0,0.0,0.0,3.0,2.0,2.0,6.0,0.0,aacbabbc
2009-10-23T00:00:00.000,0.0,0.0,0.0,0.0,0.0,0.0,0.0,0.0,1.0,0.0,1.0,4.0,6.0,0.0,0.0,3.0,1.0,0.0,0.0,0.0,0.0,1.0,2.0,0.0,aabccbab
2009-10-24T00:00:00.000,1.0,1.0,0.0,0.0,0.0,0.0,0.0,0.0,0.0,0.0,2.0,4.0,8.0,0.0,0.0,4.0,0.0,0.0,0.0,0.0,0.0,2.0,4.0,0.0,baaccbac
2009-10-25T00:00:00.000,1.0,1.0,0.0,0.0,0.0,0.0,0.0,0.0,3.0,0.0,1.0,0.0,2.0,0.0,0.0,1.0,1.0,0.0,1.0,3.0,2.0,3.0,4.0,0.0,bababbcc
2009-10-26T00:00:00.000,0.0,0.0,0.0,0.0,0.0,0.0,0.0,0.0,4.0,1.0,0.0,0.0,2.0,4.0,2.0,0.0,1.0,0.0,1.0,3.0,3.0,1.0,2.0,0.0,aabacacb
2009-10-27T00:00:00.000,0.0,0.0,0.0,0.0,0.0,0.0,0.0,3.0,2.0,1.0,0.0,2.0,2.0,4.0,2.0,0.0,0.0,0.0,3.0,6.0,2.0,8.0,9.0,1.0,aabbbacc
2009-10-28T00:00:00.000,0.0,0.0,0.0,0.0,0.0,0.0,0.0,5.0,3.0,0.0,0.0,2.0,0.0,0.0,0.0,0.0,0.0,0.0,3.0,6.0,4.0,9.0,8.0,1.0,aabbaacc
2009-10-29T00:00:00.000,0.0,0.0,0.0,0.0,0.0,0.0,0.0,2.0,6.0,2.0,2.0,2.0,0.0,0.0,0.0,0.0,0.0,0.0,2.0,1.0,6.0,6.0,7.0,6.0,aabbaacc
2009-10-30T00:00:00.000,0.0,0.0,0.0,0.0,0.0,0.0,0.0,0.0,4.0,2.0,2.0,2.0,0.0,0.0,0.0,0.0,3.0,0.0,2.0,1.0,3.0,7.0,6.0,6.0,aabbabbc
2009-10-31T00:00:00.000,0.0,0.0,0.0,0.0,0.0,0.0,0.0,0.0,3.0,3.0,2.0,2.0,0.0,2.0,4.0,3.0,6.0,5.0,4.0,3.0,2.0,7.0,0.0,0.0,aabbbccb
2009-11-01T00:00:00.000,0.0,0.0,0.0,0.0,0.0,0.0,0.0,0.0,6.0,5.0,4.0,2.0,0.0,4.0,5.0,3.0,3.0,5.0,12.0,6.0,10.0,5.0,2.0,0.0,aabbbbcb
2009-11-02T00:00:00.000,0.0,0.0,0.0,0.0,0.0,0.0,0.0,0.0,7.0,2.0,2.0,0.0,0.0,2.0,1.0,0.0,4.0,0.0,11.0,6.0,10.0,3.0,3.0,2.0,aabbbbcb
2009-11-03T00:00:00.000,0.0,0.0,0.0,0.0,0.0,0.0,0.0,4.0,6.0,0.0,0.0,0.0,0.0,0.0,0.0,0.0,4.0,5.0,3.0,3.0,2.0,3.0,2.0,2.0,aacaaccc
2009-11-04T00:00:00.000,0.0,0.0,0.0,0.0,0.0,0.0,0.0,5.0,4.0,1.0,6.0,0.0,0.0,0.0,0.0,0.0,0.0,5.0,0.0,0.0,6.0,6.0,8.0,1.0,aacbabbc
2009-11-05T00:00:00.000,0.0,0.0,0.0,0.0,0.0,0.0,0.0,6.0,2.0,5.0,6.0,0.0,0.0,0.0,0.0,6.0,0.0,0.0,2.0,1.0,8.0,10.0,14.0,1.0,aabbabbc
2009-11-06T00:00:00.000,0.0,0.0,0.0,0.0,0.0,0.0,0.0,5.0,1.0,4.0,0.0,0.0,0.0,0.0,0.0,6.0,2.0,4.0,3.0,4.0,3.0,5.0,7.0,0.0,aabbaccc
2009-11-07T00:00:00.000,0.0,0.0,0.0,0.0,0.0,0.0,0.0,2.0,2.0,0.0,0.0,0.0,0.0,0.0,1.0,3.0,9.0,9.0,9.0,3.0,1.0,3.0,0.0,0.0,aabaaccb
2009-11-08T00:00:00.000,0.0,0.0,0.0,0.0,0.0,0.0,0.0,5.0,2.0,0.0,0.0,0.0,0.0,0.0,1.0,3.0,7.0,5.0,8.0,0.0,0.0,2.0,10.0,1.0,aabaacbc
2009-11-09T00:00:00.000,0.0,0.0,0.0,0.0,0.0,0.0,0.0,3.0,3.0,1.0,1.0,1.0,0.0,0.0,0.0,0.0,3.0,0.0,0.0,1.0,1.0,2.0,12.0,1.0,aabbabbc
2009-11-10T00:00:00.000,0.0,0.0,0.0,0.0,0.0,0.0,0.0,0.0,5.0,1.0,1.0,1.0,0.0,0.0,0.0,0.0,4.0,0.0,0.0,4.0,3.0,4.0,2.0,0.0,aabbabcc
2009-11-11T00:00:00.000,0.0,0.0,0.0,0.0,0.0,0.0,0.0,1.0,3.0,0.0,0.0,0.0,0.0,1.0,2.0,0.0,1.0,0.0,0.0,4.0,2.0,4.0,2.0,0.0,aababbcc
2009-11-12T00:00:00.000,0.0,0.0,0.0,0.0,0.0,0.0,0.0,4.0,1.0,0.0,3.0,3.0,0.0,1.0,4.0,1.0,0.0,0.0,0.0,1.0,0.0,2.0,2.0,0.0,aacccaab
2009-11-13T00:00:00.000,0.0,0.0,0.0,0.0,0.0,0.0,0.0,3.0,1.0,0.0,3.0,3.0,0.0,1.0,2.0,2.0,3.0,0.0,2.0,2.0,0.0,2.0,0.0,0.0,aabcbcbb
2009-11-14T00:00:00.000,0.0,0.0,0.0,0.0,0.0,0.0,0.0,0.0,2.0,2.0,4.0,3.0,3.0,2.0,1.0,6.0,6.0,6.0,2.0,4.0,2.0,7.0,0.0,2.0,aaabbcbb
2009-11-15T00:00:00.000,0.0,0.0,0.0,0.0,0.0,0.0,0.0,2.0,2.0,3.0,4.0,4.0,3.0,1.0,1.0,7.0,3.0,6.0,0.0,2.0,2.0,5.0,4.0,2.0,aabcbcbc
2009-11-16T00:00:00.000,0.0,0.0,0.0,0.0,0.0,0.0,0.0,7.0,1.0,2.0,2.0,1.0,3.0,4.0,2.0,2.0,0.0,1.0,0.0,3.0,3.0,1.0,4.0,0.0,aacbcbbb
2009-11-17T00:00:00.000,0.0,0.0,0.0,0.0,0.0,0.0,0.0,9.0,1.0,4.0,2.0,0.0,3.0,4.0,2.0,0.0,1.0,1.0,0.0,7.0,5.0,8.0,0.0,0.0,aacbbacb
2009-11-18T00:00:00.000,0.0,0.0,0.0,0.0,0.0,0.0,0.0,8.0,2.0,4.0,0.0,2.0,0.0,0.0,0.0,0.0,1.0,0.0,0.0,4.0,2.0,9.0,0.0,0.0,aacbabbc
2009-11-19T00:00:00.000,0.0,0.0,0.0,0.0,0.0,0.0,0.0,5.0,4.0,2.0,0.0,2.0,0.0,0.0,0.0,0.0,1.0,0.0,0.0,2.0,0.0,4.0,1.0,1.0,aacbabbc
2009-11-20T00:00:00.000,0.0,0.0,0.0,0.0,0.0,0.0,0.0,1.0,3.0,2.0,0.0,2.0,0.0,0.0,0.0,0.0,5.0,0.0,0.0,3.0,1.0,3.0,5.0,1.0,aabbabbc
2009-11-21T00:00:00.000,0.0,0.0,0.0,0.0,0.0,0.0,0.0,0.0,1.0,6.0,3.0,5.0,2.0,0.0,2.0,2.0,9.0,5.0,2.0,4.0,1.0,2.0,5.0,0.0,aaacbcbb
2009-11-22T00:00:00.000,0.0,0.0,0.0,0.0,0.0,0.0,0.0,0.0,4.0,7.0,6.0,3.0,2.0,0.0,3.0,2.0,5.0,5.0,2.0,5.0,0.0,1.0,1.0,0.0,aabcbcba
2009-11-23T00:00:00.000,0.0,0.0,0.0,0.0,0.0,0.0,0.0,1.0,8.0,2.0,3.0,0.0,0.0,0.0,1.0,0.0,0.0,0.0,0.0,5.0,3.0,7.0,2.0,0.0,aacbaacc
2009-11-24T00:00:00.000,0.0,0.0,0.0,0.0,0.0,0.0,0.0,1.0,4.0,0.0,0.0,0.0,0.0,0.0,0.0,0.0,0.0,0.0,0.0,3.0,3.0,7.0,6.0,1.0,aabaaacc
2009-11-25T00:00:00.000,0.0,0.0,0.0,0.0,0.0,0.0,0.0,0.0,0.0,0.0,3.0,1.0,1.0,0.0,0.0,0.0,2.0,2.0,0.0,1.0,0.0,1.0,7.0,1.0,aaabbbbc
2009-11-26T00:00:00.000,0.0,0.0,0.0,0.0,0.0,0.0,0.0,0.0,3.0,3.0,4.0,1.0,3.0,0.0,0.0,0.0,8.0,3.0,0.0,1.0,1.0,3.0,4.0,0.0,aabcbcbc
2009-11-27T00:00:00.000,0.0,0.0,0.0,0.0,0.0,0.0,0.0,0.0,3.0,4.0,4.0,0.0,3.0,1.0,0.0,0.0,6.0,3.0,4.0,1.0,4.0,2.0,2.0,0.0,aabcbccb
2009-11-28T00:00:00.000,0.0,0.0,0.0,0.0,0.0,0.0,0.0,0.0,0.0,1.0,3.0,0.0,2.0,1.0,4.0,1.0,1.0,3.0,5.0,1.0,3.0,3.0,1.0,0.0,aaabcbcb
2009-11-29T00:00:00.000,0.0,0.0,0.0,0.0,0.0,0.0,0.0,2.0,1.0,0.0,0.0,0.0,1.0,0.0,4.0,1.0,1.0,1.0,2.0,4.0,4.0,5.0,1.0,0.0,aababbcc
2009-11-30T00:00:00.000,0.0,0.0,0.0,0.0,0.0,0.0,0.0,3.0,2.0,0.0,0.0,0.0,0.0,0.0,0.0,0.0,1.0,2.0,1.0,6.0,4.0,4.0,1.0,0.0,aabaabcb
2009-12-01T00:00:00.000,0.0,0.0,0.0,0.0,0.0,0.0,0.0,1.0,2.0,0.0,0.0,0.0,0.0,0.0,0.0,0.0,2.0,3.0,0.0,4.0,1.0,3.0,0.0,0.0,aabaaccb
2009-12-02T00:00:00.000,0.0,0.0,0.0,0.0,0.0,0.0,0.0,2.0,5.0,1.0,0.0,0.0,0.0,0.0,0.0,0.0,1.0,1.0,0.0,2.0,1.0,6.0,1.0,0.0,aacbabbc
2009-12-03T00:00:00.000,0.0,0.0,0.0,0.0,0.0,0.0,0.0,6.0,4.0,1.0,3.0,1.0,0.0,0.0,0.0,0.0,0.0,1.0,0.0,0.0,2.0,6.0,1.0,0.0,aacbabbc
2009-12-04T00:00:00.000,0.0,0.0,0.0,0.0,0.0,0.0,0.0,7.0,3.0,2.0,3.0,1.0,1.0,0.0,0.0,0.0,1.0,1.0,2.0,0.0,2.0,1.0,0.0,1.0,aaccabbb
2009-12-05T00:00:00.000,0.0,0.0,0.0,0.0,0.0,0.0,0.0,3.0,3.0,2.0,0.0,4.0,3.0,2.0,0.0,0.0,6.0,0.0,2.0,2.0,2.0,3.0,0.0,1.0,aabbbbbb
2009-12-06T00:00:00.000,0.0,0.0,0.0,0.0,0.0,0.0,0.0,0.0,2.0,1.0,1.0,4.0,2.0,2.0,0.0,0.0,5.0,0.0,2.0,4.0,3.0,5.0,0.0,0.0,aabbbbcb
2009-12-07T00:00:00.000,0.0,0.0,0.0,0.0,0.0,0.0,0.0,0.0,3.0,1.0,4.0,0.0,0.0,0.0,4.0,2.0,1.0,4.0,4.0,3.0,4.0,7.0,2.0,0.0,aabbbbcc
2009-12-08T00:00:00.000,0.0,0.0,0.0,0.0,0.0,0.0,0.0,0.0,1.0,0.0,3.0,0.0,0.0,0.0,4.0,2.0,1.0,4.0,2.0,1.0,3.0,9.0,7.0,0.0,aaabbbbc
2009-12-09T00:00:00.000,0.0,0.0,0.0,0.0,0.0,0.0,0.0,0.0,2.0,0.0,0.0,2.0,0.0,2.0,3.0,3.0,1.0,1.0,0.0,0.0,0.0,4.0,6.0,0.0,aabbbbac
2009-12-10T00:00:00.000,0.0,0.0,0.0,0.0,0.0,0.0,0.0,0.0,3.0,0.0,0.0,2.0,0.0,2.0,3.0,4.0,1.0,1.0,0.0,0.0,0.0,0.0,1.0,2.0,aabbccab
2009-12-11T00:00:00.000,0.0,0.0,0.0,0.0,0.0,0.0,0.0,0.0,1.0,1.0,4.0,1.0,2.0,2.0,3.0,8.0,2.0,0.0,0.0,0.0,0.0,4.0,2.0,3.0,aaabccac
2009-12-12T00:00:00.000,0.0,0.0,0.0,0.0,0.0,0.0,0.0,0.0,0.0,1.0,4.0,1.0,2.0,2.0,3.0,7.0,2.0,2.0,0.0,0.0,0.0,4.0,4.0,1.0,aaabccac
2009-12-13T00:00:00.000,0.0,0.0,0.0,0.0,0.0,0.0,0.0,1.0,2.0,0.0,2.0,0.0,0.0,2.0,0.0,0.0,0.0,2.0,0.0,0.0,2.0,3.0,2.0,0.0,aabbbbbc
2009-12-14T00:00:00.000,0.0,0.0,0.0,0.0,0.0,0.0,0.0,1.0,3.0,1.0,2.0,1.0,0.0,2.0,1.0,0.0,0.0,4.0,0.0,0.0,5.0,6.0,0.0,0.0,aabbbbbc
2009-12-15T00:00:00.000,0.0,0.0,0.0,0.0,0.0,0.0,0.0,4.0,4.0,1.0,4.0,2.0,0.0,0.0,1.0,0.0,0.0,4.0,0.0,2.0,3.0,4.0,1.0,0.0,aaccabbb
2009-12-16T00:00:00.000,0.0,0.0,0.0,0.0,0.0,0.0,0.0,5.0,6.0,0.0,4.0,1.0,0.0,0.0,0.0,0.0,0.0,0.0,0.0,5.0,1.0,1.0,1.0,0.0,aacbaacb
2009-12-17T00:00:00.000,0.0,0.0,0.0,0.0,0.0,0.0,0.0,1.0,3.0,0.0,0.0,0.0,0.0,0.0,0.0,0.0,0.0,4.0,0.0,4.0,2.0,0.0,0.0,0.0,aacaacca
2009-12-18T00:00:00.000,0.0,0.0,0.0,0.0,0.0,0.0,0.0,0.0,0.0,3.0,0.0,0.0,0.0,0.0,0.0,1.0,0.0,5.0,1.0,4.0,1.0,1.0,0.0,0.0,aaabaccb
2009-12-19T00:00:00.000,0.0,0.0,0.0,0.0,0.0,0.0,0.0,0.0,1.0,5.0,1.0,0.0,0.0,1.0,0.0,2.0,4.0,2.0,1.0,3.0,1.0,2.0,0.0,0.0,aaacaccb
2009-12-20T00:00:00.000,0.0,0.0,0.0,0.0,0.0,0.0,0.0,0.0,2.0,3.0,1.0,0.0,0.0,1.0,0.0,1.0,4.0,1.0,5.0,0.0,2.0,1.0,3.0,2.0,aabbaccc
2009-12-21T00:00:00.000,0.0,0.0,0.0,0.0,0.0,0.0,0.0,0.0,2.0,1.0,0.0,0.0,1.0,0.0,0.0,0.0,0.0,0.0,5.0,1.0,3.0,1.0,4.0,3.0,aabbbacc
2009-12-22T00:00:00.000,0.0,0.0,0.0,0.0,0.0,0.0,0.0,0.0,3.0,0.0,0.0,3.0,1.0,0.0,0.0,0.0,0.0,0.0,5.0,5.0,3.0,1.0,1.0,1.0,aabbbacb
2009-12-23T00:00:00.000,1.0,0.0,0.0,0.0,0.0,0.0,0.0,0.0,2.0,0.0,2.0,3.0,0.0,0.0,1.0,0.0,0.0,1.0,5.0,4.0,1.0,0.0,0.0,2.0,babcbbcb
2009-12-24T00:00:00.000,1.0,0.0,0.0,0.0,0.0,0.0,0.0,0.0,0.0,1.0,3.0,0.0,4.0,0.0,1.0,0.0,3.0,5.0,0.0,0.0,1.0,0.0,2.0,3.0,aaabccac
2009-12-25T00:00:00.000,0.0,0.0,0.0,0.0,0.0,0.0,0.0,0.0,0.0,1.0,1.0,0.0,6.0,0.0,0.0,0.0,3.0,6.0,2.0,1.0,5.0,3.0,3.0,1.0,aaabbccc
2009-12-26T00:00:00.000,0.0,0.0,0.0,0.0,0.0,0.0,0.0,2.0,1.0,0.0,0.0,1.0,2.0,1.0,1.0,2.0,5.0,4.0,7.0,1.0,4.0,3.0,1.0,0.0,aababccb
2009-12-27T00:00:00.000,0.0,0.0,0.0,0.0,0.0,0.0,0.0,3.0,1.0,0.0,0.0,1.0,0.0,1.0,1.0,2.0,5.0,3.0,7.0,1.0,2.0,0.0,1.0,0.0,aababcca
2009-12-28T00:00:00.000,0.0,0.0,0.0,0.0,0.0,0.0,0.0,1.0,0.0,0.0,2.0,1.0,0.0,0.0,0.0,2.0,0.0,2.0,2.0,6.0,2.0,0.0,1.0,0.0,aabbabcb
2009-12-29T00:00:00.000,0.0,0.0,0.0,0.0,0.0,0.0,0.0,0.0,0.0,0.0,2.0,1.0,0.0,0.0,0.0,2.0,3.0,2.0,1.0,5.0,0.0,1.0,0.0,0.0,aaabaccb
2009-12-30T00:00:00.000,0.0,0.0,0.0,0.0,0.0,0.0,0.0,0.0,0.0,3.0,0.0,1.0,2.0,0.0,0.0,1.0,3.0,3.0,1.0,0.0,0.0,1.0,0.0,0.0,aaacbcbb
2009-12-31T00:00:00.000,0.0,0.0,0.0,0.0,0.0,0.0,0.0,0.0,0.0,6.0,1.0,4.0,6.0,0.0,1.0,4.0,2.0,4.0,4.0,0.0,0.0,1.0,1.0,0.0,aaacccbb
2010-01-01T00:00:00.000,0.0,0.0,0.0,0.0,0.0,0.0,0.0,0.0,2.0,3.0,3.0,5.0,5.0,1.0,3.0,7.0,3.0,8.0,10.0,4.0,0.0,1.0,5.0,0.0,aaabbccb
2010-01-02T00:00:00.000,0.0,0.0,0.0,0.0,0.0,0.0,0.0,0.0,6.0,0.0,3.0,2.0,1.0,1.0,2.0,4.0,6.0,9.0,6.0,5.0,1.0,2.0,4.0,0.0,aabbbccb
2010-01-03T00:00:00.000,0.0,0.0,0.0,0.0,0.0,0.0,0.0,2.0,4.0,0.0,2.0,0.0,0.0,0.0,0.0,0.0,7.0,6.0,2.0,3.0,2.0,4.0,0.0,0.0,aabbaccb
2010-01-04T00:00:00.000,0.0,0.0,0.0,0.0,0.0,0.0,0.0,2.0,6.0,0.0,1.0,0.0,0.0,0.0,0.0,0.0,2.0,5.0,2.0,7.0,2.0,3.0,0.0,0.0,aacaaccb
2010-01-05T00:00:00.000,0.0,0.0,0.0,0.0,0.0,0.0,0.0,0.0,7.0,1.0,0.0,0.0,0.0,0.0,0.0,0.0,0.0,2.0,0.0,6.0,2.0,2.0,0.0,0.0,aacbabcb
2010-01-06T00:00:00.000,0.0,0.0,0.0,0.0,0.0,0.0,0.0,3.0,1.0,1.0,0.0,0.0,0.0,0.0,0.0,0.0,2.0,2.0,1.0,1.0,2.0,3.0,1.0,0.0,aacbaccc
2010-01-07T00:00:00.000,0.0,0.0,0.0,0.0,0.0,0.0,0.0,3.0,0.0,0.0,0.0,0.0,0.0,0.0,0.0,1.0,2.0,4.0,2.0,1.0,1.0,4.0,4.0,0.0,aabaacbc
2010-01-08T00:00:00.000,0.0,0.0,0.0,0.0,0.0,0.0,0.0,1.0,3.0,0.0,2.0,3.0,0.0,0.0,0.0,1.0,0.0,4.0,1.0,1.0,0.0,2.0,3.0,0.0,aabcacbc
2010-01-09T00:00:00.000,0.0,0.0,0.0,0.0,0.0,0.0,0.0,1.0,3.0,2.0,3.0,5.0,1.0,0.0,0.0,0.0,3.0,5.0,3.0,4.0,0.0,2.0,0.0,0.0,aabcaccb
2010-01-10T00:00:00.000,0.0,0.0,0.0,0.0,0.0,0.0,0.0,0.0,0.0,2.0,6.0,2.0,1.0,0.0,0.0,0.0,3.0,5.0,3.0,4.0,2.0,4.0,2.0,0.0,aaacaccb
2010-01-11T00:00:00.000,0.0,0.0,0.0,0.0,0.0,0.0,0.0,0.0,2.0,0.0,5.0,0.0,0.0,0.0,0.0,0.0,0.0,2.0,0.0,3.0,4.0,2.0,3.0,0.0,aabcabcc
2010-01-12T00:00:00.000,0.0,0.0,0.0,0.0,0.0,0.0,0.0,1.0,4.0,2.0,2.0,1.0,0.0,0.0,0.0,1.0,2.0,0.0,1.0,6.0,2.0,3.0,2.0,0.0,aabbabcb
2010-01-13T00:00:00.000,0.0,0.0,0.0,0.0,0.0,0.0,0.0,1.0,2.0,2.0,2.0,1.0,0.0,0.0,0.0,6.0,2.0,1.0,1.0,3.0,1.0,3.0,1.0,0.0,aabbacbb
2010-01-14T00:00:00.000,0.0,0.0,0.0,0.0,0.0,0.0,0.0,0.0,6.0,0.0,0.0,0.0,0.0,0.0,0.0,6.0,0.0,1.0,1.0,1.0,1.0,17.0,1.0,0.0,bbbbbbbc
2010-01-15T00:00:00.000,0.0,0.0,0.0,0.0,0.0,0.0,0.0,1.0,9.0,0.0,0.0,0.0,2.0,2.0,0.0,6.0,2.0,5.0,1.0,2.0,0.0,19.0,2.0,0.0,aababcbc
2010-01-16T00:00:00.000,0.0,0.0,0.0,0.0,0.0,0.0,0.0,1.0,7.0,0.0,2.0,0.0,2.0,2.0,0.0,5.0,6.0,11.0,4.0,2.0,2.0,4.0,3.0,0.0,aababcbb
2010-01-17T00:00:00.000,0.0,0.0,0.0,0.0,0.0,0.0,0.0,0.0,4.0,0.0,6.0,3.0,3.0,2.0,0.0,2.0,9.0,9.0,6.0,2.0,2.0,2.0,2.0,0.0,aabbbcbb
2010-01-18T00:00:00.000,0.0,0.0,0.0,0.0,0.0,0.0,0.0,0.0,0.0,0.0,8.0,3.0,3.0,2.0,2.0,2.0,6.0,5.0,6.0,2.0,2.0,0.0,0.0,0.0,aaacbcca
2010-01-19T00:00:00.000,0.0,0.0,0.0,0.0,0.0,0.0,0.0,0.0,1.0,0.0,4.0,1.0,0.0,0.0,2.0,4.0,1.0,2.0,5.0,3.0,2.0,0.0,0.0,0.0,aaabbcca
2010-01-20T00:00:00.000,0.0,0.0,0.0,0.0,0.0,0.0,0.0,0.0,2.0,0.0,0.0,1.0,0.0,0.0,0.0,4.0,0.0,0.0,1.0,2.0,0.0,0.0,0.0,0.0,bbbbbccb
2010-01-21T00:00:00.000,0.0,0.0,0.0,0.0,0.0,0.0,0.0,0.0,1.0,0.0,6.0,2.0,0.0,0.0,0.0,0.0,0.0,0.0,1.0,8.0,0.0,3.0,1.0,0.0,aabcaacb
2010-01-22T00:00:00.000,0.0,0.0,0.0,0.0,0.0,0.0,0.0,0.0,1.0,1.0,10.0,2.0,3.0,2.0,0.0,0.0,0.0,0.0,1.0,8.0,0.0,3.0,1.0,3.0,aaacbacb
2010-01-23T00:00:00.000,0.0,0.0,0.0,0.0,0.0,0.0,0.0,0.0,1.0,1.0,4.0,0.0,3.0,2.0,0.0,0.0,2.0,7.0,1.0,1.0,0.0,2.0,1.0,3.0,aaabbcbc
2010-01-24T00:00:00.000,0.0,0.0,0.0,0.0,0.0,0.0,0.0,0.0,0.0,0.0,2.0,0.0,0.0,0.0,0.0,0.0,2.0,10.0,1.0,1.0,1.0,2.0,3.0,0.0,aaabacbb
2010-01-25T00:00:00.000,0.0,0.0,0.0,0.0,0.0,0.0,0.0,0.0,2.0,2.0,2.0,0.0,1.0,0.0,0.0,2.0,2.0,3.0,1.0,0.0,7.0,1.0,3.0,0.0,aabbaccb
2010-01-26T00:00:00.000,0.0,0.0,0.0,0.0,0.0,0.0,0.0,0.0,2.0,2.0,0.0,0.0,1.0,0.0,0.0,2.0,2.0,0.0,1.0,5.0,6.0,1.0,1.0,0.0,aabbbbcb
2010-01-27T00:00:00.000,0.0,0.0,0.0,0.0,0.0,0.0,0.0,2.0,2.0,0.0,0.0,0.0,0.0,0.0,0.0,0.0,2.0,0.0,0.0,6.0,0.0,1.0,1.0,0.0,aacaabcb
2010-01-28T00:00:00.000,0.0,0.0,0.0,0.0,0.0,0.0,0.0,2.0,2.0,0.0,0.0,0.0,0.0,2.0,0.0,0.0,2.0,0.0,1.0,2.0,3.0,1.0,1.0,0.0,aacabbcb
2010-01-29T00:00:00.000,0.0,0.0,0.0,0.0,0.0,0.0,0.0,0.0,0.0,4.0,2.0,4.0,0.0,3.0,2.0,2.0,0.0,0.0,1.0,1.0,3.0,1.0,0.0,0.0,aaaccbca
2010-01-30T00:00:00.000,0.0,0.0,0.0,0.0,0.0,0.0,0.0,0.0,0.0,5.0,6.0,4.0,7.0,9.0,2.0,4.0,3.0,4.0,1.0,0.0,2.0,2.0,0.0,0.0,aaacccba
2010-01-31T00:00:00.000,0.0,0.0,0.0,0.0,0.0,0.0,0.0,1.0,1.0,1.0,6.0,0.0,7.0,10.0,0.0,3.0,7.0,4.0,1.0,2.0,5.0,1.0,3.0,0.0,aaabccbb
2010-02-01T00:00:00.000,0.0,0.0,0.0,0.0,0.0,0.0,0.0,4.0,4.0,0.0,6.0,0.0,0.0,3.0,2.0,4.0,4.0,0.0,0.0,3.0,3.0,1.0,3.0,0.0,aacbbcbb
2010-02-02T00:00:00.000,0.0,0.0,0.0,0.0,0.0,0.0,0.0,7.0,9.0,0.0,4.0,0.0,0.0,1.0,2.0,3.0,0.0,0.0,1.0,1.0,3.0,3.0,1.0,0.0,aacbbbbb
2010-02-03T00:00:00.000,0.0,0.0,0.0,0.0,0.0,0.0,0.0,8.0,7.0,0.0,0.0,0.0,0.0,0.0,0.0,0.0,0.0,0.0,4.0,1.0,4.0,3.0,1.0,0.0,aacaaacb
2010-02-04T00:00:00.000,0.0,0.0,0.0,0.0,0.0,0.0,0.0,5.0,1.0,0.0,0.0,0.0,0.0,0.0,0.0,0.0,0.0,0.0,3.0,3.0,3.0,1.0,0.0,0.0,aacaaacb
2010-02-05T00:00:00.000,0.0,0.0,0.0,0.0,0.0,0.0,0.0,1.0,1.0,2.0,2.0,1.0,0.0,1.0,0.0,1.0,5.0,3.0,2.0,3.0,4.0,0.0,3.0,0.0,aabbaccb
2010-02-06T00:00:00.000,0.0,0.0,0.0,0.0,0.0,0.0,0.0,0.0,1.0,5.0,2.0,1.0,0.0,1.0,0.0,3.0,5.0,6.0,2.0,2.0,4.0,0.0,3.0,0.0,aaacaccb
2010-02-07T00:00:00.000,0.0,0.0,0.0,0.0,0.0,0.0,0.0,0.0,6.0,3.0,0.0,0.0,0.0,0.0,0.0,2.0,0.0,3.0,4.0,1.0,2.0,2.0,1.0,0.0,aacbabcb
2010-02-08T00:00:00.000,0.0,0.0,0.0,0.0,0.0,0.0,0.0,0.0,6.0,0.0,1.0,0.0,0.0,3.0,0.0,0.0,0.0,0.0,4.0,1.0,3.0,4.0,2.0,0.0,aacbbacc
2010-02-09T00:00:00.000,0.0,0.0,0.0,0.0,0.0,0.0,0.0,4.0,0.0,0.0,1.0,0.0,0.0,4.0,0.0,0.0,3.0,0.0,0.0,1.0,4.0,3.0,1.0,0.0,aabbbbcb
2010-02-10T00:00:00.000,0.0,0.0,0.0,0.0,0.0,0.0,0.0,4.0,0.0,0.0,0.0,0.0,0.0,2.0,0.0,0.0,3.0,0.0,1.0,2.0,2.0,5.0,3.0,0.0,aababbcc
2010-02-11T00:00:00.000,0.0,0.0,0.0,0.0,0.0,0.0,0.0,2.0,1.0,0.0,0.0,0.0,2.0,1.0,1.0,0.0,1.0,0.0,1.0,2.0,2.0,4.0,4.0,0.0,aababacc
2010-02-12T00:00:00.000,0.0,0.0,0.0,0.0,0.0,0.0,0.0,4.0,6.0,0.0,0.0,0.0,3.0,0.0,3.0,5.0,4.0,1.0,1.0,2.0,6.0,1.0,2.0,0.0,aacabccb
2010-02-13T00:00:00.000,0.0,0.0,0.0,0.0,0.0,0.0,0.0,2.0,5.0,1.0,0.0,0.0,1.0,0.0,2.0,6.0,3.0,1.0,4.0,3.0,5.0,6.0,3.0,0.0,aababccc
2010-02-14T00:00:00.000,0.0,0.0,0.0,0.0,0.0,0.0,0.0,0.0,5.0,4.0,0.0,2.0,0.0,0.0,0.0,1.0,3.0,2.0,7.0,4.0,0.0,5.0,6.0,0.0,aabbabcc
2010-02-15T00:00:00.000,0.0,0.0,0.0,0.0,0.0,0.0,0.0,0.0,8.0,3.0,0.0,2.0,0.0,3.0,0.0,2.0,3.0,2.0,5.0,3.0,1.0,5.0,4.0,0.0,aacbbbcc
2010-02-16T00:00:00.000,0.0,0.0,0.0,0.0,0.0,0.0,0.0,0.0,3.0,1.0,0.0,0.0,0.0,3.0,0.0,2.0,0.0,0.0,2.0,5.0,1.0,5.0,0.0,0.0,aabbbbcc
2010-02-17T00:00:00.000,0.0,0.0,0.0,0.0,0.0,0.0,0.0,2.0,0.0,1.0,3.0,0.0,0.0,0.0,2.0,0.0,0.0,1.0,3.0,6.0,4.0,0.0,0.0,0.0,aabbbbca
2010-02-18T00:00:00.000,0.0,0.0,0.0,0.0,0.0,0.0,4.0,2.0,5.0,0.0,3.0,1.0,0.0,0.0,2.0,0.0,0.0,1.0,2.0,1.0,4.0,0.0,0.0,0.0,aacbbaca
2010-02-19T00:00:00.000,0.0,0.0,0.0,0.0,3.0,3.0,6.0,0.0,9.0,0.0,2.0,1.0,2.0,1.0,0.0,0.0,0.0,0.0,0.0,0.0,0.0,0.0,0.0,0.0,abcbbaaa
2010-02-20T00:00:00.000,0.0,0.0,0.0,0.0,3.0,4.0,4.0,1.0,4.0,1.0,4.0,0.0,2.0,1.0,0.0,0.0,0.0,0.0,0.0,0.0,0.0,0.0,2.0,3.0,accbbaab
2010-02-21T00:00:00.000,0.0,0.0,0.0,0.0,0.0,1.0,2.0,5.0,5.0,2.0,2.0,0.0,0.0,0.0,0.0,0.0,4.0,5.0,1.0,0.0,0.0,0.0,2.0,3.0,aacbacab
2010-02-22T00:00:00.000,0.0,0.0,0.0,0.0,0.0,0.0,0.0,5.0,5.0,1.0,0.0,0.0,0.0,0.0,0.0,0.0,4.0,5.0,1.0,2.0,3.0,7.0,1.0,0.0,aacaacbc
2010-02-23T00:00:00.000,0.0,0.0,0.0,0.0,0.0,0.0,0.0,6.0,4.0,0.0,0.0,0.0,0.0,0.0,0.0,0.0,0.0,0.0,0.0,3.0,3.0,10.0,2.0,0.0,aacaaabc
2010-02-24T00:00:00.000,0.0,0.0,0.0,0.0,0.0,0.0,0.0,5.0,4.0,0.0,0.0,0.0,1.0,2.0,3.0,0.0,0.0,0.0,3.0,1.0,0.0,6.0,7.0,0.0,aacababc
2010-02-25T00:00:00.000,0.0,0.0,0.0,0.0,0.0,0.0,0.0,7.0,0.0,1.0,1.0,2.0,1.0,3.0,3.0,0.0,0.0,0.0,5.0,4.0,3.0,3.0,7.0,0.0,aabbbacc
2010-02-26T00:00:00.000,0.0,0.0,0.0,0.0,0.0,0.0,0.0,7.0,0.0,1.0,1.0,2.0,0.0,1.0,1.0,0.0,0.0,0.0,2.0,6.0,6.0,4.0,4.0,2.0,aabbbacc
2010-02-27T00:00:00.000,0.0,0.0,0.0,0.0,0.0,0.0,0.0,0.0,0.0,0.0,0.0,0.0,0.0,4.0,1.0,0.0,3.0,0.0,3.0,5.0,8.0,9.0,5.0,2.0,aaaabbcc
2010-02-28T00:00:00.000,0.0,0.0,0.0,0.0,0.0,0.0,0.0,1.0,0.0,0.0,0.0,0.0,0.0,4.0,0.0,0.0,5.0,2.0,6.0,7.0,7.0,6.0,6.0,0.0,aaaabbcc
2010-03-01T00:00:00.000,0.0,0.0,0.0,0.0,0.0,0.0,0.0,3.0,2.0,0.0,3.0,6.0,0.0,0.0,3.0,0.0,3.0,3.0,3.0,5.0,4.0,1.0,4.0,0.0,aabcbbcb
2010-03-02T00:00:00.000,0.0,0.0,0.0,0.0,0.0,0.0,0.0,3.0,5.0,0.0,3.0,6.0,0.0,0.0,3.0,0.0,4.0,3.0,1.0,2.0,3.0,1.0,0.0,0.0,aaccbcba
2010-03-03T00:00:00.000,0.0,0.0,0.0,0.0,0.0,0.0,1.0,7.0,6.0,0.0,0.0,0.0,0.0,0.0,0.0,0.0,3.0,2.0,4.0,6.0,4.0,1.0,1.0,0.0,aacaabcb
2010-03-04T00:00:00.000,0.0,0.0,0.0,0.0,0.0,0.0,1.0,6.0,3.0,0.0,3.0,0.0,0.0,0.0,0.0,0.0,0.0,0.0,4.0,8.0,3.0,0.0,4.0,5.0,aacbaacc
2010-03-05T00:00:00.000,0.0,0.0,0.0,0.0,0.0,0.0,0.0,0.0,6.0,7.0,9.0,0.0,0.0,1.0,1.0,8.0,0.0,2.0,1.0,3.0,1.0,0.0,5.0,5.0,aabcacbc
2010-03-06T00:00:00.000,0.0,0.0,0.0,0.0,0.0,0.0,0.0,0.0,9.0,8.0,12.0,2.0,2.0,1.0,1.0,8.0,0.0,4.0,0.0,3.0,2.0,2.0,4.0,0.0,aabcbcbb
2010-03-07T00:00:00.000,0.0,0.0,0.0,0.0,0.0,0.0,0.0,4.0,8.0,1.0,9.0,2.0,2.0,0.0,1.0,0.0,3.0,5.0,5.0,3.0,1.0,2.0,2.0,0.0,aaccbbbb
2010-03-08T00:00:00.000,0.0,0.0,0.0,0.0,0.0,0.0,0.0,5.0,5.0,0.0,6.0,1.0,2.0,3.0,1.0,0.0,3.0,3.0,6.0,2.0,4.0,1.0,3.0,1.0,aacbbbcb
2010-03-09T00:00:00.000,0.0,0.0,0.0,0.0,0.0,0.0,2.0,4.0,0.0,0.0,7.0,3.0,2.0,3.0,3.0,0.0,0.0,0.0,1.0,4.0,10.0,2.0,8.0,1.0,aabcbacc
2010-03-10T00:00:00.000,0.0,0.0,0.0,0.0,0.0,0.0,3.0,6.0,1.0,0.0,4.0,2.0,0.0,7.0,4.0,3.0,2.0,1.0,0.0,2.0,7.0,2.0,5.0,0.0,aacbcbbb
2010-03-11T00:00:00.000,0.0,0.0,0.0,0.0,0.0,0.0,1.0,6.0,5.0,0.0,4.0,0.0,0.0,8.0,1.0,6.0,2.0,3.0,0.0,2.0,1.0,2.0,0.0,0.0,aacbccba
2010-03-12T00:00:00.000,0.0,0.0,0.0,0.0,0.0,0.0,1.0,5.0,4.0,0.0,4.0,0.0,0.0,1.0,0.0,7.0,4.0,7.0,1.0,2.0,0.0,1.0,0.0,0.0,aacbacba
2010-03-13T00:00:00.000,0.0,0.0,0.0,0.0,0.0,0.0,1.0,2.0,5.0,2.0,5.0,1.0,4.0,3.0,1.0,5.0,10.0,6.0,3.0,9.0,3.0,0.0,1.0,0.0,aabbbcca
2010-03-14T00:00:00.000,0.0,0.0,0.0,0.0,0.0,0.0,0.0,1.0,5.0,3.0,6.0,1.0,4.0,3.0,1.0,2.0,6.0,5.0,2.0,9.0,3.0,2.0,3.0,0.0,aabbbccb
2010-03-15T00:00:00.000,0.0,0.0,0.0,0.0,0.0,0.0,0.0,4.0,3.0,1.0,3.0,1.0,0.0,2.0,1.0,1.0,0.0,5.0,4.0,2.0,1.0,2.0,4.0,0.0,aacbbbcb
2010-03-16T00:00:00.000,0.0,0.0,0.0,0.0,0.0,0.0,0.0,3.0,3.0,0.0,2.0,1.0,0.0,2.0,1.0,0.0,0.0,1.0,4.0,6.0,1.0,0.0,2.0,0.0,aacbbacb
2010-03-17T00:00:00.000,0.0,0.0,0.0,0.0,0.0,0.0,0.0,3.0,1.0,0.0,0.0,1.0,0.0,0.0,0.0,0.0,0.0,0.0,1.0,9.0,2.0,1.0,0.0,0.0,bbbbbbcb
2010-03-18T00:00:00.000,0.0,0.0,0.0,0.0,0.0,0.0,0.0,6.0,1.0,0.0,0.0,2.0,0.0,5.0,1.0,0.0,0.0,0.0,2.0,12.0,4.0,1.0,3.0,1.0,aabbbacb
2010-03-19T00:00:00.000,0.0,0.0,0.0,0.0,0.0,0.0,0.0,4.0,5.0,3.0,4.0,1.0,0.0,5.0,1.0,0.0,0.0,0.0,3.0,8.0,8.0,6.0,6.0,2.0,aabbbacc
2010-03-20T00:00:00.000,0.0,0.0,0.0,0.0,0.0,0.0,0.0,1.0,5.0,5.0,5.0,0.0,0.0,0.0,0.0,0.0,0.0,2.0,8.0,5.0,8.0,6.0,3.0,5.0,aabbaacc
2010-03-21T00:00:00.000,1.0,0.0,0.0,0.0,0.0,0.0,0.0,1.0,1.0,4.0,3.0,0.0,0.0,1.0,0.0,0.0,2.0,2.0,9.0,5.0,2.0,0.0,0.0,4.0,aabbabcb
2010-03-22T00:00:00.000,1.0,0.0,0.0,0.0,0.0,0.0,0.0,1.0,1.0,2.0,2.0,0.0,0.0,1.0,0.0,0.0,2.0,0.0,3.0,3.0,0.0,0.0,0.0,0.0,babcbbca
2010-03-23T00:00:00.000,0.0,0.0,0.0,0.0,0.0,0.0,0.0,1.0,10.0,0.0,0.0,0.0,0.0,0.0,0.0,0.0,0.0,2.0,0.0,4.0,1.0,2.0,0.0,0.0,bbcbbbbb
2010-03-24T00:00:00.000,0.0,0.0,0.0,0.0,0.0,0.0,0.0,2.0,10.0,0.0,0.0,1.0,0.0,0.0,0.0,0.0,0.0,2.0,0.0,3.0,2.0,2.0,0.0,0.0,bbcbbbbb
2010-03-25T00:00:00.000,0.0,0.0,0.0,0.0,0.0,0.0,0.0,2.0,2.0,0.0,1.0,4.0,2.0,0.0,3.0,0.0,0.0,3.0,2.0,2.0,2.0,0.0,0.0,0.0,aabccbca
2010-03-26T00:00:00.000,0.0,0.0,0.0,0.0,0.0,0.0,0.0,1.0,6.0,0.0,1.0,3.0,2.0,0.0,3.0,1.0,4.0,8.0,2.0,1.0,8.0,2.0,2.0,0.0,aabbbccb
2010-03-27T00:00:00.000,0.0,0.0,0.0,0.0,0.0,0.0,0.0,2.0,9.0,2.0,1.0,0.0,0.0,1.0,1.0,2.0,8.0,10.0,1.0,3.0,7.0,2.0,2.0,0.0,aacbaccb
2010-03-28T00:00:00.000,0.0,0.0,0.0,0.0,0.0,0.0,0.0,2.0,5.0,2.0,1.0,0.0,0.0,2.0,1.0,1.0,4.0,5.0,1.0,3.0,0.0,0.0,0.0,7.0,aacbbcbc
2010-03-29T00:00:00.000,1.0,0.0,0.0,0.0,0.0,0.0,0.0,0.0,7.0,0.0,0.0,0.0,3.0,2.0,0.0,0.0,0.0,0.0,2.0,0.0,2.0,1.0,2.0,7.0,bacababc
2010-03-30T00:00:00.000,1.0,0.0,0.0,0.0,0.0,0.0,0.0,2.0,8.0,0.0,1.0,0.0,5.0,1.0,1.0,0.0,3.0,1.0,2.0,0.0,2.0,1.0,2.0,0.0,aacacbbb
2010-03-31T00:00:00.000,0.0,0.0,0.0,0.0,0.0,0.0,0.0,8.0,1.0,0.0,1.0,0.0,2.0,3.0,1.0,0.0,3.0,1.0,0.0,3.0,0.0,1.0,0.0,0.0,aacbcbbb
2010-04-01T00:00:00.000,0.0,0.0,0.0,0.0,0.0,0.0,0.0,7.0,2.0,0.0,0.0,0.0,0.0,3.0,0.0,0.0,0.0,0.0,2.0,3.0,0.0,1.0,0.0,0.0,aacabacb
2010-04-02T00:00:00.000,0.0,0.0,0.0,0.0,0.0,0.0,0.0,4.0,5.0,0.0,1.0,3.0,0.0,0.0,2.0,3.0,2.0,7.0,6.0,1.0,0.0,1.0,2.0,2.0,aacbacbb
2010-04-03T00:00:00.000,0.0,0.0,0.0,0.0,0.0,0.0,0.0,6.0,5.0,1.0,1.0,3.0,0.0,0.0,3.0,6.0,2.0,9.0,4.0,1.0,0.0,1.0,2.0,2.0,aacbbcbb
2010-04-04T00:00:00.000,0.0,0.0,0.0,0.0,0.0,0.0,0.0,8.0,4.0,1.0,2.0,6.0,1.0,3.0,1.0,3.0,0.0,4.0,0.0,0.0,1.0,0.0,2.0,0.0,aaccbbab
2010-04-05T00:00:00.000,0.0,0.0,0.0,0.0,0.0,0.0,0.0,7.0,2.0,0.0,2.0,6.0,1.0,3.0,0.0,0.0,0.0,2.0,4.0,8.0,1.0,0.0,2.0,0.0,aaccbbcb
2010-04-06T00:00:00.000,0.0,0.0,0.0,0.0,0.0,0.0,0.0,5.0,3.0,0.0,0.0,4.0,0.0,0.0,0.0,0.0,0.0,2.0,5.0,9.0,1.0,1.0,2.0,0.0,aacbabcb
2010-04-07T00:00:00.000,0.0,0.0,0.0,0.0,0.0,0.0,0.0,7.0,3.0,0.0,0.0,4.0,0.0,0.0,0.0,0.0,0.0,2.0,1.0,3.0,1.0,4.0,2.0,0.0,aacbabbc
2010-04-08T00:00:00.000,0.0,0.0,0.0,0.0,0.0,0.0,0.0,8.0,1.0,0.0,2.0,0.0,0.0,1.0,1.0,0.0,0.0,0.0,4.0,6.0,1.0,3.0,3.0,0.0,aacbbacb
2010-04-09T00:00:00.000,0.0,0.0,0.0,0.0,0.0,0.0,0.0,4.0,1.0,2.0,2.0,0.0,1.0,2.0,2.0,0.0,3.0,2.0,5.0,5.0,4.0,1.0,4.0,1.0,aabbbbcb
2010-04-10T00:00:00.000,0.0,0.0,0.0,0.0,0.0,0.0,0.0,0.0,1.0,4.0,0.0,0.0,1.0,1.0,1.0,1.0,3.0,2.0,4.0,1.0,3.0,1.0,1.0,1.0,aaabbccb
2010-04-11T00:00:00.000,0.0,0.0,0.0,0.0,0.0,0.0,0.0,1.0,1.0,2.0,1.0,0.0,0.0,0.0,0.0,1.0,0.0,0.0,3.0,5.0,1.0,0.0,0.0,0.0,aabbabca
2010-04-12T00:00:00.000,0.0,0.0,0.0,0.0,0.0,0.0,0.0,1.0,1.0,0.0,1.0,0.0,0.0,0.0,0.0,0.0,1.0,0.0,0.0,5.0,4.0,2.0,2.0,0.0,aabbabcc
2010-04-13T00:00:00.000,0.0,0.0,0.0,0.0,0.0,0.0,0.0,2.0,3.0,0.0,0.0,1.0,0.0,0.0,0.0,0.0,1.0,2.0,0.0,0.0,3.0,4.0,2.0,0.0,aacbabbc
2010-04-14T00:00:00.000,0.0,0.0,0.0,0.0,0.0,0.0,3.0,3.0,4.0,0.0,0.0,1.0,0.0,0.0,0.0,0.0,0.0,2.0,3.0,0.0,1.0,2.0,1.0,0.0,aacbabbb
2010-04-15T00:00:00.000,0.0,0.0,0.0,0.0,0.0,0.0,3.0,2.0,3.0,0.0,1.0,0.0,0.0,0.0,0.0,0.0,0.0,0.0,3.0,0.0,2.0,1.0,1.0,0.0,aacbaacb
2010-04-16T00:00:00.000,0.0,0.0,0.0,0.0,0.0,0.0,0.0,1.0,2.0,0.0,3.0,3.0,0.0,0.0,1.0,0.0,0.0,0.0,0.0,0.0,1.0,1.0,0.0,0.0,aaccbabb
2010-04-17T00:00:00.000,0.0,0.0,0.0,0.0,0.0,0.0,0.0,2.0,8.0,1.0,2.0,3.0,0.0,0.0,1.0,0.0,0.0,1.0,6.0,0.0,0.0,0.0,3.0,0.0,aacbbbbb
2010-04-18T00:00:00.000,0.0,0.0,0.0,0.0,0.0,0.0,0.0,2.0,7.0,1.0,0.0,0.0,0.0,0.0,0.0,0.0,0.0,1.0,8.0,1.0,4.0,3.0,5.0,0.0,aacbabcc
2010-04-19T00:00:00.000,0.0,0.0,0.0,0.0,0.0,0.0,0.0,1.0,1.0,0.0,2.0,2.0,0.0,0.0,0.0,0.0,0.0,0.0,4.0,5.0,4.0,3.0,2.0,0.0,aabbaacb
2010-04-20T00:00:00.000,0.0,0.0,0.0,0.0,0.0,0.0,0.0,1.0,2.0,0.0,2.0,3.0,0.0,1.0,0.0,0.0,0.0,0.0,2.0,6.0,2.0,4.0,0.0,0.0,aabcbacb
2010-04-21T00:00:00.000,0.0,0.0,0.0,0.0,0.0,0.0,0.0,2.0,1.0,0.0,0.0,1.0,0.0,1.0,0.0,0.0,0.0,0.0,0.0,2.0,5.0,5.0,0.0,0.0,aabbbacc
2010-04-22T00:00:00.000,0.0,0.0,0.0,0.0,0.0,0.0,2.0,3.0,0.0,0.0,0.0,0.0,0.0,0.0,1.0,1.0,1.0,0.0,0.0,4.0,3.0,2.0,0.0,0.0,aacabbcb
2010-04-23T00:00:00.000,0.0,0.0,0.0,0.0,0.0,0.0,2.0,1.0,4.0,2.0,6.0,3.0,1.0,0.0,1.0,2.0,1.0,0.0,0.0,6.0,5.0,2.0,2.0,0.0,aabcabcb
2010-04-24T00:00:00.000,0.0,0.0,0.0,0.0,0.0,0.0,0.0,0.0,5.0,2.0,7.0,4.0,3.0,0.0,0.0,1.0,0.0,2.0,1.0,2.0,5.0,2.0,3.0,0.0,aabcbbcb
2010-04-25T00:00:00.000,0.0,0.0,0.0,0.0,0.0,0.0,1.0,6.0,3.0,0.0,1.0,1.0,2.0,0.0,2.0,0.0,0.0,2.0,1.0,1.0,1.0,3.0,1.0,0.0,aacbbbbb
2010-04-26T00:00:00.000,0.0,0.0,0.0,0.0,0.0,0.0,2.0,7.0,2.0,0.0,0.0,0.0,0.0,0.0,2.0,0.0,0.0,0.0,2.0,2.0,2.0,6.0,4.0,0.0,aacababc
2010-04-27T00:00:00.000,0.0,0.0,0.0,0.0,0.0,0.0,1.0,4.0,0.0,0.0,0.0,0.0,0.0,0.0,0.0,0.0,0.0,0.0,2.0,5.0,1.0,4.0,9.0,0.0,aabaaacc
2010-04-28T00:00:00.000,0.0,0.0,0.0,0.0,0.0,0.0,1.0,3.0,0.0,0.0,0.0,0.0,0.0,0.0,0.0,0.0,0.0,0.0,0.0,4.0,0.0,0.0,5.0,0.0,bbcbbbcc
2010-04-29T00:00:00.000,0.0,0.0,0.0,0.0,0.0,0.0,1.0,1.0,5.0,1.0,0.0,0.0,0.0,0.0,0.0,0.0,0.0,0.0,0.0,0.0,5.0,3.0,0.0,0.0,aacbaacb
2010-04-30T00:00:00.000,0.0,0.0,0.0,0.0,0.0,0.0,0.0,1.0,5.0,1.0,0.0,0.0,0.0,0.0,0.0,0.0,5.0,8.0,4.0,1.0,5.0,4.0,0.0,0.0,aabaaccb
2010-05-01T00:00:00.000,0.0,0.0,0.0,0.0,0.0,0.0,0.0,0.0,0.0,0.0,0.0,0.0,0.0,0.0,0.0,0.0,6.0,12.0,7.0,3.0,0.0,1.0,0.0,0.0,bbbbbccb
2010-05-02T00:00:00.000,0.0,0.0,0.0,0.0,0.0,0.0,0.0,1.0,0.0,1.0,0.0,0.0,0.0,0.0,1.0,0.0,1.0,4.0,4.0,5.0,0.0,1.0,4.0,0.0,aabbbccc
2010-05-03T00:00:00.000,0.0,0.0,0.0,0.0,0.0,0.0,1.0,2.0,0.0,5.0,0.0,0.0,0.0,0.0,1.0,0.0,0.0,0.0,3.0,3.0,0.0,1.0,4.0,0.0,aabcbacc
2010-05-04T00:00:00.000,0.0,0.0,0.0,0.0,0.0,0.0,1.0,9.0,1.0,4.0,4.0,0.0,0.0,0.0,1.0,0.0,0.0,0.0,3.0,4.0,3.0,4.0,0.0,0.0,aaccaacb
2010-05-05T00:00:00.000,0.0,0.0,0.0,0.0,0.0,0.0,0.0,9.0,1.0,0.0,6.0,0.0,0.0,2.0,1.0,2.0,0.0,1.0,1.0,6.0,13.0,11.0,0.0,0.0,aabbbbcb
2010-05-06T00:00:00.000,0.0,0.0,0.0,0.0,0.0,0.0,0.0,1.0,0.0,0.0,2.0,0.0,0.0,2.0,0.0,2.0,0.0,1.0,0.0,12.0,10.0,12.0,1.0,0.0,aabbbbcc
2010-05-07T00:00:00.000,0.0,0.0,0.0,0.0,0.0,0.0,0.0,1.0,0.0,0.0,0.0,0.0,0.0,0.0,0.0,0.0,0.0,0.0,1.0,10.0,2.0,6.0,6.0,0.0,bbbbbbcc
2010-05-08T00:00:00.000,0.0,0.0,0.0,0.0,0.0,0.0,0.0,3.0,0.0,1.0,0.0,0.0,1.0,0.0,0.0,0.0,0.0,6.0,3.0,1.0,4.0,2.0,7.0,0.0,aabbbbcc
2010-05-09T00:00:00.000,0.0,0.0,0.0,0.0,0.0,0.0,0.0,2.0,0.0,1.0,0.0,0.0,1.0,0.0,0.0,1.0,0.0,6.0,4.0,1.0,6.0,1.0,2.0,0.0,aabbbccb
2010-05-10T00:00:00.000,0.0,0.0,0.0,0.0,0.0,0.0,0.0,1.0,0.0,0.0,0.0,0.0,0.0,0.0,0.0,1.0,0.0,1.0,2.0,4.0,4.0,0.0,0.0,0.0,aabaabca
2010-05-11T00:00:00.000,0.0,0.0,0.0,0.0,0.0,0.0,2.0,5.0,0.0,0.0,2.0,0.0,0.0,0.0,0.0,0.0,0.0,1.0,3.0,6.0,0.0,1.0,3.0,0.0,aacbabcb
2010-05-12T00:00:00.000,0.0,0.0,0.0,0.0,0.0,0.0,2.0,10.0,0.0,3.0,3.0,0.0,0.0,0.0,2.0,0.0,0.0,0.0,3.0,2.0,0.0,1.0,3.0,0.0,aacbbabb
2010-05-13T00:00:00.000,0.0,0.0,0.0,0.0,0.0,0.0,0.0,13.0,0.0,3.0,2.0,1.0,0.0,1.0,3.0,0.0,0.0,0.0,0.0,0.0,0.0,0.0,6.0,0.0,bbcbbbbb
2010-05-14T00:00:00.000,0.0,0.0,0.0,0.0,0.0,0.0,0.0,17.0,4.0,0.0,2.0,2.0,3.0,3.0,2.0,0.0,0.0,5.0,1.0,2.0,0.0,3.0,6.0,1.0,aacbbbbb
2010-05-15T00:00:00.000,0.0,0.0,0.0,0.0,0.0,0.0,0.0,10.0,4.0,4.0,3.0,4.0,4.0,2.0,1.0,0.0,0.0,16.0,4.0,2.0,1.0,8.0,0.0,1.0,aacbbcbb
2010-05-16T00:00:00.000,0.0,0.0,0.0,0.0,0.0,0.0,0.0,0.0,0.0,4.0,3.0,3.0,2.0,0.0,0.0,0.0,0.0,11.0,3.0,0.0,1.0,5.0,6.0,0.0,aaacbcbc
2010-05-17T00:00:00.000,0.0,0.0,0.0,0.0,0.0,0.0,0.0,3.0,5.0,0.0,2.0,0.0,1.0,0.0,0.0,2.0,0.0,5.0,1.0,4.0,4.0,0.0,6.0,0.0,aacbaccb
2010-05-18T00:00:00.000,0.0,0.0,0.0,0.0,0.0,0.0,2.0,8.0,5.0,1.0,4.0,2.0,0.0,0.0,0.0,2.0,0.0,5.0,1.0,6.0,8.0,6.0,0.0,0.0,aacbabcb
2010-05-19T00:00:00.000,0.0,0.0,0.0,0.0,0.0,0.0,3.0,5.0,1.0,1.0,3.0,2.0,0.0,0.0,0.0,2.0,0.0,0.0,0.0,7.0,6.0,7.0,1.0,0.0,aacbabcc
2010-05-20T00:00:00.000,0.0,0.0,0.0,0.0,0.0,0.0,1.0,1.0,1.0,0.0,0.0,0.0,0.0,0.0,1.0,2.0,0.0,0.0,1.0,5.0,2.0,1.0,1.0,0.0,aababbcb
2010-05-21T00:00:00.000,0.0,0.0,0.0,0.0,0.0,0.0,0.0,1.0,2.0,0.0,8.0,4.0,1.0,0.0,1.0,0.0,0.0,0.0,1.0,0.0,1.0,0.0,1.0,0.0,aabcbabb
2010-05-22T00:00:00.000,0.0,0.0,0.0,0.0,0.0,0.0,0.0,3.0,13.0,0.0,11.0,4.0,4.0,3.0,0.0,0.0,0.0,6.0,4.0,2.0,2.0,5.0,3.0,0.0,aaccbbbb
2010-05-23T00:00:00.000,0.0,0.0,0.0,0.0,0.0,0.0,0.0,7.0,11.0,0.0,3.0,0.0,3.0,3.0,0.0,0.0,2.0,7.0,7.0,2.0,7.0,7.0,5.0,0.0,aacabbcb
2010-05-24T00:00:00.000,0.0,0.0,0.0,0.0,0.0,0.0,1.0,4.0,0.0,0.0,0.0,0.0,0.0,0.0,0.0,0.0,2.0,1.0,3.0,2.0,7.0,3.0,4.0,0.0,aabaabcc
2010-05-25T00:00:00.000,0.0,0.0,0.0,0.0,0.0,0.0,1.0,6.0,1.0,0.0,0.0,0.0,0.0,0.0,0.0,0.0,0.0,2.0,1.0,3.0,1.0,7.0,4.0,0.0,aacaabbc
2010-05-26T00:00:00.000,0.0,0.0,0.0,0.0,0.0,0.0,0.0,7.0,2.0,0.0,0.0,0.0,0.0,0.0,0.0,0.0,0.0,2.0,2.0,8.0,1.0,8.0,6.0,0.0,aacaabcc
2010-05-27T00:00:00.000,0.0,0.0,0.0,0.0,0.0,0.0,1.0,5.0,1.0,0.0,0.0,0.0,0.0,1.0,1.0,0.0,0.0,0.0,4.0,9.0,5.0,2.0,6.0,1.0,aababacc
2010-05-28T00:00:00.000,0.0,0.0,0.0,0.0,0.0,0.0,1.0,4.0,5.0,4.0,0.0,0.0,0.0,1.0,4.0,0.0,0.0,2.0,7.0,2.0,6.0,0.0,6.0,1.0,aacbbacb
2010-05-29T00:00:00.000,0.0,0.0,0.0,0.0,0.0,0.0,0.0,1.0,5.0,4.0,0.0,1.0,4.0,1.0,3.0,0.0,1.0,7.0,9.0,4.0,5.0,0.0,6.0,0.0,aabbbbcb
2010-05-30T00:00:00.000,0.0,0.0,0.0,0.0,0.0,0.0,0.0,1.0,0.0,4.0,3.0,3.0,5.0,2.0,0.0,1.0,2.0,6.0,10.0,7.0,4.0,1.0,3.0,0.0,aaacbbcb
2010-05-31T00:00:00.000,0.0,0.0,0.0,0.0,0.0,0.0,0.0,2.0,0.0,4.0,3.0,2.0,1.0,1.0,0.0,1.0,1.0,1.0,9.0,4.0,3.0,1.0,0.0,0.0,aabcbbca
2010-06-01T00:00:00.000,0.0,0.0,0.0,0.0,0.0,0.0,0.0,2.0,0.0,0.0,0.0,0.0,0.0,0.0,1.0,0.0,0.0,1.0,8.0,3.0,2.0,0.0,1.0,0.0,bbbbbbcb
2010-06-02T00:00:00.000,0.0,0.0,0.0,0.0,0.0,0.0,0.0,1.0,0.0,0.0,0.0,0.0,0.0,4.0,4.0,0.0,0.0,4.0,5.0,5.0,1.0,2.0,1.0,0.0,aaaacbcb
2010-06-03T00:00:00.000,0.0,0.0,0.0,0.0,0.0,0.0,0.0,1.0,3.0,0.0,0.0,3.0,0.0,4.0,3.0,0.0,0.0,3.0,3.0,5.0,6.0,3.0,2.0,0.0,aabbcbcb
2010-06-04T00:00:00.000,0.0,0.0,0.0,0.0,0.0,0.0,0.0,0.0,3.0,0.0,0.0,3.0,0.0,0.0,0.0,0.0,0.0,1.0,3.0,2.0,7.0,1.0,3.0,3.0,aabbabcc
2010-06-05T00:00:00.000,0.0,0.0,0.0,0.0,0.0,0.0,0.0,0.0,0.0,0.0,0.0,3.0,1.0,4.0,1.0,3.0,0.0,3.0,3.0,1.0,6.0,2.0,1.0,3.0,aaabbbcb
2010-06-06T00:00:00.000,0.0,0.0,0.0,0.0,0.0,0.0,0.0,1.0,2.0,0.0,0.0,5.0,1.0,4.0,1.0,5.0,0.0,3.0,3.0,1.0,6.0,5.0,0.0,0.0,aabbbccb
2010-06-07T00:00:00.000,0.0,0.0,0.0,0.0,0.0,0.0,0.0,4.0,3.0,0.0,2.0,5.0,0.0,0.0,3.0,2.0,1.0,1.0,1.0,0.0,4.0,4.0,1.0,0.0,aaccbbbb
2010-06-08T00:00:00.000,0.0,0.0,0.0,0.0,0.0,0.0,0.0,6.0,2.0,0.0,2.0,4.0,2.0,2.0,5.0,2.0,1.0,1.0,1.0,0.0,2.0,2.0,2.0,0.0,aacbcbbb
2010-06-09T00:00:00.000,0.0,0.0,0.0,0.0,0.0,0.0,0.0,6.0,1.0,0.0,2.0,1.0,2.0,2.0,4.0,2.0,0.0,1.0,3.0,1.0,1.0,5.0,3.0,0.0,aacbcbbc
2010-06-10T00:00:00.000,0.0,0.0,0.0,0.0,0.0,0.0,0.0,4.0,1.0,0.0,2.0,2.0,0.0,0.0,3.0,0.0,0.0,1.0,3.0,3.0,1.0,6.0,4.0,0.0,aabbbacc
2010-06-11T00:00:00.000,0.0,0.0,0.0,0.0,0.0,0.0,0.0,2.0,3.0,8.0,1.0,2.0,2.0,0.0,1.0,0.0,0.0,1.0,2.0,6.0,5.0,5.0,3.0,0.0,aabcbacb
2010-06-12T00:00:00.000,0.0,0.0,0.0,0.0,0.0,0.0,3.0,8.0,3.0,8.0,1.0,0.0,2.0,0.0,0.0,0.0,0.0,0.0,1.0,4.0,5.0,3.0,1.0,0.0,aaccbacb
2010-06-13T00:00:00.000,0.0,0.0,0.0,0.0,0.0,0.0,3.0,7.0,1.0,0.0,3.0,8.0,3.0,0.0,0.0,0.0,1.0,4.0,2.0,2.0,4.0,6.0,0.0,0.0,aaccbbbb
2010-06-14T00:00:00.000,0.0,0.0,0.0,0.0,0.0,0.0,0.0,1.0,0.0,0.0,3.0,8.0,3.0,1.0,0.0,0.0,2.0,4.0,2.0,8.0,9.0,9.0,0.0,0.0,aaacbbcb
2010-06-15T00:00:00.000,0.0,0.0,0.0,0.0,0.0,0.0,0.0,1.0,3.0,0.0,0.0,0.0,0.0,1.0,4.0,0.0,1.0,0.0,2.0,12.0,6.0,3.0,2.0,0.0,aababbcb
2010-06-16T00:00:00.000,0.0,0.0,0.0,0.0,0.0,0.0,0.0,4.0,3.0,0.0,1.0,0.0,0.0,0.0,4.0,0.0,0.0,0.0,2.0,6.0,2.0,8.0,4.0,0.0,aababacc
2010-06-17T00:00:00.000,0.0,0.0,0.0,0.0,0.0,0.0,0.0,13.0,0.0,0.0,2.0,0.0,0.0,0.0,0.0,0.0,0.0,0.0,0.0,0.0,1.0,8.0,2.0,0.0,bbcbbbbc
2010-06-18T00:00:00.000,0.0,0.0,0.0,0.0,0.0,0.0,0.0,9.0,0.0,0.0,1.0,2.0,11.0,4.0,4.0,5.0,1.0,4.0,5.0,3.0,0.0,0.0,0.0,0.0,aabbcbba
2010-06-19T00:00:00.000,0.0,0.0,0.0,0.0,0.0,0.0,0.0,0.0,0.0,0.0,0.0,2.0,15.0,4.0,6.0,6.0,2.0,4.0,5.0,3.0,0.0,0.0,0.0,0.0,aaabccba
2010-06-20T00:00:00.000,0.0,0.0,0.0,0.0,0.0,0.0,0.0,0.0,4.0,2.0,6.0,1.0,4.0,0.0,2.0,1.0,1.0,5.0,0.0,0.0,0.0,0.0,0.0,0.0,aabcccaa
2010-06-21T00:00:00.000,0.0,0.0,0.0,0.0,0.0,0.0,0.0,0.0,6.0,9.0,6.0,1.0,0.0,5.0,0.0,0.0,3.0,10.0,0.0,0.0,0.0,0.0,0.0,0.0,aabcbcaa
2010-06-22T00:00:00.000,0.0,0.0,0.0,0.0,0.0,0.0,0.0,0.0,6.0,8.0,1.0,1.0,0.0,10.0,4.0,2.0,3.0,5.0,0.0,0.0,0.0,6.0,5.0,1.0,aabbcbac
2010-06-23T00:00:00.000,0.0,0.0,0.0,0.0,0.0,0.0,0.0,5.0,7.0,2.0,1.0,3.0,0.0,6.0,4.0,2.0,2.0,5.0,4.0,1.0,0.0,7.0,5.0,1.0,aacbbbbc
2010-06-24T00:00:00.000,0.0,0.0,0.0,0.0,0.0,0.0,0.0,5.0,3.0,1.0,0.0,2.0,0.0,1.0,2.0,3.0,2.0,5.0,4.0,5.0,2.0,4.0,5.0,0.0,aabbbccc
2010-06-25T00:00:00.000,0.0,0.0,0.0,0.0,0.0,0.0,0.0,0.0,1.0,0.0,1.0,2.0,0.0,0.0,2.0,4.0,0.0,0.0,0.0,7.0,7.0,6.0,11.0,1.0,aaabbbcc
2010-06-26T00:00:00.000,0.0,0.0,0.0,0.0,0.0,0.0,0.0,0.0,2.0,1.0,1.0,4.0,0.0,7.0,0.0,2.0,1.0,3.0,4.0,5.0,5.0,7.0,12.0,1.0,aaabbbcc
2010-06-27T00:00:00.000,0.0,0.0,0.0,0.0,0.0,0.0,2.0,1.0,3.0,3.0,0.0,2.0,0.0,7.0,0.0,3.0,1.0,8.0,4.0,4.0,4.0,6.0,6.0,0.0,aabbbccc
2010-06-28T00:00:00.000,0.0,0.0,0.0,0.0,0.0,0.0,2.0,1.0,10.0,5.0,1.0,0.0,0.0,1.0,2.0,4.0,0.0,5.0,1.0,8.0,5.0,7.0,2.0,0.0,aacbbbcb
2010-06-29T00:00:00.000,0.0,0.0,0.0,0.0,0.0,0.0,0.0,4.0,8.0,3.0,3.0,1.0,0.0,2.0,2.0,2.0,0.0,0.0,2.0,7.0,1.0,11.0,6.0,0.0,aacbbabc
2010-06-30T00:00:00.000,0.0,0.0,0.0,0.0,0.0,0.0,0.0,5.0,2.0,0.0,2.0,5.0,0.0,6.0,0.0,7.0,8.0,1.0,1.0,2.0,1.0,7.0,5.0,0.0,aabbbcbc
2010-07-01T00:00:00.000,0.0,0.0,0.0,0.0,0.0,0.0,0.0,2.0,6.0,0.0,0.0,4.0,0.0,6.0,0.0,7.0,9.0,5.0,0.0,2.0,1.0,2.0,3.0,4.0,aabbbcbb
2010-07-02T00:00:00.000,0.0,0.0,0.0,0.0,0.0,0.0,0.0,1.0,6.0,4.0,6.0,1.0,0.0,1.0,6.0,1.0,2.0,4.0,0.0,5.0,1.0,3.0,3.0,4.0,aabcbbbc
2010-07-03T00:00:00.000,0.0,0.0,0.0,0.0,0.0,0.0,0.0,2.0,6.0,7.0,6.0,1.0,0.0,2.0,6.0,1.0,1.0,0.0,0.0,4.0,1.0,2.0,1.0,2.0,aabcbabb
2010-07-04T00:00:00.000,2.0,0.0,0.0,0.0,0.0,0.0,0.0,2.0,4.0,3.0,0.0,0.0,6.0,2.0,0.0,0.0,2.0,2.0,4.0,5.0,0.0,0.0,0.0,2.0,babbcbcb
2010-07-05T00:00:00.000,2.0,0.0,0.0,0.0,0.0,0.0,0.0,2.0,1.0,1.0,0.0,2.0,6.0,0.0,0.0,0.0,2.0,2.0,4.0,5.0,2.0,1.0,0.0,1.0,babbbbcb
2010-07-06T00:00:00.000,0.0,0.0,0.0,0.0,0.0,0.0,0.0,2.0,1.0,1.0,0.0,3.0,0.0,0.0,0.0,0.0,0.0,0.0,0.0,0.0,4.0,6.0,2.0,1.0,aabbaabc
2010-07-07T00:00:00.000,0.0,0.0,0.0,0.0,0.0,0.0,0.0,1.0,0.0,0.0,3.0,2.0,1.0,3.0,1.0,0.0,3.0,11.0,0.0,6.0,7.0,9.0,4.0,0.0,aaabbccc
2010-07-08T00:00:00.000,0.0,0.0,0.0,0.0,0.0,0.0,0.0,2.0,0.0,0.0,3.0,1.0,1.0,3.0,1.0,2.0,3.0,12.0,2.0,6.0,5.0,9.0,7.0,3.0,aaabbccc
2010-07-09T00:00:00.000,0.0,0.0,0.0,0.0,0.0,0.0,0.0,1.0,5.0,2.0,4.0,0.0,0.0,0.0,1.0,2.0,1.0,4.0,2.0,0.0,0.0,8.0,5.0,5.0,aabbabac
2010-07-10T00:00:00.000,0.0,0.0,0.0,0.0,0.0,0.0,0.0,0.0,7.0,2.0,4.0,0.0,0.0,0.0,1.0,0.0,2.0,4.0,2.0,0.0,4.0,6.0,0.0,2.0,aacbabbc
2010-07-11T00:00:00.000,0.0,0.0,0.0,0.0,0.0,0.0,0.0,3.0,2.0,0.0,0.0,0.0,0.0,0.0,0.0,0.0,1.0,3.0,2.0,0.0,4.0,3.0,0.0,0.0,aacaaccb
2010-07-12T00:00:00.000,0.0,0.0,0.0,0.0,0.0,0.0,0.0,5.0,5.0,0.0,4.0,0.0,0.0,0.0,0.0,0.0,2.0,2.0,3.0,1.0,1.0,0.0,1.0,0.0,aacbabbb
2010-07-13T00:00:00.000,0.0,0.0,0.0,0.0,0.0,0.0,0.0,3.0,7.0,0.0,7.0,0.0,0.0,0.0,0.0,0.0,6.0,0.0,3.0,1.0,1.0,3.0,7.0,0.0,aacbabbc
2010-07-14T00:00:00.000,1.0,1.0,0.0,0.0,0.0,0.0,0.0,1.0,2.0,0.0,3.0,0.0,0.0,0.0,0.0,0.0,4.0,0.0,0.0,0.0,0.0,5.0,7.0,3.0,babbabac
2010-07-15T00:00:00.000,1.0,1.0,0.0,0.0,0.0,0.0,0.0,0.0,4.0,4.0,0.0,0.0,0.0,0.0,0.0,0.0,0.0,0.0,1.0,0.0,7.0,3.0,1.0,3.0,babbaacc
2010-07-16T00:00:00.000,0.0,0.0,0.0,0.0,0.0,0.0,0.0,0.0,9.0,6.0,0.0,0.0,0.0,0.0,0.0,0.0,0.0,1.0,1.0,0.0,10.0,6.0,1.0,0.0,aacbabcb
2010-07-17T00:00:00.000,0.0,0.0,0.0,0.0,0.0,0.0,0.0,0.0,7.0,5.0,0.0,0.0,0.0,0.0,0.0,0.0,0.0,1.0,0.0,0.0,5.0,5.0,2.0,1.0,aacbabbc
2010-07-18T00:00:00.000,0.0,0.0,0.0,0.0,0.0,0.0,0.0,1.0,2.0,6.0,6.0,4.0,1.0,0.0,0.0,3.0,3.0,0.0,0.0,0.0,2.0,0.0,1.0,1.0,aabcabbb
2010-07-19T00:00:00.000,0.0,0.0,0.0,0.0,0.0,0.0,0.0,3.0,0.0,3.0,6.0,5.0,3.0,0.0,0.0,3.0,3.0,1.0,3.0,0.0,0.0,0.0,0.0,1.0,aabcbcba
2010-07-20T00:00:00.000,0.0,0.0,0.0,0.0,0.0,0.0,0.0,4.0,2.0,4.0,1.0,2.0,2.0,2.0,1.0,0.0,0.0,3.0,3.0,0.0,0.0,0.0,0.0,1.0,aacccbba
2010-07-21T00:00:00.000,0.0,0.0,0.0,0.0,0.0,0.0,0.0,2.0,2.0,6.0,5.0,1.0,0.0,2.0,1.0,0.0,4.0,4.0,1.0,0.0,0.0,0.0,3.0,0.0,aabcbcab
2010-07-22T00:00:00.000,0.0,0.0,0.0,0.0,0.0,0.0,1.0,0.0,0.0,5.0,5.0,0.0,0.0,0.0,0.0,0.0,4.0,2.0,1.0,0.0,0.0,2.0,7.0,2.0,aaacabac
2010-07-23T00:00:00.000,0.0,0.0,0.0,0.0,0.0,0.0,1.0,0.0,5.0,3.0,3.0,3.0,0.0,0.0,0.0,0.0,0.0,0.0,1.0,2.0,0.0,2.0,4.0,3.0,aaccaabc
2010-07-24T00:00:00.000,0.0,0.0,0.0,0.0,0.0,0.0,0.0,0.0,8.0,4.0,3.0,3.0,0.0,0.0,0.0,0.0,0.0,2.0,1.0,2.0,0.0,0.0,0.0,1.0,aaccabbb
2010-07-25T00:00:00.000,0.0,0.0,0.0,0.0,0.0,0.0,0.0,0.0,3.0,4.0,1.0,0.0,4.0,1.0,0.0,0.0,0.0,2.0,2.0,1.0,0.0,3.0,3.0,0.0,aabccbbc
2010-07-26T00:00:00.000,0.0,0.0,0.0,0.0,0.0,0.0,0.0,0.0,0.0,0.0,0.0,0.0,4.0,1.0,0.0,0.0,0.0,5.0,4.0,4.0,0.0,12.0,4.0,0.0,aaaabbcc
2010-07-27T00:00:00.000,0.0,0.0,0.0,0.0,0.0,0.0,0.0,0.0,0.0,0.0,0.0,0.0,0.0,3.0,0.0,1.0,0.0,6.0,3.0,5.0,0.0,11.0,2.0,0.0,aaaabbcc
2010-07-28T00:00:00.000,0.0,0.0,0.0,0.0,0.0,0.0,0.0,0.0,3.0,1.0,1.0,0.0,0.0,3.0,0.0,1.0,1.0,1.0,2.0,5.0,1.0,2.0,2.0,0.0,aabbbbcb
2010-07-29T00:00:00.000,0.0,0.0,0.0,0.0,0.0,0.0,0.0,0.0,4.0,1.0,1.0,0.0,0.0,0.0,0.0,0.0,1.0,1.0,1.0,5.0,9.0,2.0,3.0,1.0,aabbabcb
2010-07-30T00:00:00.000,0.0,0.0,0.0,0.0,0.0,0.0,0.0,0.0,1.0,4.0,0.0,2.0,0.0,0.0,0.0,0.0,2.0,2.0,3.0,2.0,8.0,2.0,5.0,1.0,aaababcc
2010-07-31T00:00:00.000,0.0,0.0,0.0,0.0,0.0,0.0,0.0,0.0,4.0,9.0,7.0,4.0,3.0,0.0,0.0,0.0,4.0,2.0,5.0,1.0,1.0,2.0,7.0,0.0,aabcbbbb
2010-08-01T00:00:00.000,0.0,0.0,0.0,0.0,0.0,0.0,0.0,1.0,4.0,5.0,7.0,2.0,3.0,0.0,0.0,3.0,4.0,5.0,2.0,2.0,3.0,7.0,10.0,0.0,aabcacbc
2010-08-02T00:00:00.000,0.0,0.0,0.0,0.0,0.0,0.0,0.0,2.0,0.0,0.0,0.0,2.0,0.0,2.0,0.0,3.0,2.0,6.0,0.0,6.0,6.0,11.0,9.0,0.0,aabbbccc
2010-08-03T00:00:00.000,0.0,0.0,0.0,0.0,0.0,0.0,0.0,1.0,1.0,2.0,0.0,2.0,0.0,2.0,0.0,0.0,3.0,5.0,1.0,5.0,5.0,8.0,4.0,0.0,aabbbccc
2010-08-04T00:00:00.000,0.0,0.0,0.0,0.0,0.0,0.0,0.0,3.0,3.0,5.0,4.0,0.0,0.0,0.0,1.0,1.0,3.0,3.0,1.0,0.0,2.0,2.0,1.0,0.0,aaccacbb
2010-08-05T00:00:00.000,0.0,0.0,0.0,0.0,0.0,0.0,0.0,6.0,4.0,3.0,12.0,0.0,0.0,1.0,1.0,3.0,0.0,0.0,0.0,2.0,1.0,1.0,1.0,0.0,aaccbbbb
2010-08-06T00:00:00.000,0.0,0.0,0.0,0.0,0.0,0.0,0.0,6.0,4.0,0.0,8.0,1.0,1.0,1.0,0.0,3.0,0.0,0.0,0.0,6.0,2.0,4.0,1.0,0.0,aaccbbcb
2010-08-07T00:00:00.000,0.0,0.0,0.0,0.0,0.0,0.0,0.0,5.0,3.0,0.0,3.0,1.0,1.0,1.0,0.0,5.0,0.0,5.0,4.0,4.0,6.0,11.0,7.0,0.0,aabbabcc
2010-08-08T00:00:00.000,0.0,0.0,0.0,0.0,0.0,0.0,0.0,2.0,3.0,0.0,3.0,0.0,0.0,1.0,0.0,6.0,0.0,10.0,7.0,0.0,4.0,11.0,8.0,0.0,aabbacbc
2010-08-09T00:00:00.000,0.0,0.0,0.0,0.0,0.0,0.0,0.0,0.0,7.0,1.0,1.0,2.0,0.0,6.0,3.0,5.0,0.0,7.0,3.0,5.0,1.0,4.0,2.0,0.0,aabbbcbb
2010-08-10T00:00:00.000,0.0,0.0,0.0,0.0,0.0,0.0,0.0,2.0,5.0,1.0,1.0,7.0,0.0,6.0,9.0,3.0,4.0,2.0,0.0,11.0,3.0,7.0,1.0,0.0,aabbcbcb
2010-08-11T00:00:00.000,0.0,0.0,0.0,0.0,0.0,0.0,0.0,4.0,1.0,2.0,0.0,7.0,0.0,1.0,6.0,0.0,4.0,2.0,1.0,9.0,4.0,6.0,1.0,0.0,aabbbbcb
2010-08-12T00:00:00.000,0.0,0.0,0.0,0.0,0.0,0.0,0.0,2.0,7.0,2.0,0.0,2.0,0.0,2.0,0.0,0.0,0.0,8.0,5.0,6.0,6.0,3.0,1.0,0.0,aacbabcb
2010-08-13T00:00:00.000,0.0,0.0,0.0,0.0,0.0,0.0,0.0,1.0,9.0,0.0,1.0,2.0,0.0,1.0,0.0,1.0,3.0,11.0,10.0,6.0,9.0,7.0,0.0,0.0,aabbaccb
2010-08-14T00:00:00.000,0.0,0.0,0.0,0.0,0.0,0.0,0.0,1.0,5.0,3.0,6.0,2.0,3.0,5.0,4.0,3.0,3.0,13.0,12.0,4.0,5.0,4.0,0.0,0.0,aabbbcca
2010-08-15T00:00:00.000,0.0,0.0,0.0,0.0,0.0,0.0,0.0,0.0,4.0,3.0,5.0,1.0,3.0,5.0,5.0,2.0,2.0,9.0,9.0,5.0,0.0,2.0,0.0,0.0,aabbccca
2010-08-16T00:00:00.000,0.0,0.0,0.0,0.0,0.0,0.0,0.0,4.0,11.0,0.0,0.0,3.0,0.0,0.0,1.0,0.0,9.0,4.0,4.0,8.0,2.0,3.0,1.0,0.0,aacbaccb
2010-08-17T00:00:00.000,0.0,0.0,0.0,0.0,0.0,0.0,0.0,5.0,11.0,0.0,0.0,2.0,1.0,0.0,5.0,1.0,7.0,10.0,3.0,6.0,4.0,1.0,3.0,0.0,aacabccb
2010-08-18T00:00:00.000,0.0,0.0,0.0,0.0,0.0,0.0,0.0,1.0,9.0,0.0,4.0,0.0,1.0,0.0,7.0,1.0,0.0,7.0,5.0,5.0,6.0,3.0,5.0,0.0,aabbbbcb
2010-08-19T00:00:00.000,0.0,0.0,0.0,0.0,0.0,0.0,0.0,2.0,8.0,0.0,4.0,0.0,0.0,0.0,2.0,1.0,0.0,0.0,4.0,8.0,4.0,4.0,3.0,0.0,aacbbacb
2010-08-20T00:00:00.000,0.0,0.0,0.0,0.0,0.0,0.0,0.0,3.0,3.0,3.0,1.0,1.0,0.0,2.0,6.0,2.0,3.0,3.0,3.0,6.0,3.0,1.0,4.0,0.0,aabbcccb
2010-08-21T00:00:00.000,0.0,0.0,0.0,0.0,0.0,0.0,0.0,6.0,5.0,3.0,2.0,2.0,1.0,3.0,7.0,1.0,8.0,3.0,2.0,2.0,6.0,1.0,4.0,0.0,aacbccbb
2010-08-22T00:00:00.000,0.0,0.0,0.0,0.0,0.0,0.0,0.0,6.0,4.0,0.0,4.0,3.0,2.0,1.0,1.0,4.0,6.0,2.0,0.0,4.0,6.0,4.0,0.0,0.0,aacbbccb
2010-08-23T00:00:00.000,0.0,0.0,0.0,0.0,0.0,0.0,0.0,4.0,4.0,1.0,3.0,2.0,2.0,0.0,1.0,5.0,1.0,3.0,0.0,3.0,3.0,4.0,0.0,0.0,aacbbcbb
2010-08-24T00:00:00.000,0.0,0.0,0.0,0.0,0.0,0.0,0.0,6.0,10.0,1.0,0.0,0.0,1.0,0.0,6.0,1.0,0.0,3.0,0.0,1.0,2.0,7.0,0.0,0.0,aacabbbb
2010-08-25T00:00:00.000,0.0,0.0,0.0,0.0,0.0,0.0,3.0,6.0,8.0,0.0,0.0,0.0,0.0,0.0,5.0,0.0,0.0,2.0,0.0,3.0,2.0,6.0,2.0,0.0,aacabbbc
2010-08-26T00:00:00.000,0.0,0.0,0.0,0.0,0.0,0.0,3.0,7.0,1.0,0.0,0.0,0.0,0.0,0.0,1.0,0.0,0.0,0.0,0.0,4.0,3.0,1.0,6.0,0.0,aacabacc
2010-08-27T00:00:00.000,0.0,0.0,0.0,0.0,0.0,0.0,0.0,8.0,0.0,0.0,0.0,0.0,0.0,0.0,1.0,0.0,1.0,6.0,2.0,3.0,6.0,3.0,4.0,1.0,aacaabcc
2010-08-28T00:00:00.000,0.0,0.0,0.0,0.0,0.0,0.0,0.0,4.0,0.0,0.0,0.0,0.0,0.0,0.0,0.0,0.0,1.0,6.0,3.0,6.0,6.0,2.0,2.0,1.0,aabaaccb
2010-08-29T00:00:00.000,0.0,0.0,0.0,0.0,0.0,0.0,0.0,1.0,1.0,0.0,0.0,0.0,0.0,0.0,0.0,0.0,1.0,0.0,3.0,5.0,3.0,3.0,3.0,0.0,aabaabcc
2010-08-30T00:00:00.000,0.0,0.0,0.0,0.0,0.0,0.0,0.0,1.0,1.0,0.0,0.0,1.0,0.0,4.0,0.0,1.0,1.0,3.0,2.0,7.0,2.0,4.0,6.0,0.0,aababbcc
2010-08-31T00:00:00.000,0.0,0.0,0.0,0.0,0.0,0.0,0.0,2.0,1.0,0.0,0.0,1.0,0.0,4.0,0.0,1.0,0.0,6.0,4.0,14.0,2.0,1.0,7.0,0.0,aababbcb
2010-09-01T00:00:00.000,0.0,0.0,0.0,0.0,0.0,0.0,0.0,9.0,1.0,0.0,0.0,3.0,0.0,0.0,1.0,4.0,5.0,3.0,4.0,7.0,0.0,0.0,2.0,0.0,aacbaccb
2010-09-02T00:00:00.000,0.0,0.0,0.0,0.0,0.0,0.0,0.0,7.0,7.0,0.0,0.0,3.0,0.0,2.0,2.0,4.0,5.0,0.0,1.0,4.0,0.0,5.0,1.0,0.0,aacbbcbb
2010-09-03T00:00:00.000,0.0,0.0,0.0,0.0,0.0,0.0,0.0,4.0,11.0,0.0,0.0,5.0,4.0,2.0,1.0,0.0,4.0,0.0,2.0,7.0,0.0,6.0,1.0,0.0,aacbbbbb
2010-09-04T00:00:00.000,0.0,0.0,0.0,0.0,0.0,0.0,0.0,4.0,4.0,0.0,0.0,5.0,6.0,1.0,0.0,0.0,4.0,0.0,4.0,10.0,1.0,3.0,6.0,0.0,aabbbbcb
2010-09-05T00:00:00.000,0.0,0.0,0.0,0.0,0.0,0.0,0.0,3.0,0.0,0.0,0.0,0.0,2.0,1.0,1.0,0.0,0.0,3.0,3.0,10.0,3.0,9.0,7.0,0.0,aababbcc
2010-09-06T00:00:00.000,0.0,0.0,0.0,0.0,0.0,0.0,1.0,3.0,1.0,0.0,0.0,0.0,0.0,0.0,2.0,0.0,0.0,7.0,0.0,7.0,3.0,8.0,3.0,0.0,aababbcc
2010-09-07T00:00:00.000,0.0,0.0,0.0,0.0,0.0,0.0,1.0,1.0,4.0,0.0,3.0,0.0,0.0,0.0,5.0,0.0,0.0,4.0,2.0,5.0,2.0,5.0,2.0,0.0,aabbbbcc
2010-09-08T00:00:00.000,0.0,0.0,0.0,0.0,0.0,0.0,0.0,1.0,3.0,0.0,4.0,0.0,0.0,0.0,4.0,0.0,0.0,0.0,3.0,3.0,1.0,4.0,0.0,0.0,aabbbacb
2010-09-09T00:00:00.000,0.0,0.0,0.0,0.0,0.0,0.0,0.0,0.0,0.0,0.0,1.0,0.0,0.0,0.0,0.0,0.0,0.0,0.0,1.0,3.0,0.0,0.0,1.0,0.0,bbbbbbcb
2010-09-10T00:00:00.000,0.0,0.0,0.0,0.0,0.0,0.0,0.0,0.0,0.0,0.0,2.0,0.0,0.0,0.0,1.0,2.0,4.0,0.0,0.0,2.0,0.0,11.0,3.0,3.0,aaabbbbc
2010-09-11T00:00:00.000,0.0,0.0,0.0,0.0,0.0,0.0,0.0,0.0,0.0,0.0,2.0,0.0,0.0,0.0,1.0,2.0,9.0,5.0,2.0,1.0,2.0,14.0,4.0,3.0,aaabacbc
2010-09-12T00:00:00.000,0.0,0.0,0.0,0.0,0.0,0.0,0.0,1.0,0.0,0.0,1.0,0.0,0.0,0.0,0.0,0.0,5.0,8.0,3.0,7.0,2.0,6.0,3.0,0.0,aaaaaccc
2010-09-13T00:00:00.000,0.0,0.0,0.0,0.0,0.0,0.0,0.0,1.0,0.0,0.0,1.0,0.0,0.0,0.0,0.0,0.0,0.0,3.0,7.0,8.0,5.0,5.0,2.0,0.0,aabbabcb
2010-09-14T00:00:00.000,0.0,0.0,0.0,0.0,0.0,0.0,0.0,2.0,2.0,0.0,0.0,0.0,0.0,0.0,0.0,1.0,1.0,1.0,7.0,4.0,6.0,2.0,2.0,0.0,aabaabcb
2010-09-15T00:00:00.000,0.0,0.0,0.0,0.0,0.0,0.0,0.0,2.0,2.0,0.0,0.0,1.0,0.0,0.0,0.0,1.0,1.0,4.0,1.0,5.0,2.0,0.0,1.0,0.0,aabbaccb
2010-09-16T00:00:00.000,0.0,0.0,0.0,0.0,0.0,0.0,0.0,0.0,5.0,2.0,0.0,7.0,0.0,0.0,0.0,0.0,0.0,3.0,0.0,2.0,1.0,0.0,3.0,0.0,aabcabbb
2010-09-17T00:00:00.000,0.0,0.0,0.0,0.0,0.0,0.0,0.0,0.0,7.0,3.0,1.0,6.0,0.0,3.0,0.0,0.0,0.0,0.0,0.0,0.0,0.0,4.0,4.0,2.0,aaccbaac
2010-09-18T00:00:00.000,0.0,0.0,0.0,0.0,0.0,0.0,0.0,1.0,2.0,1.0,1.0,0.0,0.0,3.0,0.0,0.0,0.0,1.0,0.0,2.0,0.0,4.0,2.0,2.0,aabbbbbc
2010-09-19T00:00:00.000,0.0,0.0,0.0,0.0,0.0,0.0,0.0,1.0,0.0,1.0,3.0,0.0,0.0,0.0,0.0,1.0,0.0,5.0,0.0,2.0,0.0,0.0,1.0,0.0,aabcacbb
2010-09-20T00:00:00.000,0.0,0.0,0.0,0.0,0.0,0.0,0.0,0.0,3.0,1.0,3.0,0.0,0.0,0.0,0.0,1.0,3.0,4.0,0.0,5.0,0.0,0.0,0.0,0.0,aabbacca
2010-09-21T00:00:00.000,0.0,0.0,0.0,0.0,0.0,0.0,0.0,0.0,3.0,0.0,0.0,0.0,0.0,0.0,0.0,1.0,3.0,0.0,2.0,13.0,0.0,5.0,0.0,0.0,bbbbbbcb
2010-09-22T00:00:00.000,0.0,0.0,0.0,0.0,0.0,0.0,0.0,0.0,0.0,0.0,6.0,2.0,1.0,0.0,0.0,2.0,0.0,0.0,2.0,8.0,0.0,5.0,0.0,0.0,aaacbbcb
2010-09-23T00:00:00.000,0.0,0.0,0.0,0.0,0.0,0.0,0.0,0.0,0.0,0.0,6.0,2.0,1.0,0.0,0.0,1.0,1.0,4.0,4.0,1.0,0.0,0.0,0.0,0.0,aaacbcca
2010-09-24T00:00:00.000,0.0,0.0,0.0,0.0,0.0,0.0,0.0,0.0,2.0,1.0,1.0,0.0,0.0,1.0,0.0,0.0,1.0,4.0,7.0,1.0,0.0,1.0,0.0,0.0,aabbbccb
2010-09-25T00:00:00.000,0.0,0.0,0.0,0.0,0.0,0.0,0.0,1.0,8.0,1.0,1.0,0.0,0.0,1.0,0.0,0.0,0.0,0.0,6.0,0.0,0.0,3.0,0.0,0.0,aacbbacb
2010-09-26T00:00:00.000,0.0,0.0,0.0,0.0,0.0,0.0,0.0,1.0,6.0,0.0,0.0,0.0,0.0,0.0,0.0,0.0,2.0,2.0,3.0,0.0,0.0,3.0,0.0,0.0,aacaabbb
2010-09-27T00:00:00.000,0.0,0.0,0.0,0.0,0.0,0.0,0.0,0.0,0.0,0.0,1.0,0.0,0.0,0.0,0.0,0.0,2.0,2.0,0.0,1.0,2.0,1.0,1.0,0.0,aaabaccb
2010-09-28T00:00:00.000,0.0,0.0,0.0,0.0,0.0,0.0,0.0,0.0,0.0,0.0,2.0,0.0,0.0,1.0,0.0,0.0,0.0,0.0,0.0,1.0,4.0,1.0,1.0,0.0,aaabbacb
2010-09-29T00:00:00.000,0.0,0.0,0.0,0.0,0.0,0.0,0.0,0.0,0.0,0.0,2.0,2.0,0.0,1.0,0.0,2.0,0.0,0.0,0.0,0.0,2.0,1.0,0.0,0.0,aaacbbbb
2010-09-30T00:00:00.000,0.0,0.0,0.0,0.0,0.0,0.0,0.0,0.0,2.0,0.0,1.0,2.0,0.0,0.0,1.0,2.0,0.0,0.0,0.0,0.0,0.0,0.0,0.0,0.0,aaccbcaa
2010-10-01T00:00:00.000,0.0,0.0,0.0,0.0,0.0,0.0,0.0,0.0,2.0,0.0,0.0,0.0,0.0,0.0,1.0,0.0,1.0,1.0,0.0,0.0,0.0,0.0,1.0,0.0,aacabcab
2010-10-02T00:00:00.000,0.0,0.0,0.0,0.0,0.0,0.0,0.0,1.0,3.0,1.0,0.0,0.0,0.0,0.0,0.0,0.0,1.0,1.0,0.0,0.0,0.0,1.0,1.0,0.0,aacbabab
2010-10-03T00:00:00.000,0.0,0.0,0.0,0.0,0.0,0.0,0.0,1.0,3.0,1.0,0.0,0.0,0.0,0.0,0.0,0.0,0.0,1.0,1.0,3.0,1.0,1.0,2.0,0.0,aacbabcc
2010-10-04T00:00:00.000,0.0,0.0,0.0,0.0,0.0,0.0,0.0,0.0,0.0,1.0,0.0,0.0,0.0,0.0,0.0,0.0,0.0,1.0,1.0,3.0,1.0,0.0,2.0,0.0,aaababcb
2010-10-05T00:00:00.000,0.0,0.0,0.0,0.0,0.0,0.0,0.0,0.0,0.0,1.0,1.0,1.0,0.0,0.0,0.0,0.0,0.0,0.0,0.0,0.0,0.0,0.0,0.0,0.0,bbbcbbbb
2010-10-06T00:00:00.000,0.0,0.0,0.0,0.0,0.0,0.0,0.0,0.0,0.0,0.0,1.0,1.0,0.0,0.0,0.0,0.0,0.0,0.0,0.0,0.0,0.0,0.0,0.0,0.0,bbbcbbbb
2010-10-12T00:00:00.000,0.0,0.0,0.0,0.0,0.0,0.0,0.0,0.0,0.0,0.0,0.0,0.0,0.0,0.0,3.0,0.0,0.0,0.0,0.0,0.0,0.0,0.0,0.0,0.0,bbbbcbbb
2010-10-13T00:00:00.000,0.0,0.0,0.0,0.0,0.0,0.0,0.0,0.0,0.0,0.0,0.0,0.0,0.0,0.0,3.0,0.0,0.0,0.0,0.0,0.0,0.0,0.0,0.0,0.0,bbbbcbbb
