2008-09-18T00:00:00.000,0.0,0.0,0.0,0.0,0.0,0.0,0.0,0.0,0.0,0.0,0.0,0.0,0.0,0.0,0.0,0.0,0.0,0.0,0.0,0.0,1.0,0.0,0.0,0.0,bbbbbbbb
2008-09-30T00:00:00.000,1.0,0.0,1.0,0.0,0.0,0.0,0.0,0.0,0.0,0.0,0.0,0.0,0.0,0.0,0.0,0.0,0.0,0.0,0.0,0.0,0.0,0.0,0.0,0.0,cbbbbbbb
2008-10-01T00:00:00.000,1.0,0.0,1.0,0.0,0.0,0.0,0.0,0.0,0.0,0.0,3.0,0.0,0.0,0.0,0.0,0.0,0.0,0.0,0.0,0.0,0.0,0.0,0.0,0.0,cbbcbbbb
2008-10-02T00:00:00.000,0.0,0.0,0.0,0.0,0.0,0.0,0.0,0.0,0.0,0.0,3.0,0.0,0.0,0.0,0.0,0.0,0.0,0.0,0.0,0.0,0.0,0.0,0.0,0.0,bbbcbbbb
2008-10-06T00:00:00.000,1.0,0.0,1.0,0.0,0.0,0.0,0.0,0.0,0.0,0.0,1.0,0.0,0.0,0.0,0.0,0.0,0.0,0.0,0.0,0.0,0.0,0.0,0.0,0.0,cbbbbbbb
2008-10-07T00:00:00.000,1.0,0.0,1.0,0.0,0.0,0.0,0.0,0.0,0.0,0.0,1.0,0.0,0.0,0.0,0.0,0.0,0.0,0.0,0.0,0.0,0.0,0.0,0.0,0.0,cbbbbbbb
2008-10-09T00:00:00.000,0.0,1.0,0.0,1.0,0.0,0.0,0.0,0.0,0.0,0.0,0.0,0.0,0.0,0.0,0.0,0.0,0.0,0.0,0.0,0.0,0.0,0.0,0.0,0.0,bbbbbbbb
2008-10-10T00:00:00.000,0.0,1.0,0.0,1.0,0.0,0.0,0.0,0.0,0.0,0.0,0.0,0.0,0.0,0.0,0.0,0.0,0.0,0.0,0.0,0.0,0.0,0.0,0.0,0.0,bbbbbbbb
2008-11-06T00:00:00.000,0.0,0.0,0.0,0.0,0.0,0.0,0.0,1.0,0.0,0.0,0.0,0.0,0.0,0.0,0.0,0.0,0.0,0.0,0.0,0.0,0.0,0.0,0.0,0.0,bbbbbbbb
2008-11-07T00:00:00.000,0.0,0.0,0.0,0.0,0.0,0.0,0.0,1.0,0.0,0.0,0.0,0.0,0.0,0.0,0.0,0.0,0.0,0.0,0.0,0.0,0.0,0.0,0.0,0.0,bbbbbbbb
2008-11-09T00:00:00.000,0.0,0.0,0.0,0.0,0.0,0.0,0.0,0.0,0.0,0.0,0.0,0.0,0.0,0.0,0.0,0.0,0.0,0.0,1.0,0.0,0.0,0.0,0.0,0.0,bbbbbbbb
2008-11-10T00:00:00.000,0.0,0.0,0.0,0.0,0.0,0.0,0.0,0.0,0.0,0.0,0.0,0.0,0.0,0.0,0.0,0.0,0.0,0.0,1.0,0.0,0.0,0.0,0.0,0.0,bbbbbbbb
2008-11-12T00:00:00.000,0.0,0.0,0.0,0.0,0.0,0.0,0.0,0.0,0.0,0.0,0.0,0.0,0.0,0.0,0.0,0.0,0.0,0.0,0.0,0.0,1.0,0.0,0.0,0.0,bbbbbbbb
2008-11-13T00:00:00.000,0.0,0.0,0.0,0.0,0.0,0.0,0.0,0.0,0.0,0.0,0.0,0.0,0.0,0.0,0.0,0.0,0.0,0.0,0.0,0.0,1.0,0.0,0.0,0.0,bbbbbbbb
2008-11-20T00:00:00.000,0.0,0.0,0.0,0.0,0.0,0.0,0.0,0.0,0.0,1.0,0.0,0.0,0.0,0.0,0.0,0.0,0.0,0.0,0.0,1.0,0.0,0.0,0.0,0.0,bbbbbbbb
2008-11-21T00:00:00.000,0.0,0.0,0.0,0.0,0.0,0.0,0.0,0.0,0.0,1.0,0.0,0.0,0.0,0.0,0.0,0.0,0.0,0.0,0.0,1.0,0.0,0.0,0.0,0.0,bbbbbbbb
2008-11-27T00:00:00.000,0.0,0.0,0.0,0.0,0.0,0.0,0.0,0.0,0.0,0.0,0.0,0.0,0.0,0.0,0.0,0.0,0.0,0.0,0.0,0.0,1.0,2.0,0.0,0.0,bbbbbbbc
2008-11-28T00:00:00.000,4.0,0.0,0.0,0.0,0.0,0.0,1.0,0.0,0.0,0.0,0.0,0.0,0.0,0.0,0.0,0.0,0.0,0.0,2.0,0.0,4.0,3.0,0.0,0.0,cabaaacb
2008-11-29T00:00:00.000,4.0,0.0,0.0,2.0,2.0,3.0,1.0,0.0,0.0,0.0,0.0,0.0,0.0,0.0,0.0,0.0,0.0,0.0,2.0,0.0,3.0,1.0,0.0,0.0,ccbaaacb
2008-11-30T00:00:00.000,0.0,0.0,0.0,2.0,2.0,5.0,0.0,0.0,1.0,0.0,0.0,0.0,0.0,0.0,1.0,0.0,0.0,0.0,0.0,0.0,0.0,0.0,0.0,0.0,bcbbbbbb
2008-12-01T00:00:00.000,0.0,0.0,0.0,0.0,0.0,2.0,0.0,0.0,1.0,1.0,0.0,0.0,0.0,0.0,1.0,0.0,0.0,0.0,0.0,0.0,0.0,0.0,0.0,0.0,bcbbbbbb
2008-12-02T00:00:00.000,0.0,0.0,0.0,0.0,0.0,0.0,3.0,0.0,0.0,1.0,0.0,0.0,0.0,0.0,0.0,0.0,0.0,0.0,0.0,0.0,0.0,0.0,0.0,0.0,bbcbbbbb
2008-12-03T00:00:00.000,0.0,0.0,0.0,0.0,0.0,0.0,3.0,0.0,0.0,0.0,0.0,0.0,0.0,0.0,0.0,0.0,0.0,0.0,0.0,0.0,0.0,0.0,0.0,0.0,bbcbbbbb
2008-12-04T00:00:00.000,0.0,0.0,0.0,0.0,0.0,0.0,0.0,0.0,0.0,1.0,0.0,0.0,0.0,0.0,0.0,0.0,0.0,0.0,0.0,0.0,0.0,0.0,0.0,0.0,bbbbbbbb
2008-12-05T00:00:00.000,0.0,0.0,0.0,0.0,0.0,0.0,0.0,0.0,0.0,1.0,0.0,0.0,0.0,0.0,0.0,0.0,0.0,0.0,0.0,0.0,0.0,0.0,0.0,0.0,bbbbbbbb
2008-12-06T00:00:00.000,0.0,0.0,0.0,0.0,0.0,0.0,0.0,0.0,0.0,0.0,0.0,0.0,0.0,0.0,0.0,0.0,0.0,2.0,0.0,0.0,0.0,0.0,0.0,0.0,bbbbbcbb
2008-12-07T00:00:00.000,0.0,0.0,0.0,0.0,0.0,2.0,1.0,0.0,0.0,1.0,0.0,0.0,0.0,0.0,0.0,0.0,0.0,2.0,0.0,0.0,0.0,0.0,0.0,0.0,bcbbbcbb
2008-12-08T00:00:00.000,0.0,0.0,0.0,0.0,0.0,2.0,1.0,0.0,0.0,1.0,0.0,0.0,0.0,0.0,0.0,0.0,0.0,0.0,0.0,0.0,0.0,0.0,0.0,0.0,bcbbbbbb
2008-12-10T00:00:00.000,0.0,0.0,0.0,0.0,0.0,0.0,0.0,0.0,0.0,0.0,0.0,0.0,0.0,0.0,0.0,0.0,0.0,0.0,0.0,0.0,1.0,0.0,0.0,0.0,bbbbbbbb
2008-12-11T00:00:00.000,0.0,0.0,0.0,0.0,0.0,0.0,0.0,0.0,0.0,0.0,0.0,0.0,0.0,0.0,0.0,0.0,0.0,0.0,0.0,0.0,1.0,0.0,0.0,0.0,bbbbbbbb
2008-12-12T00:00:00.000,0.0,0.0,0.0,0.0,0.0,0.0,0.0,0.0,0.0,0.0,0.0,0.0,0.0,0.0,0.0,0.0,0.0,1.0,0.0,0.0,0.0,0.0,0.0,0.0,bbbbbbbb
2008-12-13T00:00:00.000,0.0,0.0,0.0,0.0,0.0,0.0,0.0,0.0,0.0,0.0,0.0,0.0,0.0,0.0,0.0,0.0,0.0,1.0,0.0,0.0,0.0,0.0,0.0,0.0,bbbbbbbb
2008-12-14T00:00:00.000,0.0,0.0,0.0,0.0,0.0,0.0,0.0,0.0,0.0,0.0,0.0,0.0,0.0,0.0,0.0,0.0,0.0,0.0,1.0,0.0,0.0,0.0,0.0,0.0,bbbbbbbb
2008-12-15T00:00:00.000,0.0,0.0,0.0,0.0,0.0,0.0,0.0,0.0,0.0,0.0,0.0,0.0,0.0,0.0,0.0,0.0,0.0,0.0,1.0,0.0,0.0,0.0,0.0,0.0,bbbbbbbb
2008-12-17T00:00:00.000,0.0,0.0,0.0,0.0,0.0,0.0,0.0,0.0,0.0,3.0,0.0,0.0,0.0,0.0,0.0,0.0,0.0,0.0,0.0,0.0,1.0,0.0,0.0,0.0,bbbcbbbb
2008-12-18T00:00:00.000,0.0,0.0,0.0,0.0,0.0,0.0,0.0,0.0,0.0,4.0,0.0,0.0,0.0,0.0,0.0,0.0,5.0,0.0,0.0,0.0,1.0,0.0,0.0,0.0,bbbcbcbb
2008-12-19T00:00:00.000,0.0,0.0,0.0,2.0,0.0,0.0,0.0,0.0,0.0,2.0,0.0,2.0,1.0,3.0,0.0,0.0,5.0,0.0,0.0,1.0,0.0,0.0,1.0,0.0,abacccbb
2008-12-20T00:00:00.000,0.0,1.0,1.0,2.0,0.0,0.0,0.0,0.0,0.0,1.0,0.0,2.0,1.0,3.0,0.0,0.0,0.0,1.0,6.0,2.0,1.0,1.0,1.0,0.0,bbabbacb
2008-12-21T00:00:00.000,0.0,1.0,1.0,0.0,0.0,0.0,0.0,0.0,1.0,1.0,0.0,0.0,0.0,0.0,0.0,0.0,0.0,3.0,8.0,1.0,1.0,2.0,1.0,1.0,babbabcb
2008-12-22T00:00:00.000,0.0,2.0,0.0,0.0,0.0,0.0,3.0,2.0,1.0,2.0,2.0,0.0,0.0,0.0,0.0,1.0,6.0,4.0,2.0,0.0,0.0,1.0,1.0,1.0,bacbacbb
2008-12-23T00:00:00.000,0.0,2.0,0.0,1.0,1.0,0.0,3.0,4.0,0.0,1.0,2.0,0.0,0.0,0.0,0.0,2.0,6.0,2.0,0.0,0.0,0.0,0.0,2.0,0.0,bbcbacab
2008-12-24T00:00:00.000,0.0,1.0,0.0,2.0,1.0,0.0,2.0,2.0,0.0,1.0,3.0,0.0,0.0,0.0,0.0,1.0,2.0,0.0,0.0,0.0,2.0,2.0,4.0,1.0,abbbabbc
2008-12-25T00:00:00.000,0.0,1.0,0.0,1.0,0.0,0.0,2.0,0.0,0.0,1.0,3.0,0.0,0.0,0.0,0.0,0.0,2.0,0.0,0.0,0.0,2.0,2.0,3.0,1.0,bbbcabbc
2008-12-26T00:00:00.000,0.0,0.0,0.0,0.0,0.0,0.0,0.0,0.0,0.0,0.0,0.0,0.0,0.0,0.0,0.0,0.0,0.0,3.0,3.0,1.0,2.0,0.0,1.0,0.0,aaaaaccb
2008-12-27T00:00:00.000,0.0,0.0,0.0,0.0,0.0,0.0,0.0,0.0,0.0,0.0,0.0,0.0,0.0,0.0,0.0,0.0,2.0,7.0,3.0,1.0,2.0,1.0,0.0,0.0,bbbbbccb
2008-12-28T00:00:00.000,0.0,0.0,0.0,0.0,0.0,1.0,1.0,0.0,2.0,0.0,0.0,0.0,0.0,0.0,0.0,0.0,3.0,4.0,0.0,2.0,0.0,3.0,0.0,0.0,abbaacbb
2008-12-29T00:00:00.000,0.0,0.0,0.0,0.0,0.0,1.0,1.0,0.0,2.0,0.0,0.0,0.0,0.0,0.0,0.0,0.0,1.0,1.0,0.0,2.0,0.0,2.0,0.0,0.0,abcaabbb
2008-12-30T00:00:00.000,0.0,0.0,0.0,0.0,0.0,0.0,0.0,0.0,0.0,0.0,0.0,1.0,0.0,0.0,0.0,0.0,0.0,1.0,1.0,1.0,1.0,2.0,0.0,0.0,aaababcc
2008-12-31T00:00:00.000,0.0,0.0,0.0,1.0,1.0,0.0,0.0,0.0,0.0,0.0,0.0,1.0,0.0,0.0,0.0,0.0,0.0,0.0,4.0,1.0,1.0,2.0,0.0,0.0,ababaacb
2009-01-01T00:00:00.000,0.0,1.0,0.0,2.0,1.0,0.0,0.0,0.0,0.0,0.0,0.0,0.0,0.0,0.0,0.0,0.0,0.0,0.0,3.0,0.0,0.0,0.0,0.0,0.0,bcbbbbcb
2009-01-02T00:00:00.000,0.0,1.0,0.0,1.0,2.0,0.0,0.0,0.0,0.0,0.0,0.0,0.0,0.0,0.0,0.0,0.0,0.0,0.0,3.0,5.0,3.0,2.0,1.0,1.0,bbaaaacb
2009-01-03T00:00:00.000,0.0,0.0,0.0,0.0,2.0,0.0,0.0,2.0,0.0,1.0,0.0,0.0,0.0,0.0,0.0,0.0,2.0,0.0,3.0,5.0,4.0,2.0,1.0,1.0,abbaabcb
2009-01-04T00:00:00.000,0.0,2.0,0.0,0.0,0.0,0.0,1.0,2.0,2.0,1.0,0.0,0.0,0.0,0.0,0.0,0.0,2.0,1.0,5.0,1.0,1.0,2.0,0.0,0.0,bacbabcb
2009-01-05T00:00:00.000,0.0,2.0,0.0,0.0,1.0,0.0,3.0,4.0,4.0,3.0,4.0,0.0,0.0,0.0,0.0,0.0,1.0,1.0,8.0,1.0,0.0,3.0,0.0,0.0,bacbabcb
2009-01-06T00:00:00.000,0.0,0.0,0.0,0.0,1.0,0.0,3.0,5.0,2.0,3.0,4.0,0.0,0.0,0.0,0.0,2.0,2.0,1.0,3.0,0.0,0.0,1.0,0.0,0.0,aaccabba
2009-01-07T00:00:00.000,0.0,0.0,0.0,0.0,1.0,0.0,1.0,1.0,2.0,0.0,0.0,0.0,0.0,0.0,0.0,2.0,3.0,5.0,2.0,0.0,0.0,0.0,0.0,0.0,abcaacba
2009-01-08T00:00:00.000,0.0,0.0,0.0,0.0,1.0,1.0,4.0,0.0,3.0,0.0,0.0,0.0,0.0,0.0,0.0,0.0,4.0,5.0,2.0,0.0,0.0,0.0,0.0,0.0,abcaacba
2009-01-09T00:00:00.000,0.0,0.0,0.0,4.0,4.0,1.0,4.0,0.0,2.0,0.0,0.0,0.0,0.0,0.0,0.0,0.0,2.0,1.0,0.0,3.0,0.0,1.0,0.0,0.0,accaabbb
2009-01-10T00:00:00.000,0.0,0.0,0.0,7.0,4.0,1.0,0.0,0.0,1.0,0.0,0.0,0.0,0.0,0.0,0.0,0.0,0.0,1.0,2.0,3.0,0.0,1.0,2.0,0.0,acbaabcb
2009-01-11T00:00:00.000,0.0,0.0,0.0,7.0,1.0,1.0,0.0,1.0,1.0,0.0,0.0,0.0,0.0,0.0,0.0,0.0,0.0,1.0,2.0,0.0,4.0,1.0,2.0,0.0,acbaabcb
2009-01-12T00:00:00.000,0.0,0.0,0.0,5.0,1.0,0.0,0.0,1.0,1.0,0.0,0.0,0.0,0.0,0.0,0.0,0.0,1.0,2.0,1.0,0.0,4.0,1.0,0.0,1.0,acbaabcb
2009-01-13T00:00:00.000,0.0,0.0,2.0,1.0,0.0,4.0,1.0,2.0,0.0,0.0,0.0,0.0,0.0,0.0,0.0,2.0,6.0,5.0,1.0,0.0,0.0,0.0,0.0,1.0,bbbaacbb
2009-01-14T00:00:00.000,1.0,3.0,2.0,0.0,0.0,5.0,1.0,3.0,1.0,0.0,0.0,0.0,0.0,0.0,0.0,5.0,6.0,6.0,2.0,2.0,2.0,0.0,0.0,0.0,bbbaacba
2009-01-15T00:00:00.000,2.0,3.0,0.0,3.0,1.0,1.0,0.0,2.0,1.0,0.0,0.0,0.0,0.0,0.0,0.0,3.0,2.0,3.0,2.0,2.0,6.0,5.0,1.0,1.0,bbbaaccc
2009-01-16T00:00:00.000,2.0,2.0,0.0,4.0,1.0,0.0,0.0,1.0,0.0,0.0,0.0,0.0,1.0,1.0,0.0,0.0,2.0,1.0,1.0,0.0,5.0,7.0,1.0,1.0,bbaabbbc
2009-01-17T00:00:00.000,1.0,2.0,0.0,1.0,6.0,1.0,1.0,0.0,0.0,0.0,0.0,0.0,1.0,1.0,0.0,0.0,1.0,1.0,4.0,1.0,1.0,2.0,0.0,1.0,bcaabbcb
2009-01-18T00:00:00.000,0.0,0.0,0.0,2.0,6.0,6.0,1.0,0.0,0.0,2.0,0.0,0.0,0.0,0.0,0.0,0.0,0.0,2.0,3.0,1.0,2.0,1.0,0.0,2.0,acababcb
2009-01-19T00:00:00.000,0.0,0.0,0.0,2.0,0.0,7.0,1.0,0.0,0.0,3.0,0.0,0.0,0.0,0.0,0.0,0.0,0.0,5.0,2.0,0.0,2.0,1.0,0.0,1.0,acbbabbb
2009-01-20T00:00:00.000,0.0,0.0,0.0,0.0,0.0,2.0,1.0,3.0,1.0,2.0,0.0,0.0,0.0,0.0,0.0,0.0,0.0,5.0,4.0,0.0,2.0,0.0,0.0,0.0,abcbacca
2009-01-21T00:00:00.000,0.0,0.0,1.0,0.0,0.0,0.0,1.0,3.0,1.0,2.0,0.0,0.0,0.0,0.0,0.0,0.0,0.0,5.0,4.0,0.0,2.0,0.0,1.0,0.0,bacbaccb
2009-01-22T00:00:00.000,2.0,2.0,1.0,2.0,0.0,2.0,5.0,0.0,1.0,1.0,0.0,0.0,0.0,0.0,0.0,0.0,4.0,3.0,2.0,2.0,1.0,0.0,1.0,2.0,bbcaacbb
2009-01-23T00:00:00.000,3.0,4.0,0.0,2.0,0.0,2.0,4.0,0.0,1.0,0.0,0.0,0.0,0.0,0.0,1.0,0.0,4.0,0.0,0.0,4.0,3.0,0.0,0.0,2.0,cbbaabcb
2009-01-24T00:00:00.000,1.0,2.0,0.0,0.0,0.0,0.0,0.0,0.0,1.0,0.0,3.0,2.0,0.0,0.0,1.0,0.0,0.0,0.0,2.0,6.0,4.0,5.0,3.0,0.0,baabaacc
2009-01-25T00:00:00.000,1.0,1.0,2.0,3.0,4.0,5.0,0.0,8.0,3.0,1.0,3.0,2.0,0.0,0.0,0.0,0.0,6.0,2.0,3.0,5.0,2.0,6.0,3.0,2.0,accbabbc
2009-01-26T00:00:00.000,1.0,3.0,2.0,4.0,4.0,5.0,7.0,9.0,5.0,2.0,0.0,0.0,0.0,0.0,0.0,0.0,8.0,6.0,4.0,2.0,1.0,4.0,0.0,2.0,bccaacbb
2009-01-27T00:00:00.000,1.0,2.0,0.0,1.0,0.0,0.0,10.0,4.0,4.0,1.0,0.0,0.0,0.0,0.0,0.0,2.0,3.0,5.0,3.0,2.0,1.0,3.0,0.0,0.0,bacaacbb
2009-01-28T00:00:00.000,3.0,4.0,1.0,0.0,0.0,0.0,3.0,3.0,1.0,2.0,0.0,0.0,0.0,0.0,0.0,2.0,1.0,7.0,0.0,2.0,0.0,1.0,0.0,0.0,cacbacba
2009-01-29T00:00:00.000,2.0,8.0,1.0,2.0,0.0,0.0,4.0,1.0,3.0,2.0,1.0,0.0,0.0,0.0,0.0,0.0,1.0,6.0,0.0,1.0,0.0,1.0,0.0,1.0,cbcbacab
2009-01-30T00:00:00.000,2.0,7.0,0.0,3.0,1.0,0.0,5.0,1.0,4.0,0.0,1.0,0.0,0.0,0.0,0.0,0.0,1.0,5.0,5.0,5.0,2.0,0.0,0.0,1.0,cbcaabca
2009-01-31T00:00:00.000,2.0,3.0,0.0,2.0,1.0,1.0,4.0,0.0,1.0,1.0,0.0,0.0,0.0,0.0,0.0,1.0,2.0,7.0,5.0,6.0,2.0,0.0,0.0,0.0,bbbaacca
2009-02-01T00:00:00.000,0.0,0.0,0.0,1.0,0.0,1.0,5.0,0.0,1.0,1.0,0.0,0.0,0.0,0.0,0.0,1.0,7.0,2.0,0.0,1.0,0.0,0.0,0.0,0.0,abcbacba
2009-02-02T00:00:00.000,0.0,1.0,0.0,0.0,0.0,0.0,2.0,1.0,2.0,0.0,0.0,0.0,0.0,0.0,0.0,0.0,5.0,0.0,0.0,0.0,1.0,1.0,0.0,0.0,bacaacbb
2009-02-03T00:00:00.000,0.0,1.0,1.0,0.0,0.0,0.0,0.0,1.0,3.0,0.0,0.0,0.0,0.0,0.0,0.0,0.0,1.0,5.0,1.0,0.0,1.0,1.0,0.0,0.0,bacaacbb
2009-02-04T00:00:00.000,1.0,0.0,2.0,0.0,0.0,2.0,2.0,0.0,2.0,4.0,0.0,0.0,0.0,0.0,0.0,0.0,1.0,5.0,3.0,0.0,2.0,4.0,0.0,0.0,bbbbacbb
2009-02-05T00:00:00.000,3.0,1.0,1.0,0.0,0.0,2.0,5.0,3.0,0.0,14.0,1.0,0.0,0.0,0.0,0.0,0.0,0.0,1.0,6.0,1.0,5.0,6.0,4.0,0.0,babcaacb
2009-02-06T00:00:00.000,4.0,4.0,1.0,1.0,1.0,0.0,3.0,3.0,0.0,10.0,1.0,0.0,0.0,0.0,0.0,2.0,0.0,2.0,4.0,1.0,5.0,3.0,5.0,2.0,babcabcc
2009-02-07T00:00:00.000,4.0,4.0,1.0,2.0,1.0,1.0,0.0,1.0,3.0,1.0,0.0,0.0,0.0,0.0,0.0,2.0,0.0,1.0,2.0,0.0,2.0,1.0,1.0,2.0,cbbaabbb
2009-02-08T00:00:00.000,2.0,1.0,0.0,1.0,0.0,1.0,3.0,1.0,3.0,2.0,0.0,0.0,0.0,0.0,0.0,0.0,0.0,0.0,3.0,0.0,0.0,0.0,0.0,0.0,bbcbaaba
2009-02-09T00:00:00.000,0.0,1.0,0.0,0.0,0.0,3.0,3.0,1.0,1.0,2.0,0.0,0.0,0.0,0.0,0.0,0.0,3.0,2.0,1.0,1.0,0.0,0.0,0.0,0.0,bbcbacba
2009-02-10T00:00:00.000,0.0,1.0,0.0,0.0,0.0,3.0,1.0,2.0,1.0,4.0,5.0,0.0,0.0,0.0,0.0,0.0,4.0,2.0,0.0,1.0,0.0,0.0,0.0,0.0,abbcacaa
2009-02-11T00:00:00.000,2.0,1.0,0.0,0.0,1.0,0.0,3.0,3.0,0.0,4.0,6.0,0.0,0.0,0.0,0.0,0.0,3.0,0.0,1.0,0.0,1.0,0.0,0.0,0.0,baccabba
2009-02-12T00:00:00.000,2.0,1.0,0.0,0.0,1.0,0.0,3.0,2.0,0.0,4.0,4.0,0.0,0.0,0.0,0.0,0.0,4.0,6.0,1.0,0.0,2.0,1.0,1.0,0.0,babcacbb
2009-02-13T00:00:00.000,0.0,1.0,1.0,0.0,3.0,0.0,2.0,2.0,1.0,4.0,3.0,0.0,0.0,0.0,0.0,0.0,2.0,6.0,1.0,0.0,3.0,1.0,3.0,1.0,abbcacbb
2009-02-14T00:00:00.000,2.0,1.0,1.0,0.0,5.0,0.0,5.0,2.0,1.0,2.0,0.0,1.0,2.0,4.0,0.0,0.0,0.0,0.0,3.0,0.0,2.0,0.0,2.0,1.0,bbcbbabb
2009-02-15T00:00:00.000,4.0,0.0,0.0,0.0,2.0,0.0,6.0,0.0,5.0,1.0,0.0,1.0,2.0,4.0,0.0,0.0,0.0,2.0,2.0,0.0,0.0,1.0,0.0,1.0,bbcbbbbb
2009-02-16T00:00:00.000,3.0,1.0,1.0,0.0,0.0,1.0,7.0,1.0,9.0,1.0,0.0,0.0,0.0,0.0,0.0,0.0,0.0,3.0,2.0,0.0,0.0,1.0,0.0,2.0,bacaabbb
2009-02-17T00:00:00.000,1.0,1.0,2.0,0.0,0.0,1.0,11.0,8.0,4.0,3.0,0.0,0.0,0.0,0.0,0.0,1.0,1.0,1.0,2.0,2.0,0.0,1.0,0.0,1.0,bacbabbb
2009-02-18T00:00:00.000,0.0,0.0,2.0,0.0,0.0,0.0,8.0,10.0,6.0,3.0,0.0,0.0,0.0,0.0,0.0,1.0,1.0,0.0,0.0,3.0,0.0,5.0,1.0,3.0,bacbabbb
2009-02-19T00:00:00.000,0.0,1.0,5.0,0.0,1.0,3.0,3.0,4.0,7.0,1.0,0.0,0.0,0.0,0.0,0.0,0.0,0.0,0.0,1.0,2.0,4.0,6.0,3.0,7.0,bbcaaabc
2009-02-20T00:00:00.000,2.0,2.0,4.0,1.0,2.0,6.0,1.0,1.0,7.0,1.0,0.0,0.0,0.0,0.0,0.0,0.0,0.0,3.0,3.0,4.0,5.0,4.0,2.0,4.0,bbbaaacc
2009-02-21T00:00:00.000,2.0,1.0,0.0,1.0,3.0,5.0,0.0,0.0,7.0,1.0,1.0,0.0,0.0,0.0,0.0,0.0,0.0,3.0,2.0,4.0,2.0,3.0,0.0,0.0,bccbabcb
2009-02-22T00:00:00.000,1.0,1.0,0.0,1.0,6.0,2.0,1.0,3.0,3.0,0.0,1.0,0.0,0.0,0.0,0.0,0.0,0.0,0.0,0.0,1.0,1.0,1.0,0.0,0.0,bccbaabb
2009-02-23T00:00:00.000,1.0,1.0,0.0,1.0,5.0,0.0,2.0,5.0,3.0,4.0,0.0,0.0,0.0,0.0,0.0,0.0,0.0,0.0,0.0,0.0,1.0,1.0,0.0,3.0,bccbaaab
2009-02-24T00:00:00.000,0.0,0.0,0.0,0.0,1.0,1.0,3.0,2.0,3.0,4.0,0.0,0.0,0.0,0.0,0.0,0.0,0.0,0.0,0.0,0.0,1.0,1.0,0.0,3.0,abccaabc
2009-02-25T00:00:00.000,0.0,0.0,0.0,0.0,0.0,1.0,2.0,0.0,4.0,2.0,0.0,0.0,0.0,0.0,0.0,0.0,0.0,0.0,1.0,0.0,1.0,0.0,0.0,0.0,abcbaaba
2009-02-26T00:00:00.000,0.0,2.0,1.0,0.0,0.0,0.0,3.0,1.0,7.0,4.0,0.0,0.0,0.0,0.0,0.0,0.0,7.0,8.0,1.0,0.0,1.0,0.0,0.0,0.0,bacbacba
2009-02-27T00:00:00.000,0.0,2.0,1.0,0.0,0.0,0.0,3.0,1.0,5.0,3.0,0.0,0.0,0.0,0.0,0.0,0.0,7.0,10.0,2.0,1.0,0.0,0.0,1.0,0.0,bacbacba
2009-02-28T00:00:00.000,0.0,1.0,1.0,5.0,0.0,0.0,0.0,1.0,0.0,3.0,0.0,0.0,0.0,0.0,0.0,0.0,0.0,2.0,7.0,3.0,1.0,3.0,3.0,1.0,bbababcc
2009-03-01T00:00:00.000,7.0,2.0,2.0,7.0,1.0,0.0,0.0,1.0,0.0,2.0,0.0,0.0,0.0,0.0,0.0,0.0,0.0,4.0,5.0,2.0,1.0,4.0,2.0,1.0,ccaaabcb
2009-03-02T00:00:00.000,7.0,1.0,1.0,2.0,3.0,2.0,2.0,1.0,0.0,0.0,0.0,0.0,0.0,0.0,0.0,0.0,0.0,8.0,0.0,1.0,0.0,1.0,1.0,1.0,ccbaacab
2009-03-03T00:00:00.000,0.0,0.0,0.0,0.0,2.0,2.0,7.0,4.0,5.0,0.0,0.0,0.0,0.0,0.0,0.0,1.0,0.0,6.0,1.0,1.0,0.0,0.0,1.0,1.0,abcaacbb
2009-03-04T00:00:00.000,0.0,2.0,0.0,1.0,0.0,0.0,7.0,3.0,5.0,0.0,0.0,0.0,0.0,0.0,0.0,1.0,2.0,2.0,1.0,0.0,0.0,0.0,0.0,0.0,bbcaabba
2009-03-05T00:00:00.000,2.0,2.0,0.0,1.0,0.0,0.0,3.0,0.0,5.0,3.0,0.0,0.0,0.0,0.0,0.0,0.0,3.0,4.0,0.0,2.0,2.0,1.0,1.0,2.0,bacbacbb
2009-03-06T00:00:00.000,2.0,2.0,0.0,0.0,0.0,0.0,1.0,0.0,5.0,4.0,0.0,0.0,0.0,0.0,2.0,2.0,1.0,4.0,0.0,3.0,2.0,1.0,1.0,5.0,babbacbc
2009-03-07T00:00:00.000,1.0,2.0,0.0,0.0,0.0,1.0,1.0,1.0,1.0,2.0,0.0,0.0,0.0,0.0,2.0,2.0,0.0,0.0,1.0,1.0,0.0,0.0,0.0,3.0,babbbbbb
2009-03-08T00:00:00.000,1.0,1.0,0.0,0.0,0.0,1.0,1.0,3.0,2.0,3.0,0.0,0.0,0.0,0.0,0.0,0.0,0.0,0.0,1.0,0.0,0.0,0.0,0.0,0.0,bbccaaba
2009-03-09T00:00:00.000,0.0,1.0,0.0,0.0,0.0,0.0,2.0,2.0,2.0,3.0,0.0,0.0,0.0,0.0,0.0,0.0,0.0,0.0,0.0,0.0,0.0,1.0,0.0,0.0,baccaaab
2009-03-10T00:00:00.000,0.0,0.0,0.0,0.0,0.0,0.0,2.0,1.0,4.0,1.0,0.0,0.0,0.0,0.0,0.0,0.0,0.0,3.0,0.0,0.0,0.0,1.0,0.0,0.0,aacbacab
2009-03-11T00:00:00.000,0.0,0.0,0.0,0.0,0.0,0.0,1.0,6.0,4.0,2.0,0.0,0.0,0.0,0.0,0.0,0.0,0.0,4.0,0.0,0.0,0.0,1.0,8.0,0.0,aacbabac
2009-03-12T00:00:00.000,0.0,0.0,0.0,0.0,0.0,0.0,2.0,5.0,1.0,2.0,0.0,0.0,0.0,0.0,0.0,0.0,0.0,1.0,3.0,0.0,0.0,2.0,9.0,1.0,aacbabbc
2009-03-13T00:00:00.000,4.0,1.0,1.0,0.0,0.0,0.0,1.0,0.0,4.0,2.0,2.0,0.0,0.0,0.0,0.0,0.0,0.0,0.0,4.0,0.0,0.0,1.0,1.0,3.0,cacbaabc
2009-03-14T00:00:00.000,6.0,2.0,1.0,0.0,0.0,0.0,0.0,0.0,4.0,6.0,2.0,0.0,0.0,0.0,0.0,0.0,0.0,1.0,1.0,0.0,0.0,0.0,0.0,2.0,cabcabbb
2009-03-15T00:00:00.000,2.0,1.0,0.0,0.0,0.0,0.0,0.0,0.0,1.0,4.0,2.0,0.0,0.0,0.0,0.0,0.0,0.0,3.0,1.0,0.0,0.0,0.0,0.0,0.0,babcabba
2009-03-16T00:00:00.000,0.0,0.0,0.0,0.0,0.0,0.0,1.0,0.0,1.0,1.0,2.0,0.0,0.0,0.0,0.0,2.0,0.0,2.0,2.0,4.0,1.0,1.0,0.0,0.0,aabbaccb
2009-03-17T00:00:00.000,0.0,0.0,0.0,0.0,0.0,0.0,1.0,0.0,3.0,1.0,0.0,0.0,0.0,0.0,0.0,2.0,0.0,0.0,1.0,4.0,2.0,1.0,0.0,0.0,aacbabcb
2009-03-18T00:00:00.000,0.0,0.0,0.0,0.0,0.0,0.0,0.0,0.0,3.0,0.0,0.0,0.0,0.0,0.0,0.0,0.0,0.0,2.0,0.0,0.0,1.0,0.0,0.0,0.0,bbcbbcbb
2009-03-19T00:00:00.000,0.0,0.0,0.0,0.0,0.0,0.0,0.0,0.0,0.0,0.0,0.0,0.0,0.0,0.0,0.0,0.0,1.0,2.0,0.0,0.0,0.0,0.0,2.0,0.0,bbbbbcbc
2009-03-20T00:00:00.000,0.0,0.0,0.0,0.0,0.0,2.0,2.0,0.0,0.0,0.0,0.0,0.0,0.0,0.0,0.0,0.0,1.0,0.0,0.0,0.0,0.0,2.0,3.0,0.0,abbaabac
2009-03-21T00:00:00.000,1.0,0.0,0.0,1.0,0.0,2.0,4.0,0.0,0.0,1.0,0.0,0.0,0.0,0.0,0.0,0.0,0.0,2.0,0.0,0.0,0.0,2.0,1.0,0.0,bbcbabab
2009-03-22T00:00:00.000,1.0,0.0,0.0,1.0,0.0,0.0,3.0,0.0,0.0,1.0,0.0,0.0,0.0,0.0,0.0,0.0,0.0,5.0,1.0,0.0,1.0,1.0,0.0,3.0,bbbbacbc
2009-03-23T00:00:00.000,0.0,0.0,0.0,0.0,0.0,0.0,4.0,1.0,0.0,0.0,5.0,0.0,0.0,0.0,0.0,0.0,0.0,5.0,1.0,2.0,1.0,1.0,0.0,3.0,aaccacbb
2009-03-24T00:00:00.000,0.0,0.0,1.0,2.0,0.0,0.0,5.0,4.0,0.0,0.0,5.0,0.0,0.0,0.0,0.0,0.0,1.0,7.0,0.0,2.0,1.0,0.0,0.0,0.0,bbcbacba
2009-03-25T00:00:00.000,0.0,0.0,2.0,3.0,0.0,1.0,2.0,7.0,1.0,0.0,0.0,0.0,0.0,0.0,0.0,0.0,2.0,6.0,0.0,1.0,1.0,0.0,0.0,0.0,bbcaacba
2009-03-26T00:00:00.000,0.0,0.0,1.0,1.0,0.0,1.0,4.0,9.0,3.0,1.0,1.0,0.0,0.0,0.0,0.0,0.0,1.0,1.0,1.0,1.0,0.0,1.0,0.0,0.0,bbcbabbb
2009-03-27T00:00:00.000,0.0,0.0,0.0,0.0,2.0,0.0,4.0,5.0,2.0,1.0,1.0,0.0,0.0,0.0,0.0,0.0,0.0,0.0,1.0,4.0,1.0,4.0,0.0,1.0,abcbaacb
2009-03-28T00:00:00.000,0.0,0.0,0.0,3.0,8.0,0.0,1.0,0.0,1.0,0.0,0.0,0.0,0.0,0.0,1.0,1.0,0.0,0.0,0.0,4.0,4.0,3.0,0.0,1.0,acbabbcb
2009-03-29T00:00:00.000,0.0,2.0,0.0,3.0,6.0,1.0,1.0,2.0,3.0,0.0,0.0,0.0,0.0,0.0,1.0,1.0,0.0,0.0,0.0,1.0,3.0,0.0,0.0,0.0,bccaaaba
2009-03-30T00:00:00.000,0.0,3.0,1.0,0.0,2.0,1.0,0.0,2.0,2.0,0.0,1.0,0.0,0.0,0.0,0.0,0.0,0.0,0.0,0.0,1.0,0.0,0.0,0.0,0.0,cccbaaba
2009-03-31T00:00:00.000,0.0,1.0,1.0,0.0,2.0,0.0,0.0,0.0,0.0,3.0,3.0,2.0,3.0,0.0,0.0,0.0,0.0,0.0,0.0,0.0,0.0,0.0,0.0,0.0,bbacbaaa
2009-04-01T00:00:00.000,0.0,0.0,0.0,1.0,0.0,0.0,0.0,0.0,0.0,3.0,2.0,2.0,3.0,0.0,0.0,0.0,0.0,0.0,2.0,1.0,0.0,0.0,1.0,0.0,abacbabb
2009-04-02T00:00:00.000,0.0,0.0,0.0,1.0,0.0,0.0,0.0,0.0,0.0,0.0,0.0,0.0,0.0,0.0,0.0,0.0,0.0,0.0,2.0,1.0,0.0,0.0,1.0,0.0,bbbbbbcb
2009-04-03T00:00:00.000,0.0,0.0,0.0,0.0,0.0,0.0,2.0,0.0,0.0,5.0,1.0,1.0,0.0,0.0,0.0,0.0,0.0,0.0,0.0,0.0,1.0,3.0,0.0,0.0,aabcaabb
2009-04-04T00:00:00.000,2.0,0.0,0.0,0.0,0.0,0.0,2.0,1.0,1.0,6.0,2.0,1.0,0.0,0.0,0.0,0.0,1.0,1.0,0.0,2.0,2.0,3.0,0.0,0.0,babcabbb
2009-04-05T00:00:00.000,2.0,0.0,0.0,0.0,0.0,0.0,0.0,1.0,2.0,1.0,2.0,1.0,0.0,0.0,0.0,0.0,1.0,2.0,4.0,4.0,2.0,0.0,1.0,1.0,babbabcb
2009-04-06T00:00:00.000,1.0,0.0,0.0,0.0,0.0,0.0,0.0,0.0,3.0,2.0,1.0,1.0,0.0,0.0,0.0,0.0,0.0,1.0,4.0,2.0,1.0,0.0,1.0,1.0,babcabcb
2009-04-07T00:00:00.000,1.0,0.0,0.0,0.0,0.0,0.0,0.0,0.0,2.0,4.0,2.0,0.0,0.0,0.0,0.0,0.0,0.0,3.0,7.0,3.0,0.0,0.0,0.0,0.0,babcabca
2009-04-08T00:00:00.000,0.0,0.0,0.0,0.0,2.0,0.0,0.0,0.0,0.0,2.0,2.0,1.0,0.0,0.0,0.0,0.0,0.0,3.0,7.0,6.0,0.0,0.0,0.0,0.0,abababca
2009-04-09T00:00:00.000,0.0,0.0,0.0,0.0,3.0,0.0,0.0,0.0,0.0,0.0,0.0,1.0,0.0,0.0,0.0,0.0,0.0,0.0,0.0,3.0,0.0,0.0,0.0,1.0,bcbbbbcb
2009-04-10T00:00:00.000,0.0,0.0,0.0,0.0,1.0,1.0,0.0,3.0,0.0,0.0,0.0,1.0,0.0,0.0,0.0,0.0,0.0,0.0,1.0,3.0,3.0,3.0,1.0,1.0,abbbaacc
2009-04-11T00:00:00.000,0.0,0.0,2.0,0.0,1.0,1.0,0.0,3.0,0.0,0.0,0.0,1.0,0.0,0.0,0.0,0.0,0.0,0.0,1.0,5.0,3.0,6.0,1.0,2.0,bbbaaacc
2009-04-12T00:00:00.000,2.0,2.0,3.0,0.0,1.0,1.0,0.0,1.0,0.0,0.0,0.0,0.0,0.0,0.0,0.0,0.0,0.0,1.0,0.0,2.0,0.0,3.0,0.0,2.0,cbbaabbc
2009-04-13T00:00:00.000,2.0,2.0,1.0,0.0,0.0,1.0,0.0,1.0,1.0,0.0,1.0,1.0,0.0,0.0,0.0,0.0,0.0,1.0,0.0,1.0,0.0,0.0,0.0,0.0,cbbbabba
2009-04-14T00:00:00.000,1.0,0.0,0.0,0.0,1.0,0.0,0.0,2.0,2.0,1.0,1.0,1.0,0.0,0.0,0.0,0.0,0.0,0.0,1.0,2.0,0.0,0.0,1.0,0.0,bbccaacb
2009-04-15T00:00:00.000,1.0,0.0,1.0,1.0,1.0,0.0,0.0,2.0,1.0,1.0,0.0,0.0,0.0,0.0,0.0,0.0,0.0,0.0,1.0,2.0,0.0,0.0,2.0,1.0,bbcbaacc
2009-04-16T00:00:00.000,3.0,0.0,1.0,1.0,0.0,0.0,0.0,0.0,0.0,0.0,0.0,0.0,0.0,0.0,0.0,0.0,0.0,0.0,0.0,1.0,0.0,0.0,1.0,1.0,cbaaaabc
2009-04-17T00:00:00.000,3.0,0.0,0.0,0.0,0.0,0.0,0.0,0.0,0.0,0.0,0.0,0.0,0.0,0.0,0.0,0.0,0.0,0.0,0.0,0.0,0.0,0.0,0.0,0.0,cbbbbbbb
2009-04-18T00:00:00.000,0.0,0.0,0.0,0.0,0.0,0.0,0.0,0.0,0.0,0.0,0.0,0.0,0.0,0.0,0.0,0.0,0.0,0.0,0.0,0.0,0.0,1.0,0.0,1.0,bbbbbbbc
2009-04-19T00:00:00.000,0.0,0.0,0.0,0.0,0.0,0.0,0.0,0.0,0.0,0.0,0.0,0.0,0.0,0.0,0.0,0.0,0.0,0.0,0.0,0.0,0.0,1.0,0.0,1.0,bbbbbbbc
2009-04-24T00:00:00.000,0.0,0.0,0.0,1.0,0.0,0.0,0.0,1.0,0.0,0.0,1.0,0.0,0.0,0.0,0.0,0.0,0.0,0.0,0.0,0.0,3.0,6.0,0.0,2.0,bbbbbbbc
2009-04-25T00:00:00.000,0.0,1.0,0.0,1.0,0.0,0.0,0.0,1.0,0.0,0.0,1.0,0.0,0.0,0.0,0.0,0.0,0.0,0.0,0.0,0.0,3.0,6.0,0.0,2.0,bbbbaabc
2009-04-26T00:00:00.000,0.0,1.0,0.0,0.0,0.0,1.0,3.0,1.0,2.0,0.0,0.0,0.0,0.0,0.0,0.0,0.0,0.0,0.0,0.0,0.0,0.0,0.0,0.0,0.0,bbcaaaaa
2009-04-27T00:00:00.000,0.0,0.0,0.0,0.0,0.0,1.0,3.0,1.0,2.0,0.0,1.0,3.0,0.0,0.0,0.0,0.0,0.0,0.0,0.0,7.0,0.0,0.0,0.0,0.0,abcbaaca
2009-04-28T00:00:00.000,0.0,1.0,2.0,0.0,1.0,0.0,0.0,1.0,0.0,0.0,1.0,3.0,0.0,0.0,0.0,0.0,0.0,0.0,3.0,9.0,0.0,0.0,1.0,0.0,bbbbaacb
2009-04-29T00:00:00.000,0.0,1.0,3.0,0.0,1.0,0.0,0.0,1.0,0.0,1.0,0.0,0.0,0.0,0.0,0.0,0.0,0.0,0.0,3.0,3.0,3.0,0.0,1.0,2.0,cbbbaacb
2009-04-30T00:00:00.000,2.0,1.0,2.0,1.0,0.0,0.0,1.0,0.0,0.0,2.0,0.0,0.0,0.0,0.0,0.0,0.0,0.0,0.0,0.0,1.0,3.0,0.0,0.0,2.0,cbbbaacb
2009-05-01T00:00:00.000,3.0,1.0,1.0,1.0,0.0,1.0,1.0,0.0,0.0,1.0,0.0,0.0,1.0,3.0,0.0,2.0,2.0,0.0,0.0,0.0,0.0,3.0,3.0,0.0,cbaabbac
2009-05-02T00:00:00.000,1.0,0.0,0.0,0.0,0.0,1.0,1.0,3.0,0.0,1.0,0.0,0.0,1.0,3.0,0.0,2.0,2.0,0.0,0.0,0.0,3.0,4.0,4.0,2.0,aababbbc
2009-05-03T00:00:00.000,0.0,0.0,0.0,1.0,0.0,0.0,1.0,3.0,0.0,2.0,4.0,2.0,0.0,0.0,0.0,0.0,0.0,0.0,4.0,0.0,3.0,1.0,1.0,2.0,aabcaacb
2009-05-04T00:00:00.000,1.0,1.0,0.0,2.0,2.0,3.0,0.0,0.0,2.0,3.0,6.0,2.0,0.0,0.0,0.0,0.0,0.0,0.0,6.0,1.0,2.0,0.0,1.0,0.0,bcbcaaca
2009-05-05T00:00:00.000,1.0,1.0,0.0,1.0,2.0,3.0,0.0,0.0,2.0,2.0,2.0,0.0,0.0,0.0,0.0,0.0,0.0,0.0,2.0,1.0,3.0,0.0,2.0,2.0,bcbbaacb
2009-05-06T00:00:00.000,0.0,1.0,0.0,0.0,0.0,0.0,0.0,0.0,3.0,1.0,0.0,0.0,0.0,0.0,0.0,0.0,0.0,0.0,2.0,0.0,1.0,0.0,2.0,7.0,babbaabc
2009-05-07T00:00:00.000,0.0,1.0,0.0,0.0,1.0,0.0,0.0,1.0,3.0,1.0,0.0,0.0,0.0,0.0,0.0,0.0,0.0,1.0,3.0,1.0,3.0,2.0,1.0,5.0,aabaaacc
2009-05-08T00:00:00.000,0.0,0.0,0.0,0.0,1.0,0.0,0.0,1.0,1.0,0.0,0.0,0.0,0.0,0.0,0.0,0.0,0.0,1.0,1.0,1.0,7.0,2.0,0.0,0.0,bbbbbbcb
2009-05-09T00:00:00.000,0.0,0.0,1.0,1.0,2.0,0.0,0.0,5.0,1.0,0.0,7.0,2.0,0.0,1.0,0.0,0.0,0.0,0.0,0.0,0.0,7.0,0.0,1.0,0.0,bbbcbacb
2009-05-10T00:00:00.000,0.0,1.0,1.0,1.0,2.0,2.0,2.0,5.0,0.0,0.0,7.0,4.0,0.0,1.0,0.0,0.0,0.0,0.0,0.0,0.0,6.0,0.0,2.0,0.0,bbccaabb
2009-05-11T00:00:00.000,0.0,1.0,0.0,1.0,0.0,3.0,2.0,0.0,1.0,0.0,0.0,5.0,0.0,0.0,0.0,0.0,0.0,0.0,0.0,0.0,5.0,1.0,1.0,0.0,bbbcaacb
2009-05-12T00:00:00.000,2.0,1.0,2.0,1.0,0.0,3.0,0.0,0.0,1.0,0.0,0.0,3.0,0.0,0.0,0.0,0.0,0.0,0.0,1.0,1.0,2.0,2.0,0.0,0.0,ccabaacb
2009-05-13T00:00:00.000,2.0,1.0,2.0,0.0,0.0,2.0,0.0,0.0,0.0,2.0,5.0,1.0,0.0,1.0,0.0,0.0,0.0,0.0,1.0,1.0,3.0,1.0,0.0,0.0,cbacaaca
2009-05-14T00:00:00.000,0.0,0.0,0.0,0.0,0.0,1.0,0.0,1.0,1.0,2.0,6.0,1.0,0.0,1.0,0.0,0.0,0.0,0.0,0.0,2.0,4.0,1.0,0.0,0.0,abbcbacb
2009-05-15T00:00:00.000,1.0,2.0,0.0,0.0,0.0,1.0,0.0,1.0,1.0,1.0,2.0,0.0,0.0,0.0,0.0,0.0,0.0,6.0,0.0,2.0,1.0,1.0,1.0,0.0,bbbbacbb
2009-05-16T00:00:00.000,1.0,2.0,0.0,0.0,0.0,0.0,0.0,0.0,3.0,1.0,1.0,0.0,2.0,0.0,2.0,0.0,0.0,6.0,0.0,0.0,2.0,2.0,3.0,0.0,babbbcbb
2009-05-17T00:00:00.000,0.0,0.0,0.0,1.0,1.0,1.0,0.0,0.0,3.0,0.0,0.0,1.0,2.0,0.0,2.0,0.0,1.0,0.0,0.0,0.0,2.0,3.0,2.0,0.0,abbacabc
2009-05-18T00:00:00.000,0.0,0.0,0.0,1.0,1.0,1.0,1.0,0.0,0.0,0.0,0.0,1.0,0.0,0.0,0.0,0.0,1.0,0.0,0.0,0.0,2.0,1.0,0.0,0.0,acbbabcb
2009-05-19T00:00:00.000,0.0,0.0,0.0,0.0,1.0,0.0,2.0,0.0,2.0,0.0,0.0,0.0,0.0,0.0,0.0,0.0,0.0,0.0,0.0,1.0,3.0,0.0,0.0,0.0,abcaaaca
2009-05-20T00:00:00.000,0.0,0.0,0.0,0.0,1.0,0.0,2.0,2.0,2.0,2.0,2.0,0.0,1.0,0.0,0.0,0.0,0.0,0.0,2.0,1.0,2.0,0.0,0.0,0.0,abccbaca
2009-05-21T00:00:00.000,0.0,0.0,0.0,0.0,0.0,0.0,2.0,4.0,0.0,2.0,2.0,1.0,1.0,0.0,0.0,0.0,0.0,0.0,2.0,0.0,1.0,0.0,2.0,1.0,aaccbabb
2009-05-22T00:00:00.000,1.0,1.0,0.0,0.0,1.0,0.0,2.0,2.0,0.0,0.0,1.0,3.0,0.0,0.0,0.0,0.0,0.0,0.0,0.0,0.0,1.0,3.0,4.0,1.0,bbbbaabc
2009-05-23T00:00:00.000,2.0,3.0,0.0,1.0,1.0,0.0,1.0,0.0,0.0,0.0,1.0,2.0,0.0,0.0,0.0,0.0,0.0,0.0,0.0,0.0,2.0,3.0,2.0,0.0,cbbbaabc
2009-05-24T00:00:00.000,1.0,2.0,0.0,1.0,0.0,0.0,3.0,2.0,0.0,1.0,0.0,0.0,0.0,0.0,0.0,0.0,0.0,0.0,0.0,1.0,1.0,0.0,0.0,0.0,cbcbaaba
2009-05-25T00:00:00.000,0.0,0.0,0.0,0.0,0.0,0.0,3.0,2.0,2.0,1.0,0.0,0.0,0.0,0.0,0.0,0.0,0.0,0.0,0.0,1.0,0.0,0.0,0.0,0.0,aacbaaba
2009-05-26T00:00:00.000,0.0,0.0,0.0,0.0,0.0,1.0,0.0,0.0,2.0,1.0,1.0,0.0,0.0,0.0,0.0,0.0,0.0,0.0,0.0,0.0,1.0,0.0,1.0,0.0,abccaabb
2009-05-27T00:00:00.000,0.0,0.0,0.0,0.0,0.0,3.0,0.0,1.0,0.0,1.0,1.0,0.0,0.0,0.0,0.0,0.0,0.0,0.0,3.0,10.0,1.0,0.0,1.0,0.0,bbbbbbcb
2009-05-28T00:00:00.000,0.0,0.0,0.0,0.0,0.0,2.0,0.0,1.0,0.0,0.0,0.0,0.0,0.0,0.0,0.0,0.0,0.0,3.0,3.0,10.0,0.0,0.0,0.0,3.0,bbbbbbcb
2009-05-29T00:00:00.000,0.0,4.0,3.0,2.0,0.0,1.0,0.0,0.0,3.0,0.0,0.0,0.0,0.0,0.0,0.0,0.0,0.0,3.0,0.0,0.0,1.0,0.0,0.0,3.0,cbbaabbb
2009-05-30T00:00:00.000,0.0,4.0,3.0,2.0,0.0,1.0,0.0,0.0,3.0,1.0,4.0,2.0,0.0,0.0,0.0,0.0,0.0,0.0,0.0,0.0,3.0,1.0,1.0,0.0,cbbcaabb
2009-05-31T00:00:00.000,0.0,0.0,0.0,0.0,0.0,0.0,0.0,0.0,0.0,1.0,4.0,2.0,0.0,0.0,0.0,0.0,0.0,0.0,0.0,1.0,4.0,1.0,1.0,2.0,aaacaacc
2009-06-01T00:00:00.000,0.0,0.0,0.0,0.0,0.0,0.0,1.0,2.0,0.0,0.0,1.0,0.0,0.0,0.0,0.0,0.0,0.0,0.0,0.0,1.0,2.0,0.0,0.0,2.0,aacbaacb
2009-06-02T00:00:00.000,0.0,0.0,0.0,0.0,0.0,0.0,3.0,2.0,4.0,1.0,1.0,0.0,0.0,0.0,0.0,0.0,0.0,0.0,0.0,1.0,1.0,0.0,0.0,0.0,aacbaaba
2009-06-03T00:00:00.000,0.0,0.0,0.0,0.0,0.0,0.0,2.0,1.0,4.0,1.0,1.0,0.0,0.0,0.0,0.0,0.0,0.0,0.0,4.0,4.0,1.0,0.0,0.0,0.0,aacbaaca
2009-06-04T00:00:00.000,0.0,0.0,0.0,0.0,0.0,1.0,0.0,1.0,0.0,0.0,1.0,1.0,0.0,0.0,0.0,0.0,0.0,0.0,4.0,3.0,0.0,3.0,0.0,0.0,abbbaacb
2009-06-05T00:00:00.000,1.0,0.0,1.0,0.0,0.0,1.0,3.0,0.0,0.0,0.0,1.0,5.0,1.0,0.0,0.0,0.0,0.0,0.0,0.0,0.0,0.0,3.0,1.0,0.0,bbbcbaac
2009-06-06T00:00:00.000,1.0,0.0,3.0,0.0,0.0,0.0,3.0,0.0,0.0,1.0,4.0,4.0,1.0,0.0,0.0,0.0,0.0,0.0,3.0,2.0,0.0,0.0,1.0,0.0,babcaaca
2009-06-07T00:00:00.000,0.0,0.0,2.0,0.0,0.0,0.0,0.0,1.0,1.0,4.0,4.0,0.0,0.0,0.0,0.0,0.0,0.0,0.0,3.0,5.0,0.0,0.0,0.0,0.0,babcaaca
2009-06-08T00:00:00.000,0.0,0.0,0.0,0.0,0.0,0.0,0.0,1.0,5.0,4.0,3.0,0.0,0.0,0.0,0.0,0.0,0.0,0.0,0.0,3.0,0.0,0.0,0.0,0.0,aaccaaba
2009-06-09T00:00:00.000,0.0,1.0,0.0,0.0,0.0,0.0,0.0,1.0,5.0,1.0,3.0,2.0,0.0,0.0,0.0,0.0,0.0,0.0,0.0,0.0,0.0,0.0,1.0,0.0,baccaaab
2009-06-10T00:00:00.000,1.0,2.0,0.0,0.0,0.0,0.0,0.0,1.0,2.0,0.0,3.0,2.0,0.0,0.0,0.0,0.0,0.0,0.0,0.0,0.0,0.0,0.0,1.0,0.0,caccaaab
2009-06-11T00:00:00.000,1.0,1.0,0.0,0.0,0.0,0.0,5.0,0.0,1.0,0.0,2.0,0.0,0.0,0.0,0.0,0.0,0.0,2.0,1.0,0.0,0.0,0.0,0.0,0.0,bacbabba
2009-06-12T00:00:00.000,0.0,0.0,0.0,0.0,0.0,0.0,5.0,1.0,0.0,1.0,0.0,1.0,1.0,0.0,0.0,0.0,0.0,2.0,1.0,8.0,0.0,0.0,1.0,0.0,aacbbbcb
2009-06-13T00:00:00.000,0.0,0.0,0.0,0.0,0.0,0.0,0.0,1.0,0.0,1.0,1.0,1.0,1.0,0.0,0.0,0.0,0.0,0.0,1.0,8.0,1.0,0.0,1.0,0.0,bbbbbbcb
2009-06-14T00:00:00.000,0.0,0.0,0.0,0.0,0.0,0.0,0.0,1.0,0.0,4.0,3.0,0.0,0.0,0.0,0.0,0.0,0.0,0.0,1.0,0.0,2.0,0.0,0.0,0.0,aabcaaca
2009-06-15T00:00:00.000,0.0,0.0,0.0,0.0,0.0,0.0,0.0,3.0,0.0,4.0,2.0,0.0,0.0,0.0,0.0,0.0,0.0,0.0,1.0,0.0,1.0,0.0,0.0,0.0,aaccaaba
2009-06-16T00:00:00.000,0.0,0.0,0.0,0.0,0.0,0.0,2.0,5.0,1.0,1.0,1.0,0.0,0.0,0.0,0.0,0.0,0.0,2.0,1.0,1.0,1.0,0.0,0.0,0.0,aacbabba
2009-06-17T00:00:00.000,0.0,0.0,0.0,0.0,0.0,0.0,2.0,4.0,1.0,2.0,2.0,0.0,0.0,0.0,0.0,0.0,0.0,2.0,2.0,1.0,1.0,0.0,0.0,0.0,aaccabca
2009-06-18T00:00:00.000,0.0,0.0,0.0,0.0,1.0,0.0,1.0,1.0,1.0,1.0,1.0,0.0,0.0,0.0,0.0,0.0,0.0,0.0,4.0,5.0,0.0,0.0,0.0,0.0,abbbaaca
2009-06-19T00:00:00.000,0.0,0.0,0.0,0.0,2.0,1.0,4.0,1.0,1.0,1.0,4.0,0.0,0.0,0.0,0.0,0.0,0.0,0.0,2.0,8.0,0.0,0.0,0.0,0.0,abcbaaca
2009-06-20T00:00:00.000,0.0,1.0,0.0,0.0,1.0,1.0,3.0,1.0,1.0,2.0,6.0,1.0,0.0,0.0,0.0,0.0,0.0,0.0,1.0,3.0,0.0,0.0,0.0,0.0,bbccaaba
2009-06-21T00:00:00.000,1.0,1.0,0.0,0.0,0.0,1.0,2.0,2.0,1.0,2.0,2.0,1.0,0.0,0.0,0.0,0.0,0.0,0.0,1.0,0.0,0.0,0.0,0.0,0.0,bbccaaba
2009-06-22T00:00:00.000,1.0,0.0,0.0,0.0,0.0,1.0,2.0,4.0,4.0,1.0,0.0,2.0,0.0,0.0,0.0,0.0,0.0,0.0,0.0,4.0,0.0,0.0,0.0,0.0,bbcbaaba
2009-06-23T00:00:00.000,0.0,0.0,0.0,0.0,0.0,0.0,0.0,4.0,5.0,4.0,0.0,2.0,0.0,0.0,0.0,0.0,0.0,0.0,0.0,4.0,1.0,0.0,0.0,0.0,aaccaaca
2009-06-24T00:00:00.000,0.0,0.0,0.0,0.0,0.0,0.0,0.0,2.0,2.0,4.0,0.0,1.0,1.0,0.0,0.0,0.0,0.0,0.0,0.0,4.0,1.0,0.0,0.0,0.0,aaccbaca
2009-06-25T00:00:00.000,0.0,0.0,0.0,0.0,0.0,0.0,3.0,0.0,1.0,1.0,1.0,1.0,1.0,0.0,0.0,0.0,0.0,0.0,0.0,5.0,2.0,1.0,4.0,0.0,aabbbacc
2009-06-26T00:00:00.000,2.0,0.0,0.0,0.0,0.0,0.0,3.0,0.0,0.0,1.0,1.0,0.0,0.0,0.0,0.0,0.0,0.0,0.0,0.0,1.0,5.0,3.0,4.0,1.0,babbaacc
2009-06-27T00:00:00.000,2.0,2.0,0.0,1.0,0.0,0.0,0.0,0.0,0.0,0.0,0.0,0.0,0.0,0.0,0.0,0.0,2.0,0.0,1.0,0.0,3.0,2.0,0.0,1.0,cbaaabcc
2009-06-28T00:00:00.000,0.0,2.0,0.0,1.0,0.0,0.0,0.0,0.0,0.0,2.0,0.0,0.0,0.0,0.0,0.0,0.0,2.0,0.0,1.0,0.0,1.0,0.0,0.0,0.0,bbababba
2009-06-29T00:00:00.000,0.0,0.0,0.0,0.0,0.0,0.0,0.0,1.0,0.0,4.0,0.0,6.0,1.0,0.0,0.0,0.0,0.0,0.0,0.0,1.0,1.0,0.0,0.0,0.0,bbbcbbbb
2009-06-30T00:00:00.000,0.0,0.0,0.0,0.0,0.0,0.0,0.0,1.0,1.0,2.0,3.0,8.0,1.0,0.0,0.0,0.0,0.0,0.0,0.0,1.0,0.0,0.0,0.0,0.0,bbbcbbbb
2009-07-01T00:00:00.000,0.0,0.0,0.0,0.0,0.0,0.0,0.0,1.0,1.0,0.0,3.0,2.0,0.0,0.0,0.0,0.0,0.0,0.0,0.0,0.0,2.0,0.0,0.0,0.0,aabcaaba
2009-07-02T00:00:00.000,0.0,0.0,0.0,0.0,0.0,0.0,1.0,1.0,0.0,1.0,2.0,3.0,2.0,0.0,0.0,0.0,0.0,0.0,0.0,1.0,4.0,0.0,2.0,0.0,aabcbacb
2009-07-03T00:00:00.000,1.0,0.0,0.0,0.0,0.0,0.0,1.0,0.0,1.0,1.0,2.0,3.0,2.0,0.0,0.0,0.0,0.0,0.0,0.0,1.0,2.0,0.0,2.0,0.0,babcbabb
2009-07-04T00:00:00.000,1.0,0.0,0.0,0.0,0.0,0.0,0.0,2.0,3.0,0.0,0.0,0.0,0.0,0.0,0.0,0.0,0.0,0.0,0.0,0.0,0.0,0.0,0.0,0.0,bbcbbbbb
2009-07-05T00:00:00.000,0.0,0.0,0.0,0.0,0.0,0.0,0.0,2.0,2.0,0.0,7.0,1.0,0.0,0.0,0.0,0.0,0.0,0.0,1.0,0.0,1.0,1.0,0.0,0.0,bbccbbbb
2009-07-06T00:00:00.000,0.0,0.0,0.0,0.0,0.0,0.0,0.0,0.0,1.0,1.0,8.0,1.0,0.0,0.0,0.0,0.0,0.0,0.0,1.0,0.0,3.0,1.0,0.0,0.0,bbbcbbbb
2009-07-07T00:00:00.000,0.0,0.0,0.0,0.0,0.0,0.0,0.0,2.0,2.0,1.0,1.0,0.0,0.0,0.0,0.0,0.0,0.0,0.0,0.0,0.0,4.0,0.0,0.0,0.0,bbcbbbcb
2009-07-08T00:00:00.000,0.0,0.0,0.0,0.0,0.0,0.0,0.0,2.0,3.0,2.0,0.0,0.0,0.0,0.0,0.0,0.0,0.0,0.0,0.0,0.0,3.0,1.0,0.0,0.0,aacbaacb
2009-07-09T00:00:00.000,0.0,0.0,0.0,0.0,0.0,0.0,0.0,0.0,2.0,2.0,1.0,1.0,3.0,0.0,0.0,0.0,0.0,0.0,0.0,2.0,1.0,2.0,0.0,0.0,aabccacb
2009-07-10T00:00:00.000,0.0,0.0,0.0,0.0,0.0,0.0,0.0,1.0,0.0,0.0,1.0,3.0,3.0,0.0,0.0,0.0,0.0,0.0,0.0,3.0,0.0,1.0,0.0,0.0,aabccacb
2009-07-11T00:00:00.000,0.0,0.0,0.0,0.0,0.0,0.0,1.0,1.0,0.0,0.0,2.0,3.0,0.0,3.0,0.0,0.0,0.0,0.0,0.0,3.0,0.0,0.0,0.0,0.0,aabccaca
2009-07-12T00:00:00.000,0.0,0.0,0.0,0.0,0.0,0.0,2.0,0.0,0.0,0.0,8.0,2.0,0.0,3.0,0.0,0.0,0.0,0.0,2.0,2.0,0.0,0.0,0.0,0.0,aabcbaba
2009-07-13T00:00:00.000,0.0,0.0,0.0,0.0,0.0,0.0,1.0,0.0,0.0,0.0,10.0,1.0,0.0,0.0,0.0,0.0,0.0,0.0,2.0,0.0,0.0,0.0,0.0,0.0,bbbcbbbb
2009-07-14T00:00:00.000,0.0,0.0,0.0,0.0,0.0,0.0,0.0,0.0,0.0,0.0,7.0,0.0,1.0,0.0,0.0,0.0,0.0,0.0,0.0,0.0,0.0,0.0,0.0,0.0,bbbcbbbb
2009-07-15T00:00:00.000,0.0,0.0,0.0,0.0,0.0,0.0,0.0,0.0,0.0,0.0,3.0,0.0,1.0,0.0,1.0,0.0,0.0,0.0,0.0,0.0,0.0,2.0,0.0,0.0,bbbccbbc
2009-07-16T00:00:00.000,0.0,0.0,0.0,0.0,0.0,0.0,0.0,0.0,0.0,0.0,0.0,2.0,0.0,0.0,1.0,0.0,0.0,0.0,0.0,0.0,0.0,2.0,0.0,0.0,bbbcbbbc
2009-07-17T00:00:00.000,0.0,0.0,0.0,0.0,0.0,0.0,1.0,0.0,0.0,4.0,3.0,2.0,0.0,1.0,0.0,0.0,0.0,0.0,0.0,0.0,0.0,0.0,0.0,0.0,aabcbaaa
2009-07-18T00:00:00.000,0.0,2.0,4.0,0.0,2.0,0.0,1.0,0.0,0.0,4.0,3.0,0.0,0.0,1.0,0.0,0.0,0.0,0.0,0.0,0.0,0.0,0.0,0.0,0.0,cbbcbaaa
2009-07-19T00:00:00.000,0.0,2.0,4.0,0.0,2.0,0.0,1.0,0.0,0.0,0.0,1.0,5.0,0.0,0.0,0.0,0.0,0.0,0.0,0.0,1.0,1.0,0.0,0.0,0.0,cbbcaaba
2009-07-20T00:00:00.000,0.0,0.0,0.0,0.0,0.0,2.0,1.0,0.0,1.0,0.0,1.0,5.0,0.0,0.0,0.0,0.0,0.0,0.0,0.0,1.0,4.0,0.0,0.0,0.0,abbcaaca
2009-07-21T00:00:00.000,0.0,0.0,0.0,0.0,0.0,2.0,1.0,1.0,2.0,3.0,0.0,0.0,0.0,0.0,0.0,0.0,0.0,0.0,0.0,2.0,3.0,0.0,0.0,0.0,abcbaaca
2009-07-22T00:00:00.000,0.0,0.0,0.0,0.0,0.0,0.0,1.0,1.0,1.0,7.0,1.0,3.0,0.0,0.0,0.0,0.0,0.0,0.0,0.0,4.0,0.0,0.0,0.0,0.0,aabcaaba
2009-07-23T00:00:00.000,0.0,0.0,0.0,0.0,0.0,1.0,0.0,0.0,0.0,7.0,1.0,3.0,0.0,0.0,0.0,0.0,0.0,0.0,0.0,2.0,4.0,1.0,0.0,1.0,abacaacb
2009-07-24T00:00:00.000,0.0,1.0,0.0,1.0,2.0,1.0,0.0,0.0,0.0,3.0,0.0,0.0,0.0,0.0,0.0,0.0,0.0,0.0,0.0,0.0,4.0,1.0,0.0,1.0,bcabaacb
2009-07-25T00:00:00.000,2.0,2.0,0.0,1.0,2.0,1.0,1.0,1.0,0.0,0.0,1.0,2.0,1.0,0.0,0.0,0.0,0.0,0.0,0.0,0.0,0.0,0.0,0.0,0.0,ccbcbaaa
2009-07-26T00:00:00.000,2.0,1.0,0.0,0.0,0.0,1.0,1.0,1.0,0.0,1.0,5.0,6.0,6.0,0.0,0.0,0.0,0.0,0.0,0.0,0.0,0.0,0.0,2.0,9.0,babcbaac
2009-07-27T00:00:00.000,0.0,0.0,0.0,0.0,0.0,0.0,1.0,0.0,0.0,2.0,4.0,5.0,6.0,0.0,0.0,0.0,0.0,0.0,0.0,1.0,0.0,0.0,2.0,9.0,aabcbabc
2009-07-28T00:00:00.000,0.0,0.0,2.0,0.0,0.0,0.0,2.0,1.0,0.0,5.0,1.0,3.0,1.0,0.0,0.0,0.0,0.0,0.0,0.0,1.0,0.0,0.0,0.0,0.0,babcbaba
2009-07-29T00:00:00.000,0.0,0.0,2.0,0.0,0.0,0.0,2.0,3.0,2.0,4.0,2.0,5.0,0.0,0.0,0.0,0.0,0.0,0.0,0.0,0.0,0.0,0.0,0.0,0.0,baccaaaa
2009-07-30T00:00:00.000,0.0,0.0,0.0,0.0,0.0,0.0,1.0,2.0,2.0,0.0,1.0,3.0,0.0,0.0,0.0,0.0,0.0,0.0,0.0,0.0,0.0,0.0,0.0,0.0,aaccaaaa
2009-07-31T00:00:00.000,0.0,0.0,0.0,0.0,0.0,0.0,0.0,0.0,0.0,1.0,1.0,1.0,0.0,3.0,0.0,0.0,0.0,0.0,0.0,0.0,2.0,0.0,0.0,3.0,aaaccabc
2009-08-01T00:00:00.000,0.0,2.0,1.0,0.0,0.0,0.0,0.0,0.0,0.0,1.0,1.0,1.0,0.0,3.0,0.0,0.0,0.0,0.0,0.0,0.0,2.0,0.0,0.0,3.0,baabbabb
2009-08-02T00:00:00.000,0.0,2.0,1.0,0.0,0.0,0.0,1.0,0.0,0.0,1.0,2.0,0.0,0.0,0.0,0.0,0.0,0.0,0.0,0.0,1.0,3.0,0.0,0.0,0.0,cabcaaca
2009-08-03T00:00:00.000,0.0,0.0,0.0,0.0,0.0,0.0,1.0,0.0,0.0,1.0,2.0,0.0,0.0,0.0,0.0,0.0,0.0,0.0,0.0,3.0,5.0,0.0,0.0,0.0,bbbbbbcb
2009-08-04T00:00:00.000,0.0,0.0,0.0,0.0,0.0,0.0,1.0,3.0,0.0,0.0,0.0,1.0,0.0,0.0,0.0,0.0,0.0,0.0,0.0,2.0,2.0,0.0,0.0,0.0,aacbaaca
2009-08-05T00:00:00.000,0.0,0.0,0.0,0.0,0.0,0.0,1.0,3.0,0.0,0.0,0.0,4.0,3.0,1.0,0.0,0.0,0.0,0.0,0.0,0.0,1.0,0.0,0.0,0.0,aacccaba
2009-08-06T00:00:00.000,0.0,0.0,0.0,0.0,0.0,0.0,2.0,1.0,0.0,0.0,0.0,3.0,3.0,1.0,0.0,1.0,0.0,0.0,0.0,0.0,2.0,0.0,0.0,0.0,aacccbba
2009-08-07T00:00:00.000,0.0,0.0,0.0,0.0,0.0,0.0,2.0,2.0,0.0,0.0,0.0,0.0,0.0,0.0,0.0,1.0,0.0,0.0,0.0,0.0,1.0,0.0,0.0,1.0,aacaabbb
2009-08-08T00:00:00.000,2.0,1.0,0.0,0.0,0.0,0.0,1.0,1.0,0.0,0.0,2.0,2.0,0.0,0.0,0.0,0.0,0.0,0.0,0.0,1.0,0.0,0.0,0.0,1.0,cabcaabb
2009-08-09T00:00:00.000,2.0,1.0,0.0,0.0,0.0,0.0,1.0,1.0,0.0,0.0,2.0,5.0,2.0,0.0,0.0,0.0,0.0,0.0,0.0,2.0,1.0,1.0,0.0,0.0,babcbabb
2009-08-10T00:00:00.000,0.0,0.0,0.0,0.0,0.0,0.0,0.0,3.0,2.0,0.0,0.0,7.0,2.0,0.0,0.0,0.0,0.0,0.0,0.0,1.0,2.0,1.0,0.0,0.0,aaccbabb
2009-08-11T00:00:00.000,0.0,0.0,0.0,0.0,0.0,0.0,0.0,2.0,2.0,0.0,2.0,6.0,2.0,0.0,0.0,0.0,0.0,0.0,0.0,0.0,1.0,1.0,0.0,0.0,aaccbabb
2009-08-12T00:00:00.000,0.0,0.0,0.0,0.0,0.0,0.0,0.0,1.0,0.0,0.0,3.0,3.0,2.0,0.0,0.0,0.0,0.0,0.0,0.0,1.0,5.0,1.0,0.0,0.0,aabcbacb
2009-08-13T00:00:00.000,0.0,1.0,0.0,0.0,1.0,0.0,0.0,1.0,0.0,0.0,1.0,1.0,0.0,0.0,0.0,0.0,0.0,0.0,0.0,1.0,5.0,0.0,0.0,0.0,bbbbaaca
2009-08-14T00:00:00.000,1.0,2.0,1.0,0.0,1.0,0.0,1.0,1.0,0.0,1.0,0.0,0.0,0.0,0.0,0.0,0.0,0.0,0.0,1.0,0.0,0.0,0.0,0.0,0.0,cbcbaaba
2009-08-15T00:00:00.000,4.0,2.0,1.0,0.0,0.0,0.0,1.0,1.0,0.0,1.0,0.0,0.0,6.0,0.0,0.0,0.0,0.0,0.0,1.0,0.0,3.0,1.0,0.0,0.0,cabbcabb
2009-08-16T00:00:00.000,3.0,1.0,0.0,0.0,0.0,0.0,0.0,1.0,1.0,2.0,3.0,0.0,6.0,0.0,0.0,0.0,0.0,0.0,0.0,0.0,4.0,1.0,0.0,0.0,babccabb
2009-08-17T00:00:00.000,0.0,0.0,0.0,0.0,0.0,1.0,1.0,3.0,3.0,8.0,4.0,0.0,0.0,0.0,0.0,0.0,0.0,0.0,0.0,0.0,2.0,0.0,0.0,0.0,abccaaba
2009-08-18T00:00:00.000,0.0,0.0,0.0,2.0,0.0,1.0,1.0,9.0,2.0,8.0,1.0,0.0,0.0,0.0,0.0,0.0,0.0,0.0,1.0,2.0,2.0,1.0,0.0,0.0,abccaabb
2009-08-19T00:00:00.000,0.0,0.0,0.0,2.0,1.0,3.0,0.0,8.0,0.0,5.0,0.0,1.0,8.0,0.0,0.0,0.0,0.0,0.0,1.0,2.0,5.0,3.0,0.0,0.0,abbbbabb
2009-08-20T00:00:00.000,0.0,0.0,0.0,0.0,1.0,3.0,1.0,1.0,0.0,3.0,0.0,1.0,8.0,0.0,0.0,2.0,0.0,0.0,0.0,0.0,4.0,2.0,0.0,3.0,abbbcbbb
2009-08-21T00:00:00.000,0.0,1.0,0.0,0.0,0.0,0.0,1.0,0.0,0.0,0.0,0.0,0.0,0.0,0.0,0.0,2.0,0.0,0.0,0.0,0.0,0.0,1.0,1.0,4.0,babaabac
2009-08-22T00:00:00.000,2.0,1.0,0.0,0.0,0.0,0.0,2.0,0.0,0.0,0.0,0.0,1.0,0.0,0.0,0.0,0.0,0.0,0.0,0.0,4.0,0.0,1.0,1.0,1.0,cabbaacc
2009-08-23T00:00:00.000,2.0,0.0,0.0,0.0,0.0,0.0,2.0,0.0,0.0,0.0,1.0,1.0,5.0,0.0,0.0,0.0,0.0,0.0,0.0,4.0,0.0,0.0,0.0,0.0,babbcaca
2009-08-24T00:00:00.000,4.0,5.0,0.0,0.0,0.0,0.0,1.0,0.0,0.0,0.0,1.0,0.0,5.0,0.0,0.0,0.0,0.0,0.0,0.0,0.0,0.0,0.0,0.0,0.0,cbbbcbbb
2009-08-25T00:00:00.000,4.0,5.0,1.0,0.0,0.0,0.0,1.0,0.0,0.0,0.0,0.0,1.0,0.0,0.0,5.0,2.0,0.0,0.0,0.0,0.0,0.0,0.0,0.0,0.0,cabbcbaa
2009-08-26T00:00:00.000,0.0,0.0,1.0,0.0,0.0,0.0,0.0,0.0,0.0,0.0,0.0,7.0,0.0,4.0,5.0,2.0,0.0,0.0,0.0,0.0,0.0,2.0,3.0,1.0,baaccbac
2009-08-27T00:00:00.000,3.0,0.0,0.0,0.0,0.0,0.0,0.0,0.0,0.0,0.0,0.0,6.0,0.0,4.0,0.0,0.0,0.0,0.0,0.0,0.0,0.0,2.0,3.0,1.0,baacbaac
2009-08-28T00:00:00.000,3.0,0.0,0.0,0.0,0.0,0.0,0.0,0.0,0.0,0.0,5.0,5.0,0.0,0.0,0.0,0.0,0.0,0.0,0.0,0.0,0.0,2.0,0.0,1.0,baacaaab
2009-08-29T00:00:00.000,1.0,1.0,0.0,0.0,0.0,2.0,0.0,0.0,0.0,0.0,5.0,5.0,0.0,1.0,0.0,0.0,0.0,0.0,0.0,0.0,1.0,4.0,1.0,3.0,bbacbabc
2009-08-30T00:00:00.000,1.0,2.0,1.0,0.0,0.0,2.0,0.0,0.0,0.0,0.0,0.0,0.0,0.0,1.0,0.0,0.0,0.0,0.0,0.0,0.0,1.0,2.0,1.0,2.0,cbaababc
2009-08-31T00:00:00.000,0.0,1.0,1.0,0.0,0.0,0.0,1.0,0.0,1.0,1.0,0.0,4.0,1.0,0.0,0.0,0.0,0.0,0.0,0.0,0.0,2.0,0.0,2.0,0.0,babcbabb
2009-09-01T00:00:00.000,2.0,0.0,0.0,0.0,0.0,1.0,1.0,2.0,3.0,2.0,1.0,4.0,1.0,0.0,0.0,0.0,0.0,0.0,0.0,0.0,3.0,6.0,4.0,2.0,babcaabc
2009-09-02T00:00:00.000,2.0,0.0,3.0,0.0,3.0,2.0,0.0,2.0,2.0,1.0,1.0,0.0,0.0,1.0,0.0,0.0,0.0,0.0,0.0,0.0,1.0,7.0,2.0,8.0,bbbbaaac
2009-09-03T00:00:00.000,0.0,1.0,5.0,2.0,4.0,5.0,0.0,1.0,0.0,0.0,0.0,0.0,0.0,1.0,0.0,0.0,0.0,0.0,0.0,0.0,0.0,3.0,0.0,7.0,bcbabaac
2009-09-04T00:00:00.000,1.0,1.0,2.0,2.0,4.0,4.0,0.0,1.0,0.0,0.0,0.0,0.0,0.0,0.0,0.0,0.0,3.0,0.0,0.0,0.0,0.0,3.0,1.0,3.0,bcaaabac
2009-09-05T00:00:00.000,3.0,6.0,0.0,1.0,3.0,2.0,0.0,0.0,0.0,0.0,0.0,0.0,0.0,0.0,0.0,0.0,3.0,0.0,0.0,0.0,0.0,2.0,7.0,5.0,cbaaabac
2009-09-06T00:00:00.000,3.0,7.0,0.0,1.0,1.0,2.0,0.0,0.0,0.0,0.0,0.0,0.0,0.0,0.0,0.0,0.0,0.0,0.0,0.0,0.0,1.0,1.0,7.0,4.0,cbaaaabc
2009-09-07T00:00:00.000,3.0,2.0,0.0,0.0,2.0,3.0,0.0,0.0,1.0,0.0,1.0,1.0,1.0,0.0,0.0,0.0,0.0,0.0,0.0,2.0,5.0,2.0,2.0,2.0,bbabaacc
2009-09-08T00:00:00.000,3.0,1.0,0.0,1.0,1.0,3.0,0.0,2.0,1.0,2.0,2.0,1.0,1.0,0.0,0.0,0.0,0.0,0.0,0.0,2.0,4.0,2.0,1.0,1.0,bcbcaacb
2009-09-09T00:00:00.000,1.0,0.0,0.0,1.0,0.0,3.0,1.0,2.0,0.0,2.0,1.0,1.0,0.0,0.0,0.0,0.0,0.0,0.0,0.0,0.0,0.0,6.0,6.0,2.0,bbbbaaac
2009-09-10T00:00:00.000,0.0,0.0,0.0,0.0,0.0,3.0,1.0,0.0,0.0,0.0,0.0,1.0,0.0,0.0,0.0,0.0,0.0,0.0,0.0,0.0,0.0,6.0,6.0,2.0,abbbaaac
2009-09-11T00:00:00.000,0.0,0.0,0.0,0.0,0.0,0.0,0.0,0.0,0.0,0.0,0.0,0.0,0.0,4.0,0.0,0.0,0.0,0.0,0.0,0.0,0.0,2.0,2.0,1.0,bbbbcbbc
2009-09-12T00:00:00.000,0.0,2.0,0.0,0.0,0.0,0.0,0.0,1.0,0.0,0.0,0.0,0.0,0.0,4.0,0.0,0.0,0.0,0.0,0.0,1.0,2.0,4.0,5.0,1.0,babababc
2009-09-13T00:00:00.000,1.0,3.0,1.0,1.0,0.0,0.0,0.0,1.0,1.0,1.0,1.0,0.0,0.0,0.0,0.0,0.0,0.0,0.0,0.0,1.0,3.0,2.0,3.0,0.0,cabbaacc
2009-09-14T00:00:00.000,1.0,1.0,1.0,2.0,1.0,0.0,0.0,3.0,1.0,1.0,2.0,0.0,0.0,0.0,0.0,0.0,0.0,0.0,0.0,0.0,1.0,3.0,1.0,2.0,bbcbaaac
2009-09-15T00:00:00.000,0.0,0.0,2.0,1.0,1.0,0.0,0.0,3.0,0.0,0.0,1.0,1.0,1.0,0.0,0.0,0.0,0.0,0.0,0.0,0.0,0.0,11.0,3.0,2.0,bbbbbaac
2009-09-16T00:00:00.000,0.0,0.0,2.0,0.0,0.0,0.0,0.0,0.0,0.0,1.0,0.0,4.0,1.0,0.0,0.0,0.0,0.0,0.0,0.0,0.0,0.0,13.0,2.0,0.0,bbbbbbbc
2009-09-17T00:00:00.000,0.0,0.0,0.0,1.0,1.0,0.0,0.0,0.0,0.0,1.0,0.0,3.0,0.0,0.0,0.0,0.0,0.0,0.0,0.0,0.0,0.0,5.0,0.0,0.0,bbbcbbbc
2009-09-18T00:00:00.000,0.0,0.0,0.0,1.0,1.0,4.0,0.0,0.0,0.0,0.0,0.0,0.0,0.0,0.0,2.0,0.0,0.0,0.0,0.0,0.0,0.0,1.0,4.0,2.0,acaabaac
2009-09-19T00:00:00.000,1.0,0.0,0.0,0.0,0.0,4.0,0.0,0.0,1.0,2.0,4.0,0.0,0.0,0.0,2.0,0.0,0.0,1.0,0.0,0.0,2.0,1.0,8.0,6.0,ababbabc
2009-09-20T00:00:00.000,1.0,0.0,0.0,0.0,2.0,1.0,4.0,0.0,1.0,2.0,5.0,2.0,0.0,0.0,0.0,0.0,0.0,1.0,0.0,0.0,4.0,3.0,7.0,5.0,abbcaabc
2009-09-21T00:00:00.000,2.0,0.0,1.0,0.0,2.0,1.0,4.0,1.0,0.0,0.0,1.0,2.0,0.0,0.0,0.0,0.0,0.0,0.0,1.0,0.0,4.0,3.0,3.0,3.0,bbbbaabc
2009-09-22T00:00:00.000,2.0,0.0,5.0,0.0,0.0,0.0,0.0,1.0,0.0,0.0,1.0,0.0,0.0,0.0,0.0,0.0,0.0,0.0,1.0,0.0,2.0,1.0,0.0,2.0,cabbaabb
2009-09-23T00:00:00.000,1.0,0.0,4.0,0.0,0.0,0.0,0.0,1.0,3.0,1.0,1.0,1.0,0.0,0.0,0.0,0.0,0.0,0.0,0.0,0.0,0.0,1.0,0.0,0.0,caccaaab
2009-09-24T00:00:00.000,1.0,3.0,1.0,0.0,0.0,1.0,2.0,3.0,3.0,1.0,0.0,1.0,1.0,0.0,0.0,0.0,0.0,0.0,0.0,0.0,0.0,0.0,1.0,0.0,cbcbbaab
2009-09-25T00:00:00.000,0.0,3.0,1.0,0.0,0.0,1.0,2.0,2.0,0.0,0.0,0.0,3.0,1.0,0.0,0.0,0.0,0.0,0.0,0.0,1.0,0.0,0.0,1.0,0.0,cbcbbabb
2009-09-26T00:00:00.000,0.0,0.0,0.0,0.0,2.0,1.0,1.0,0.0,0.0,0.0,0.0,3.0,0.0,0.0,0.0,0.0,0.0,0.0,0.0,1.0,0.0,3.0,1.0,2.0,abbbaabc
2009-09-27T00:00:00.000,1.0,1.0,3.0,0.0,2.0,1.0,1.0,0.0,1.0,1.0,0.0,0.0,0.0,0.0,0.0,0.0,0.0,0.0,0.0,0.0,0.0,6.0,2.0,4.0,cbbbaaac
2009-09-28T00:00:00.000,1.0,1.0,7.0,0.0,1.0,0.0,1.0,0.0,1.0,1.0,0.0,0.0,0.0,0.0,0.0,0.0,0.0,0.0,0.0,0.0,1.0,4.0,4.0,5.0,cbbbaabc
2009-09-29T00:00:00.000,2.0,0.0,4.0,0.0,1.0,0.0,1.0,0.0,0.0,0.0,0.0,1.0,0.0,0.0,0.0,0.0,0.0,0.0,0.0,0.0,7.0,1.0,5.0,5.0,cbbbaacc
2009-09-30T00:00:00.000,3.0,0.0,0.0,0.0,0.0,0.0,0.0,1.0,0.0,0.0,0.0,1.0,0.0,0.0,0.0,0.0,0.0,0.0,0.0,0.0,9.0,0.0,2.0,2.0,bbbbbbcb
2009-10-01T00:00:00.000,1.0,0.0,0.0,0.0,0.0,1.0,0.0,1.0,0.0,0.0,0.0,0.0,0.0,0.0,0.0,0.0,0.0,0.0,0.0,0.0,3.0,0.0,0.0,0.0,bbbbbbcb
2009-10-02T00:00:00.000,0.0,2.0,1.0,1.0,0.0,1.0,2.0,0.0,0.0,0.0,0.0,0.0,0.0,1.0,2.0,0.0,0.0,0.0,0.0,0.0,0.0,1.0,0.0,2.0,cbbacaac
2009-10-03T00:00:00.000,0.0,2.0,1.0,1.0,0.0,0.0,3.0,0.0,0.0,0.0,0.0,0.0,0.0,1.0,2.0,0.0,0.0,0.0,0.0,0.0,0.0,2.0,0.0,3.0,bbbabaac
2009-10-04T00:00:00.000,0.0,0.0,0.0,0.0,0.0,0.0,1.0,0.0,0.0,0.0,0.0,0.0,1.0,0.0,0.0,0.0,0.0,0.0,0.0,0.0,0.0,2.0,0.0,1.0,bbbbbbbc
2009-10-05T00:00:00.000,0.0,0.0,0.0,0.0,0.0,0.0,0.0,0.0,0.0,0.0,2.0,7.0,1.0,1.0,0.0,0.0,0.0,0.0,0.0,0.0,2.0,2.0,0.0,2.0,aaacbabb
2009-10-06T00:00:00.000,0.0,0.0,0.0,0.0,1.0,0.0,0.0,0.0,0.0,0.0,2.0,7.0,5.0,2.0,0.0,0.0,0.0,0.0,0.0,0.0,2.0,3.0,0.0,3.0,abaccabc
2009-10-07T00:00:00.000,2.0,0.0,0.0,0.0,1.0,0.0,0.0,0.0,0.0,0.0,0.0,0.0,5.0,1.0,1.0,0.0,0.0,0.0,0.0,0.0,0.0,2.0,1.0,1.0,bbaacaac
2009-10-08T00:00:00.000,2.0,0.0,0.0,0.0,0.0,0.0,0.0,0.0,0.0,0.0,0.0,0.0,0.0,0.0,1.0,0.0,0.0,0.0,0.0,0.0,0.0,0.0,1.0,0.0,cbbbbbbb
2009-10-09T00:00:00.000,0.0,0.0,0.0,0.0,0.0,0.0,0.0,0.0,0.0,0.0,0.0,0.0,0.0,0.0,0.0,0.0,0.0,0.0,0.0,0.0,0.0,1.0,0.0,0.0,bbbbbbbb
2009-10-10T00:00:00.000,0.0,1.0,0.0,0.0,0.0,0.0,0.0,0.0,0.0,0.0,0.0,0.0,1.0,1.0,0.0,0.0,0.0,0.0,0.0,0.0,0.0,1.0,0.0,4.0,bbbbbbbc
2009-10-11T00:00:00.000,0.0,1.0,0.0,0.0,0.0,1.0,0.0,0.0,0.0,0.0,0.0,1.0,1.0,1.0,0.0,0.0,0.0,0.0,0.0,0.0,0.0,3.0,1.0,6.0,bbabbaac
2009-10-12T00:00:00.000,0.0,1.0,1.0,0.0,0.0,1.0,1.0,0.0,0.0,0.0,0.0,1.0,0.0,0.0,0.0,0.0,2.0,0.0,0.0,0.0,0.0,3.0,1.0,3.0,bbbbabac
2009-10-13T00:00:00.000,1.0,1.0,1.0,0.0,1.0,1.0,2.0,0.0,2.0,0.0,1.0,1.0,0.0,0.0,0.0,0.0,2.0,0.0,1.0,6.0,3.0,0.0,0.0,3.0,bbbbabcb
2009-10-14T00:00:00.000,1.0,0.0,2.0,1.0,5.0,6.0,1.0,0.0,2.0,1.0,1.0,1.0,0.0,0.0,0.0,0.0,0.0,0.0,1.0,7.0,3.0,0.0,0.0,2.0,bcbbaacb
2009-10-15T00:00:00.000,1.0,2.0,4.0,3.0,5.0,6.0,1.0,0.0,4.0,1.0,2.0,0.0,0.0,1.0,1.0,0.0,0.0,0.0,0.0,1.0,1.0,1.0,1.0,3.0,ccbbaaab
2009-10-16T00:00:00.000,4.0,10.0,3.0,2.0,1.0,1.0,1.0,0.0,4.0,0.0,2.0,0.0,0.0,1.0,1.0,4.0,0.0,0.0,0.0,0.0,3.0,5.0,4.0,4.0,cbbaabac
2009-10-17T00:00:00.000,5.0,9.0,2.0,0.0,2.0,0.0,0.0,0.0,0.0,0.0,1.0,0.0,4.0,2.0,1.0,4.0,0.0,0.0,0.0,0.0,2.0,4.0,5.0,1.0,caaabbac
2009-10-18T00:00:00.000,2.0,1.0,1.0,0.0,2.0,5.0,0.0,0.0,0.0,0.0,1.0,0.0,4.0,2.0,1.0,0.0,0.0,0.0,0.0,0.0,0.0,0.0,2.0,0.0,bcabcaab
2009-10-19T00:00:00.000,2.0,0.0,5.0,0.0,0.0,6.0,0.0,0.0,0.0,0.0,1.0,1.0,0.0,0.0,1.0,0.0,0.0,0.0,0.0,0.0,0.0,0.0,1.0,0.0,ccabbaab
2009-10-20T00:00:00.000,2.0,0.0,6.0,0.0,1.0,1.0,0.0,1.0,0.0,0.0,1.0,1.0,4.0,2.0,2.0,0.0,0.0,0.0,0.0,0.0,0.0,0.0,4.0,4.0,cbabcaac
2009-10-21T00:00:00.000,1.0,1.0,3.0,0.0,1.0,0.0,0.0,4.0,1.0,0.0,0.0,0.0,4.0,3.0,1.0,0.0,0.0,0.0,0.0,0.0,0.0,5.0,7.0,5.0,babacaac
2009-10-22T00:00:00.000,1.0,1.0,2.0,0.0,0.0,0.0,0.0,3.0,1.0,0.0,0.0,0.0,0.0,1.0,0.0,0.0,0.0,0.0,0.0,0.0,0.0,5.0,4.0,1.0,bababaac
2009-10-23T00:00:00.000,0.0,0.0,0.0,0.0,3.0,3.0,1.0,0.0,0.0,0.0,0.0,0.0,0.0,0.0,0.0,1.0,0.0,0.0,0.0,0.0,0.0,1.0,3.0,3.0,acbaabac
2009-10-24T00:00:00.000,1.0,0.0,0.0,0.0,4.0,3.0,1.0,0.0,0.0,0.0,0.0,0.0,0.0,0.0,0.0,1.0,0.0,0.0,1.0,2.0,0.0,1.0,3.0,3.0,bcbaabbc
2009-10-25T00:00:00.000,1.0,2.0,0.0,1.0,1.0,2.0,1.0,1.0,0.0,0.0,0.0,1.0,0.0,2.0,0.0,0.0,0.0,0.0,1.0,2.0,0.0,1.0,0.0,0.0,ccbabaca
2009-10-26T00:00:00.000,0.0,2.0,2.0,2.0,0.0,3.0,1.0,1.0,0.0,2.0,0.0,2.0,7.0,3.0,0.0,0.0,0.0,0.0,0.0,0.0,0.0,4.0,0.0,0.0,bbbbcaab
2009-10-27T00:00:00.000,0.0,0.0,2.0,1.0,0.0,3.0,0.0,1.0,0.0,2.0,0.0,2.0,9.0,2.0,1.0,1.0,0.0,0.0,0.0,0.0,0.0,4.0,0.0,1.0,bbabcaab
2009-10-28T00:00:00.000,0.0,0.0,0.0,0.0,0.0,2.0,2.0,1.0,0.0,2.0,3.0,5.0,3.0,1.0,1.0,1.0,0.0,0.0,0.0,0.0,4.0,1.0,0.0,4.0,abbcbabb
2009-10-29T00:00:00.000,0.0,0.0,0.0,1.0,0.0,0.0,2.0,1.0,2.0,2.0,3.0,4.0,1.0,0.0,1.0,0.0,0.0,0.0,0.0,0.0,4.0,0.0,0.0,5.0,aabcbabb
2009-10-30T00:00:00.000,3.0,0.0,0.0,2.0,0.0,0.0,0.0,1.0,2.0,0.0,0.0,0.0,0.0,0.0,1.0,0.0,3.0,2.0,0.0,0.0,0.0,0.0,0.0,4.0,bbbabcac
2009-10-31T00:00:00.000,5.0,2.0,0.0,1.0,0.0,0.0,1.0,0.0,0.0,2.0,1.0,0.0,0.0,0.0,0.0,0.0,3.0,2.0,0.0,0.0,0.0,1.0,1.0,2.0,cbbbacab
2009-11-01T00:00:00.000,3.0,5.0,0.0,1.0,0.0,0.0,1.0,0.0,0.0,2.0,1.0,0.0,0.0,0.0,0.0,0.0,0.0,0.0,0.0,0.0,2.0,1.0,1.0,0.0,cbbbaabb
2009-11-02T00:00:00.000,1.0,3.0,0.0,1.0,1.0,0.0,0.0,0.0,3.0,3.0,0.0,0.0,0.0,1.0,1.0,0.0,0.0,0.0,0.0,0.0,3.0,2.0,1.0,0.0,cbbbbabb
2009-11-03T00:00:00.000,0.0,1.0,2.0,1.0,2.0,0.0,0.0,0.0,4.0,3.0,0.0,0.0,0.0,1.0,1.0,0.0,0.0,0.0,0.0,0.0,1.0,5.0,4.0,1.0,bbbbbaac
2009-11-04T00:00:00.000,4.0,4.0,2.0,1.0,1.0,0.0,1.0,0.0,4.0,0.0,0.0,0.0,1.0,2.0,0.0,0.0,0.0,0.0,0.0,1.0,2.0,6.0,3.0,1.0,cbbababc
2009-11-05T00:00:00.000,4.0,3.0,0.0,0.0,0.0,0.0,1.0,0.0,3.0,0.0,0.0,0.0,1.0,2.0,0.0,0.0,0.0,0.0,0.0,1.0,2.0,3.0,0.0,0.0,cabababb
2009-11-06T00:00:00.000,0.0,1.0,1.0,1.0,2.0,1.0,0.0,0.0,0.0,0.0,0.0,0.0,0.0,0.0,3.0,0.0,0.0,0.0,0.0,0.0,0.0,2.0,2.0,0.0,bcaacaac
2009-11-07T00:00:00.000,0.0,2.0,1.0,1.0,2.0,1.0,0.0,0.0,0.0,0.0,0.0,1.0,2.0,1.0,3.0,0.0,0.0,0.0,0.0,2.0,5.0,3.0,2.0,0.0,bbaacacc
2009-11-08T00:00:00.000,0.0,1.0,0.0,0.0,0.0,1.0,1.0,0.0,0.0,0.0,0.0,1.0,2.0,1.0,0.0,0.0,0.0,0.0,2.0,3.0,5.0,1.0,0.0,0.0,bbbbbacb
2009-11-09T00:00:00.000,0.0,1.0,1.0,0.0,0.0,1.0,1.0,0.0,0.0,2.0,2.0,0.0,0.0,0.0,0.0,0.0,0.0,0.0,2.0,3.0,0.0,0.0,0.0,1.0,bbbcaacb
2009-11-10T00:00:00.000,0.0,1.0,1.0,0.0,1.0,1.0,1.0,1.0,0.0,3.0,3.0,0.0,0.0,0.0,0.0,0.0,0.0,0.0,0.0,2.0,0.0,0.0,1.0,1.0,bbbcaabb
2009-11-11T00:00:00.000,1.0,0.0,1.0,1.0,2.0,2.0,1.0,1.0,4.0,1.0,1.0,1.0,0.0,0.0,0.0,0.0,0.0,0.0,0.0,3.0,0.0,0.0,1.0,0.0,bccbaaba
2009-11-12T00:00:00.000,2.0,2.0,1.0,2.0,4.0,1.0,0.0,0.0,4.0,0.0,0.0,1.0,0.0,0.0,0.0,0.0,0.0,0.0,3.0,3.0,0.0,1.0,0.0,0.0,ccbaaaca
2009-11-13T00:00:00.000,1.0,2.0,0.0,1.0,3.0,0.0,0.0,0.0,0.0,0.0,0.0,0.0,1.0,0.0,0.0,0.0,0.0,0.0,3.0,0.0,0.0,1.0,0.0,0.0,ccaabacb
2009-11-14T00:00:00.000,3.0,1.0,0.0,1.0,0.0,1.0,1.0,0.0,0.0,0.0,0.0,0.0,1.0,0.0,0.0,0.0,0.0,0.0,0.0,0.0,0.0,3.0,0.0,3.0,cbbabaac
2009-11-15T00:00:00.000,5.0,4.0,1.0,1.0,0.0,1.0,1.0,1.0,0.0,0.0,1.0,2.0,0.0,0.0,0.0,0.0,0.0,0.0,0.0,3.0,0.0,4.0,2.0,6.0,cbbbaabc
2009-11-16T00:00:00.000,2.0,3.0,1.0,0.0,2.0,0.0,0.0,1.0,0.0,0.0,1.0,2.0,0.0,0.0,0.0,0.0,0.0,0.0,0.0,3.0,2.0,1.0,2.0,5.0,cbabaacc
2009-11-17T00:00:00.000,1.0,0.0,0.0,3.0,3.0,0.0,0.0,1.0,0.0,0.0,0.0,0.0,0.0,0.0,0.0,0.0,0.0,0.0,0.0,1.0,2.0,0.0,2.0,3.0,bcbaaabc
2009-11-18T00:00:00.000,1.0,0.0,0.0,3.0,3.0,0.0,0.0,1.0,0.0,0.0,0.0,0.0,0.0,0.0,0.0,0.0,0.0,0.0,0.0,6.0,0.0,0.0,3.0,1.0,bcbaaacb
2009-11-19T00:00:00.000,0.0,0.0,1.0,0.0,2.0,0.0,0.0,0.0,0.0,0.0,0.0,0.0,0.0,0.0,0.0,0.0,0.0,0.0,0.0,5.0,0.0,0.0,1.0,2.0,bbbbbbcc
2009-11-20T00:00:00.000,0.0,0.0,1.0,0.0,0.0,0.0,0.0,0.0,0.0,0.0,0.0,0.0,0.0,1.0,0.0,0.0,0.0,0.0,0.0,0.0,0.0,0.0,0.0,2.0,bbbbbbbc
2009-11-21T00:00:00.000,0.0,0.0,0.0,0.0,0.0,0.0,0.0,0.0,0.0,0.0,3.0,1.0,0.0,1.0,0.0,0.0,0.0,0.0,1.0,1.0,0.0,3.0,2.0,1.0,aaacbabc
2009-11-22T00:00:00.000,0.0,0.0,0.0,0.0,0.0,0.0,0.0,0.0,1.0,0.0,3.0,1.0,0.0,0.0,0.0,0.0,0.0,0.0,1.0,1.0,2.0,4.0,2.0,1.0,aabcaacc
2009-11-23T00:00:00.000,2.0,0.0,1.0,0.0,1.0,0.0,0.0,0.0,2.0,0.0,0.0,0.0,0.0,0.0,0.0,0.0,0.0,0.0,2.0,2.0,2.0,1.0,2.0,0.0,bbbaaacb
2009-11-24T00:00:00.000,3.0,2.0,2.0,2.0,1.0,0.0,0.0,0.0,1.0,0.0,0.0,0.0,0.0,0.0,0.0,0.0,0.0,0.0,5.0,3.0,0.0,1.0,4.0,3.0,cbaaaacc
2009-11-25T00:00:00.000,1.0,2.0,6.0,2.0,1.0,0.0,0.0,0.0,0.0,0.0,0.0,0.0,0.0,0.0,0.0,0.0,0.0,0.0,3.0,1.0,0.0,1.0,2.0,5.0,cbaaaabc
2009-11-26T00:00:00.000,1.0,0.0,5.0,0.0,1.0,0.0,0.0,0.0,0.0,0.0,3.0,1.0,0.0,0.0,0.0,0.0,0.0,0.0,1.0,3.0,1.0,2.0,0.0,2.0,cbabaacb
2009-11-27T00:00:00.000,1.0,0.0,0.0,0.0,0.0,0.0,0.0,0.0,0.0,0.0,3.0,8.0,0.0,0.0,0.0,0.0,2.0,0.0,1.0,3.0,4.0,6.0,0.0,0.0,baacabcb
2009-11-28T00:00:00.000,0.0,2.0,1.0,1.0,0.0,0.0,0.0,0.0,0.0,0.0,0.0,7.0,0.0,0.0,0.0,0.0,2.0,3.0,2.0,0.0,3.0,7.0,2.0,1.0,baacabbc
2009-11-29T00:00:00.000,0.0,2.0,2.0,2.0,1.0,1.0,0.0,0.0,0.0,0.0,0.0,0.0,0.0,0.0,0.0,0.0,0.0,3.0,2.0,0.0,1.0,5.0,5.0,1.0,bbaaabbc
2009-11-30T00:00:00.000,1.0,2.0,2.0,1.0,1.0,1.0,0.0,0.0,0.0,0.0,0.0,0.0,0.0,0.0,0.0,0.0,0.0,2.0,0.0,0.0,2.0,2.0,4.0,1.0,cbaaabbc
2009-12-01T00:00:00.000,1.0,2.0,1.0,1.0,1.0,0.0,0.0,0.0,1.0,0.0,0.0,0.0,0.0,0.0,0.0,0.0,0.0,3.0,2.0,0.0,3.0,0.0,3.0,3.0,bbaaabcc
2009-12-02T00:00:00.000,0.0,2.0,2.0,2.0,2.0,0.0,0.0,0.0,1.0,0.0,1.0,0.0,0.0,0.0,1.0,0.0,0.0,1.0,3.0,0.0,2.0,0.0,2.0,2.0,ccaaaacc
2009-12-03T00:00:00.000,0.0,2.0,2.0,1.0,1.0,0.0,0.0,0.0,0.0,4.0,2.0,0.0,0.0,0.0,1.0,0.0,0.0,0.0,1.0,0.0,0.0,0.0,0.0,0.0,cbacbaba
2009-12-04T00:00:00.000,0.0,1.0,1.0,2.0,2.0,0.0,0.0,0.0,0.0,4.0,1.0,0.0,0.0,1.0,0.0,0.0,0.0,0.0,0.0,0.0,0.0,1.0,2.0,5.0,bbacbaac
2009-12-05T00:00:00.000,3.0,1.0,1.0,2.0,2.0,0.0,0.0,0.0,0.0,0.0,0.0,0.0,0.0,1.0,0.0,0.0,0.0,0.0,3.0,0.0,1.0,1.0,4.0,9.0,bbaababc
2009-12-06T00:00:00.000,3.0,1.0,1.0,4.0,2.0,1.0,0.0,0.0,2.0,0.0,1.0,0.0,0.0,0.0,0.0,0.0,0.0,0.0,3.0,0.0,4.0,0.0,3.0,4.0,bcbaaacc
2009-12-07T00:00:00.000,0.0,1.0,3.0,5.0,6.0,1.0,0.0,0.0,3.0,1.0,4.0,0.0,0.0,0.0,0.0,0.0,0.0,1.0,0.0,2.0,3.0,0.0,4.0,0.0,bcbbaabb
2009-12-08T00:00:00.000,1.0,2.0,4.0,1.0,9.0,0.0,0.0,1.0,1.0,1.0,5.0,1.0,0.0,0.0,0.0,0.0,0.0,1.0,0.0,2.0,1.0,0.0,6.0,0.0,bcbbaabb
2009-12-09T00:00:00.000,1.0,2.0,2.0,0.0,5.0,3.0,0.0,1.0,0.0,0.0,3.0,1.0,0.0,0.0,0.0,0.0,0.0,0.0,0.0,0.0,1.0,0.0,4.0,0.0,ccbbaabb
2009-12-10T00:00:00.000,0.0,0.0,0.0,1.0,1.0,4.0,0.0,0.0,0.0,0.0,1.0,0.0,0.0,0.0,0.0,0.0,0.0,0.0,0.0,0.0,1.0,0.0,1.0,0.0,bcbbbbbb
2009-12-11T00:00:00.000,0.0,0.0,0.0,1.0,1.0,1.0,0.0,0.0,0.0,0.0,0.0,0.0,0.0,0.0,0.0,0.0,0.0,0.0,5.0,1.0,3.0,0.0,0.0,0.0,bbbbbbcb
2009-12-12T00:00:00.000,2.0,3.0,0.0,0.0,1.0,0.0,2.0,1.0,3.0,0.0,0.0,0.0,0.0,0.0,1.0,1.0,0.0,0.0,7.0,4.0,4.0,1.0,2.0,3.0,babaaacb
2009-12-13T00:00:00.000,2.0,5.0,1.0,0.0,3.0,1.0,2.0,1.0,3.0,1.0,0.0,0.0,0.0,0.0,1.0,1.0,0.0,0.0,2.0,3.0,3.0,2.0,2.0,8.0,cbbaaacc
2009-12-14T00:00:00.000,0.0,3.0,1.0,3.0,3.0,6.0,1.0,1.0,4.0,1.0,2.0,1.0,0.0,0.0,0.0,0.0,0.0,0.0,2.0,3.0,1.0,1.0,1.0,5.0,bcbbaabb
2009-12-15T00:00:00.000,3.0,1.0,0.0,3.0,1.0,7.0,1.0,1.0,4.0,0.0,2.0,1.0,0.0,0.0,0.0,0.0,0.0,0.0,4.0,5.0,1.0,2.0,1.0,0.0,bcbbaacb
2009-12-16T00:00:00.000,3.0,2.0,2.0,1.0,0.0,2.0,1.0,1.0,0.0,0.0,0.0,0.0,0.0,0.0,0.0,0.0,0.0,0.0,2.0,4.0,2.0,2.0,1.0,0.0,cbbaaacb
2009-12-17T00:00:00.000,0.0,2.0,2.0,1.0,0.0,0.0,1.0,1.0,0.0,0.0,0.0,0.0,0.0,0.0,0.0,0.0,0.0,0.0,0.0,2.0,1.0,4.0,1.0,3.0,cbbaaabc
2009-12-18T00:00:00.000,0.0,0.0,0.0,1.0,0.0,0.0,0.0,0.0,0.0,0.0,0.0,0.0,1.0,0.0,0.0,0.0,0.0,0.0,0.0,1.0,1.0,4.0,1.0,4.0,abaababc
2009-12-19T00:00:00.000,4.0,0.0,0.0,1.0,1.0,1.0,1.0,0.0,0.0,0.0,0.0,0.0,1.0,0.0,0.0,0.0,0.0,1.0,0.0,3.0,3.0,4.0,3.0,6.0,bbaaaacc
2009-12-20T00:00:00.000,4.0,1.0,0.0,1.0,2.0,1.0,1.0,0.0,0.0,0.0,0.0,0.0,0.0,0.0,0.0,0.0,0.0,1.0,0.0,2.0,2.0,6.0,6.0,10.0,bbaaaabc
2009-12-21T00:00:00.000,2.0,1.0,1.0,4.0,2.0,0.0,0.0,0.0,0.0,1.0,1.0,0.0,0.0,0.0,0.0,0.0,0.0,0.0,0.0,7.0,2.0,6.0,8.0,5.0,bbabaacc
2009-12-22T00:00:00.000,2.0,0.0,1.0,3.0,1.0,1.0,0.0,0.0,0.0,2.0,1.0,0.0,0.0,0.0,0.0,0.0,1.0,0.0,0.0,7.0,2.0,4.0,4.0,0.0,bbabaacc
2009-12-23T00:00:00.000,1.0,1.0,0.0,0.0,0.0,1.0,0.0,0.0,0.0,1.0,0.0,0.0,0.0,0.0,0.0,0.0,1.0,0.0,0.0,0.0,0.0,0.0,0.0,0.0,cbbbbbbb
2009-12-24T00:00:00.000,1.0,1.0,0.0,0.0,0.0,0.0,0.0,0.0,0.0,0.0,0.0,0.0,0.0,0.0,0.0,0.0,0.0,0.0,0.0,0.0,0.0,0.0,0.0,0.0,cbbbbbbb
2009-12-25T00:00:00.000,0.0,0.0,1.0,0.0,0.0,0.0,0.0,1.0,0.0,1.0,0.0,0.0,0.0,0.0,0.0,1.0,3.0,3.0,2.0,3.0,0.0,0.0,0.0,3.0,babbaccb
2009-12-26T00:00:00.000,0.0,0.0,1.0,0.0,0.0,0.0,0.0,1.0,0.0,1.0,0.0,0.0,0.0,0.0,4.0,1.0,3.0,3.0,2.0,7.0,4.0,0.0,0.0,4.0,aaaabccb
2009-12-27T00:00:00.000,0.0,0.0,0.0,1.0,3.0,0.0,0.0,0.0,0.0,0.0,0.0,0.0,2.0,0.0,4.0,0.0,0.0,0.0,0.0,5.0,6.0,1.0,0.0,1.0,abaacacb
2009-12-28T00:00:00.000,0.0,0.0,0.0,2.0,7.0,2.0,0.0,0.0,0.0,0.0,0.0,0.0,2.0,0.0,0.0,0.0,0.0,0.0,0.0,4.0,5.0,1.0,0.0,0.0,acaabacb
2009-12-29T00:00:00.000,0.0,0.0,0.0,2.0,4.0,2.0,0.0,0.0,0.0,0.0,0.0,0.0,0.0,0.0,0.0,0.0,0.0,0.0,0.0,3.0,4.0,3.0,0.0,1.0,acaaaacb
2009-12-30T00:00:00.000,0.0,0.0,2.0,2.0,1.0,0.0,0.0,0.0,0.0,0.0,0.0,0.0,0.0,0.0,0.0,0.0,0.0,0.0,0.0,1.0,2.0,5.0,2.0,2.0,bbaaaabc
2009-12-31T00:00:00.000,0.0,0.0,2.0,1.0,1.0,2.0,0.0,1.0,1.0,0.0,0.0,0.0,0.0,0.0,0.0,5.0,0.0,2.0,0.0,2.0,2.0,2.0,2.0,1.0,bbbaacbc
2010-01-01T00:00:00.000,1.0,0.0,0.0,0.0,0.0,2.0,0.0,1.0,1.0,0.0,0.0,0.0,0.0,0.0,0.0,5.0,0.0,2.0,0.0,1.0,1.0,2.0,4.0,1.0,bbbaacbc
2010-01-02T00:00:00.000,1.0,0.0,0.0,0.0,0.0,0.0,0.0,0.0,0.0,0.0,0.0,0.0,1.0,0.0,0.0,0.0,0.0,0.0,0.0,1.0,1.0,7.0,7.0,1.0,bbbbbbbc
2010-01-03T00:00:00.000,0.0,1.0,0.0,1.0,0.0,0.0,0.0,1.0,1.0,1.0,0.0,0.0,1.0,0.0,0.0,0.0,0.0,0.0,4.0,4.0,2.0,6.0,3.0,0.0,aabaaacc
2010-01-04T00:00:00.000,0.0,3.0,2.0,1.0,0.0,0.0,0.0,1.0,1.0,1.0,0.0,0.0,0.0,0.0,0.0,1.0,0.0,0.0,4.0,3.0,1.0,5.0,3.0,0.0,babaaacc
2010-01-05T00:00:00.000,2.0,4.0,4.0,1.0,0.0,0.0,0.0,0.0,0.0,0.0,0.0,0.0,0.0,0.0,0.0,1.0,0.0,0.0,1.0,2.0,1.0,6.0,3.0,0.0,cbaaabbc
2010-01-06T00:00:00.000,6.0,3.0,4.0,4.0,1.0,0.0,0.0,0.0,0.0,0.0,0.0,0.0,0.0,0.0,0.0,0.0,0.0,0.0,1.0,3.0,3.0,2.0,1.0,0.0,cbaaaacb
2010-01-07T00:00:00.000,4.0,2.0,2.0,3.0,1.0,0.0,0.0,0.0,0.0,0.0,0.0,0.0,0.0,0.0,0.0,0.0,0.0,0.0,0.0,7.0,2.0,0.0,1.0,0.0,cbaaaacb
2010-01-08T00:00:00.000,0.0,1.0,0.0,0.0,0.0,0.0,0.0,0.0,0.0,0.0,0.0,0.0,0.0,0.0,0.0,0.0,0.0,0.0,1.0,7.0,2.0,0.0,1.0,0.0,bbbbbbcb
2010-01-09T00:00:00.000,1.0,0.0,0.0,0.0,0.0,1.0,1.0,0.0,0.0,0.0,0.0,0.0,0.0,0.0,0.0,0.0,0.0,0.0,1.0,5.0,3.0,1.0,6.0,1.0,bbbaaacc
2010-01-10T00:00:00.000,1.0,0.0,0.0,4.0,2.0,1.0,1.0,0.0,0.0,0.0,0.0,0.0,0.0,0.0,0.0,2.0,1.0,0.0,0.0,4.0,3.0,3.0,5.0,4.0,acaaabcc
2010-01-11T00:00:00.000,0.0,0.0,2.0,4.0,2.0,0.0,0.0,0.0,0.0,0.0,0.0,0.0,0.0,1.0,0.0,3.0,1.0,0.0,0.0,1.0,2.0,4.0,1.0,5.0,bcaaabbc
2010-01-12T00:00:00.000,0.0,0.0,2.0,1.0,0.0,0.0,0.0,0.0,0.0,0.0,0.0,0.0,0.0,1.0,0.0,1.0,0.0,0.0,0.0,4.0,0.0,3.0,4.0,2.0,bbaabbcc
2010-01-13T00:00:00.000,0.0,1.0,0.0,3.0,4.0,0.0,2.0,0.0,0.0,0.0,0.0,1.0,0.0,0.0,0.0,0.0,0.0,0.0,0.0,3.0,2.0,2.0,5.0,2.0,acbaaabc
2010-01-14T00:00:00.000,2.0,1.0,0.0,2.0,4.0,2.0,2.0,0.0,0.0,0.0,0.0,1.0,0.0,0.0,0.0,0.0,0.0,0.0,0.0,0.0,2.0,3.0,4.0,3.0,bcbaaabc
2010-01-15T00:00:00.000,4.0,1.0,2.0,2.0,0.0,2.0,0.0,0.0,0.0,0.0,0.0,0.0,0.0,0.0,0.0,0.0,0.0,0.0,0.0,2.0,2.0,3.0,4.0,3.0,cbaaaabc
2010-01-16T00:00:00.000,3.0,1.0,3.0,4.0,0.0,0.0,0.0,0.0,1.0,0.0,0.0,0.0,0.0,0.0,0.0,0.0,0.0,0.0,0.0,3.0,7.0,3.0,4.0,2.0,cbaaaacc
2010-01-17T00:00:00.000,1.0,0.0,1.0,2.0,2.0,0.0,2.0,0.0,2.0,0.0,0.0,0.0,0.0,0.0,0.0,0.0,0.0,1.0,1.0,4.0,5.0,2.0,3.0,1.0,bbbaaacc
2010-01-18T00:00:00.000,4.0,6.0,0.0,2.0,2.0,0.0,2.0,4.0,2.0,0.0,0.0,0.0,0.0,0.0,0.0,0.0,0.0,1.0,2.0,3.0,0.0,3.0,2.0,1.0,cbcaaabb
2010-01-19T00:00:00.000,4.0,11.0,0.0,2.0,0.0,0.0,0.0,4.0,1.0,0.0,0.0,0.0,0.0,0.0,0.0,0.0,0.0,0.0,1.0,0.0,1.0,3.0,4.0,0.0,cbbaaabb
2010-01-20T00:00:00.000,0.0,6.0,1.0,3.0,5.0,2.0,0.0,0.0,0.0,0.0,1.0,0.0,0.0,0.0,0.0,0.0,0.0,1.0,4.0,0.0,2.0,0.0,4.0,1.0,ccaaaabb
2010-01-21T00:00:00.000,1.0,2.0,1.0,3.0,5.0,2.0,0.0,0.0,0.0,0.0,1.0,0.0,0.0,0.0,0.0,0.0,0.0,1.0,4.0,1.0,5.0,0.0,1.0,1.0,bcaaaacb
2010-01-22T00:00:00.000,1.0,1.0,0.0,0.0,0.0,0.0,0.0,0.0,0.0,0.0,0.0,0.0,0.0,0.0,0.0,0.0,0.0,0.0,0.0,1.0,6.0,0.0,0.0,0.0,bbbbbbcb
2010-01-23T00:00:00.000,0.0,1.0,2.0,1.0,0.0,1.0,0.0,2.0,0.0,1.0,0.0,1.0,0.0,0.0,0.0,0.0,0.0,0.0,1.0,1.0,3.0,3.0,0.0,3.0,bbbbaacc
2010-01-24T00:00:00.000,0.0,1.0,3.0,4.0,0.0,1.0,0.0,2.0,0.0,1.0,0.0,1.0,0.0,0.0,0.0,0.0,0.0,0.0,1.0,3.0,4.0,8.0,3.0,3.0,bbbbaacc
2010-01-25T00:00:00.000,1.0,0.0,1.0,5.0,0.0,1.0,0.0,0.0,5.0,0.0,0.0,0.0,0.0,0.0,0.0,0.0,1.0,2.0,1.0,2.0,3.0,5.0,3.0,2.0,bbbaabbc
2010-01-26T00:00:00.000,3.0,3.0,0.0,2.0,1.0,8.0,1.0,0.0,5.0,0.0,0.0,0.0,0.0,0.0,0.0,0.0,1.0,2.0,1.0,1.0,0.0,1.0,2.0,2.0,bcbaabbb
2010-01-27T00:00:00.000,2.0,3.0,0.0,0.0,1.0,9.0,1.0,1.0,0.0,0.0,0.0,0.0,0.0,0.0,0.0,0.0,0.0,1.0,0.0,1.0,1.0,2.0,4.0,4.0,bcbaaabc
2010-01-28T00:00:00.000,0.0,0.0,0.0,0.0,0.0,2.0,3.0,1.0,0.0,0.0,0.0,0.0,0.0,0.0,0.0,0.0,0.0,1.0,2.0,3.0,2.0,9.0,2.0,7.0,abbaaacc
2010-01-29T00:00:00.000,0.0,0.0,0.0,0.0,0.0,0.0,3.0,0.0,0.0,0.0,0.0,0.0,0.0,0.0,0.0,0.0,0.0,0.0,2.0,3.0,1.0,10.0,0.0,5.0,bbbbbbbc
2010-01-30T00:00:00.000,1.0,0.0,0.0,0.0,0.0,0.0,0.0,0.0,0.0,0.0,1.0,0.0,0.0,0.0,0.0,0.0,3.0,3.0,0.0,0.0,3.0,9.0,1.0,3.0,baabacbc
2010-01-31T00:00:00.000,2.0,0.0,0.0,0.0,0.0,0.0,0.0,1.0,0.0,0.0,1.0,0.0,0.0,0.0,0.0,0.0,3.0,3.0,0.0,0.0,3.0,7.0,1.0,1.0,babbacbc
2010-02-01T00:00:00.000,1.0,0.0,1.0,1.0,0.0,2.0,0.0,2.0,2.0,1.0,1.0,0.0,0.0,0.0,0.0,2.0,1.0,0.0,0.0,0.0,0.0,0.0,3.0,0.0,bbcbabab
2010-02-02T00:00:00.000,0.0,4.0,2.0,1.0,0.0,2.0,0.0,1.0,2.0,1.0,1.0,0.0,0.0,0.0,0.0,2.0,1.0,1.0,0.0,0.0,1.0,0.0,4.0,3.0,cbbbabac
2010-02-03T00:00:00.000,0.0,4.0,1.0,0.0,3.0,0.0,1.0,1.0,0.0,0.0,0.0,0.0,0.0,0.0,0.0,0.0,0.0,1.0,0.0,0.0,1.0,0.0,6.0,4.0,cbbaabbc
2010-02-04T00:00:00.000,0.0,0.0,0.0,0.0,3.0,0.0,1.0,1.0,0.0,0.0,0.0,0.0,0.0,0.0,0.0,0.0,0.0,0.0,0.0,0.0,0.0,0.0,5.0,1.0,bcbbbbbc
2010-02-05T00:00:00.000,0.0,0.0,0.0,0.0,0.0,0.0,3.0,0.0,0.0,3.0,1.0,0.0,0.0,1.0,0.0,0.0,0.0,0.0,1.0,0.0,1.0,2.0,1.0,0.0,aaccbabc
2010-02-06T00:00:00.000,0.0,1.0,0.0,0.0,0.0,0.0,3.0,0.0,0.0,4.0,1.0,0.0,0.0,1.0,0.0,0.0,0.0,0.0,2.0,1.0,1.0,2.0,1.0,2.0,babcbacc
2010-02-07T00:00:00.000,1.0,1.0,0.0,0.0,0.0,0.0,0.0,0.0,0.0,1.0,0.0,1.0,0.0,0.0,0.0,0.0,0.0,0.0,1.0,7.0,3.0,0.0,1.0,3.0,baabaacb
2010-02-08T00:00:00.000,1.0,0.0,0.0,0.0,1.0,0.0,0.0,0.0,0.0,0.0,0.0,1.0,0.0,0.0,0.0,0.0,0.0,0.0,2.0,8.0,3.0,0.0,1.0,1.0,bbabaacb
2010-02-09T00:00:00.000,0.0,0.0,0.0,4.0,6.0,2.0,2.0,0.0,4.0,0.0,0.0,0.0,0.0,0.0,0.0,0.0,0.0,0.0,2.0,3.0,0.0,3.0,2.0,1.0,accaaabc
2010-02-10T00:00:00.000,0.0,1.0,0.0,4.0,7.0,2.0,3.0,0.0,4.0,0.0,0.0,0.0,0.0,0.0,0.0,0.0,0.0,0.0,0.0,1.0,1.0,7.0,2.0,3.0,acbaaabc
2010-02-11T00:00:00.000,0.0,2.0,0.0,0.0,2.0,1.0,1.0,0.0,0.0,0.0,0.0,0.0,0.0,0.0,0.0,0.0,0.0,0.0,0.0,3.0,1.0,4.0,0.0,2.0,bbbaaacc
2010-02-12T00:00:00.000,0.0,1.0,0.0,0.0,0.0,1.0,0.0,1.0,1.0,1.0,0.0,0.0,0.0,0.0,0.0,3.0,0.0,0.0,0.0,3.0,0.0,0.0,1.0,0.0,bbbbaccb
2010-02-13T00:00:00.000,0.0,1.0,0.0,0.0,1.0,1.0,1.0,2.0,2.0,1.0,0.0,0.0,0.0,0.0,0.0,3.0,0.0,0.0,0.0,0.0,2.0,5.0,5.0,2.0,abbaabbc
2010-02-14T00:00:00.000,1.0,2.0,0.0,0.0,3.0,1.0,1.0,1.0,1.0,0.0,7.0,0.0,0.0,0.0,0.0,0.0,0.0,0.0,1.0,3.0,3.0,6.0,4.0,2.0,bbbbaabc
2010-02-15T00:00:00.000,1.0,1.0,1.0,0.0,2.0,1.0,0.0,0.0,0.0,0.0,7.0,0.0,0.0,0.0,0.0,0.0,0.0,0.0,1.0,3.0,1.0,2.0,4.0,0.0,bbacaabc
2010-02-16T00:00:00.000,0.0,2.0,3.0,0.0,0.0,1.0,1.0,0.0,0.0,0.0,0.0,0.0,0.0,0.0,0.0,0.0,0.0,1.0,0.0,0.0,0.0,3.0,6.0,2.0,cbbaabac
2010-02-17T00:00:00.000,0.0,2.0,3.0,0.0,0.0,0.0,1.0,0.0,0.0,0.0,0.0,0.0,0.0,0.0,0.0,0.0,4.0,1.0,0.0,1.0,0.0,2.0,2.0,3.0,cabaacbc
2010-02-18T00:00:00.000,0.0,0.0,1.0,0.0,0.0,0.0,0.0,0.0,0.0,0.0,0.0,0.0,0.0,0.0,0.0,0.0,4.0,0.0,0.0,1.0,0.0,2.0,0.0,1.0,bbbbbcbc
2010-02-19T00:00:00.000,0.0,1.0,1.0,2.0,0.0,1.0,0.0,0.0,0.0,0.0,0.0,0.0,0.0,0.0,3.0,0.0,0.0,0.0,0.0,1.0,2.0,2.0,0.0,0.0,bcaacacb
2010-02-20T00:00:00.000,0.0,1.0,1.0,3.0,0.0,1.0,0.0,1.0,0.0,0.0,0.0,0.0,0.0,0.0,3.0,0.0,0.0,0.0,1.0,2.0,3.0,4.0,1.0,0.0,bbaabacc
2010-02-21T00:00:00.000,0.0,0.0,0.0,4.0,1.0,0.0,0.0,1.0,0.0,0.0,0.0,0.0,0.0,0.0,0.0,0.0,0.0,1.0,3.0,1.0,2.0,4.0,4.0,2.0,acaaaacc
2010-02-22T00:00:00.000,3.0,0.0,0.0,6.0,2.0,0.0,0.0,1.0,0.0,3.0,1.0,1.0,0.0,0.0,0.0,0.0,0.0,1.0,2.0,0.0,3.0,2.0,5.0,3.0,bcabaabc
2010-02-23T00:00:00.000,5.0,0.0,0.0,4.0,1.0,0.0,0.0,2.0,0.0,3.0,1.0,1.0,0.0,0.0,0.0,0.0,0.0,1.0,7.0,1.0,2.0,3.0,3.0,2.0,bbabaacc
2010-02-24T00:00:00.000,2.0,0.0,0.0,2.0,0.0,0.0,0.0,1.0,0.0,0.0,0.0,0.0,0.0,0.0,0.0,0.0,0.0,1.0,7.0,1.0,0.0,2.0,2.0,2.0,bbbaabcc
2010-02-25T00:00:00.000,4.0,2.0,0.0,2.0,0.0,0.0,0.0,0.0,0.0,0.0,0.0,0.0,0.0,0.0,0.0,0.0,0.0,0.0,1.0,4.0,1.0,3.0,1.0,1.0,cbaaaacc
2010-02-26T00:00:00.000,4.0,2.0,0.0,1.0,0.0,0.0,0.0,0.0,0.0,0.0,0.0,0.0,0.0,0.0,0.0,0.0,0.0,1.0,1.0,4.0,1.0,4.0,0.0,1.0,cbaaabcc
2010-02-27T00:00:00.000,7.0,0.0,0.0,0.0,0.0,0.0,0.0,0.0,1.0,1.0,0.0,0.0,0.0,0.0,0.0,0.0,0.0,1.0,0.0,0.0,0.0,2.0,0.0,1.0,cbbbbbbb
2010-02-28T00:00:00.000,7.0,0.0,0.0,0.0,1.0,1.0,0.0,1.0,1.0,6.0,0.0,0.0,0.0,0.0,0.0,0.0,1.0,6.0,2.0,0.0,2.0,0.0,2.0,3.0,cbbbacbb
2010-03-01T00:00:00.000,0.0,0.0,0.0,0.0,1.0,1.0,0.0,1.0,1.0,5.0,0.0,0.0,0.0,0.0,0.0,0.0,1.0,6.0,2.0,3.0,3.0,0.0,4.0,4.0,abbbaccc
2010-03-02T00:00:00.000,0.0,1.0,0.0,0.0,1.0,2.0,1.0,1.0,2.0,0.0,1.0,0.0,0.0,0.0,0.0,0.0,2.0,0.0,1.0,4.0,2.0,1.0,2.0,1.0,abbaabcb
2010-03-03T00:00:00.000,0.0,1.0,0.0,1.0,1.0,2.0,2.0,1.0,2.0,5.0,1.0,0.0,0.0,0.0,0.0,0.0,2.0,4.0,4.0,1.0,2.0,1.0,1.0,0.0,abbcacca
2010-03-04T00:00:00.000,1.0,0.0,2.0,2.0,2.0,0.0,1.0,0.0,1.0,5.0,0.0,0.0,1.0,0.0,0.0,0.0,0.0,4.0,4.0,2.0,1.0,0.0,1.0,0.0,bbbbabca
2010-03-05T00:00:00.000,2.0,0.0,2.0,1.0,2.0,1.0,0.0,0.0,0.0,1.0,1.0,0.0,1.0,0.0,0.0,0.0,0.0,0.0,6.0,4.0,0.0,0.0,0.0,0.0,bbabbaca
2010-03-06T00:00:00.000,1.0,0.0,0.0,0.0,0.0,2.0,0.0,0.0,5.0,1.0,3.0,0.0,0.0,0.0,0.0,0.0,0.0,0.0,7.0,3.0,2.0,1.0,2.0,5.0,abbbaacc
2010-03-07T00:00:00.000,0.0,0.0,3.0,1.0,4.0,4.0,0.0,0.0,5.0,0.0,2.0,1.0,0.0,0.0,0.0,0.0,5.0,3.0,2.0,3.0,3.0,1.0,6.0,8.0,abbaabbc
2010-03-08T00:00:00.000,1.0,0.0,4.0,1.0,4.0,3.0,0.0,0.0,0.0,0.0,0.0,1.0,0.0,0.0,0.0,0.0,5.0,3.0,0.0,2.0,1.0,0.0,4.0,3.0,bcaaacbc
2010-03-09T00:00:00.000,1.0,4.0,1.0,0.0,4.0,2.0,0.0,0.0,0.0,0.0,0.0,0.0,0.0,0.0,0.0,0.0,0.0,0.0,0.0,2.0,0.0,0.0,0.0,0.0,ccaaaaba
2010-03-10T00:00:00.000,0.0,5.0,2.0,3.0,6.0,2.0,0.0,0.0,0.0,0.0,0.0,0.0,0.0,0.0,0.0,0.0,0.0,0.0,0.0,2.0,0.0,1.0,1.0,1.0,ccaaaabb
2010-03-11T00:00:00.000,1.0,1.0,9.0,6.0,2.0,2.0,0.0,0.0,0.0,0.0,0.0,0.0,0.0,0.0,0.0,0.0,0.0,0.0,0.0,4.0,2.0,2.0,1.0,1.0,ccaaaabb
2010-03-12T00:00:00.000,1.0,0.0,7.0,3.0,0.0,2.0,0.0,0.0,0.0,0.0,0.0,0.0,0.0,1.0,0.0,0.0,0.0,0.0,0.0,5.0,4.0,2.0,1.0,0.0,cbaabacb
2010-03-13T00:00:00.000,0.0,1.0,0.0,0.0,0.0,1.0,0.0,0.0,0.0,1.0,0.0,1.0,0.0,1.0,0.0,0.0,0.0,0.0,0.0,1.0,3.0,2.0,2.0,0.0,bbabbacc
2010-03-14T00:00:00.000,2.0,1.0,2.0,5.0,1.0,2.0,1.0,0.0,0.0,1.0,0.0,1.0,0.0,0.0,0.0,0.0,0.0,0.0,0.0,1.0,2.0,1.0,1.0,0.0,ccabaabb
2010-03-15T00:00:00.000,2.0,0.0,2.0,5.0,1.0,1.0,1.0,2.0,2.0,1.0,1.0,0.0,0.0,0.0,0.0,0.0,0.0,0.0,0.0,1.0,3.0,0.0,0.0,0.0,bccbaaba
2010-03-16T00:00:00.000,1.0,1.0,0.0,0.0,0.0,0.0,0.0,2.0,2.0,1.0,1.0,0.0,0.0,0.0,0.0,0.0,0.0,0.0,0.0,0.0,2.0,0.0,0.0,0.0,bacbaaba
2010-03-17T00:00:00.000,2.0,1.0,0.0,0.0,2.0,2.0,0.0,0.0,0.0,0.0,0.0,0.0,0.0,0.0,0.0,0.0,0.0,0.0,0.0,0.0,0.0,5.0,2.0,0.0,bcaaaaac
2010-03-18T00:00:00.000,2.0,0.0,0.0,1.0,2.0,2.0,0.0,0.0,0.0,0.0,0.0,0.0,0.0,0.0,0.0,0.0,0.0,0.0,0.0,0.0,0.0,5.0,2.0,0.0,bcaaaaac
2010-03-19T00:00:00.000,1.0,0.0,0.0,1.0,0.0,1.0,0.0,0.0,0.0,0.0,0.0,0.0,0.0,0.0,0.0,1.0,0.0,0.0,0.0,0.0,0.0,1.0,2.0,0.0,bcaaabac
2010-03-20T00:00:00.000,0.0,1.0,0.0,0.0,0.0,1.0,0.0,0.0,0.0,2.0,5.0,0.0,3.0,0.0,0.0,1.0,0.0,0.0,0.0,3.0,1.0,1.0,2.0,0.0,bbacbbbb
2010-03-21T00:00:00.000,0.0,1.0,1.0,0.0,3.0,0.0,1.0,0.0,0.0,2.0,5.0,0.0,3.0,0.0,0.0,0.0,0.0,0.0,0.0,3.0,3.0,0.0,0.0,0.0,bbbcbaca
2010-03-22T00:00:00.000,0.0,0.0,1.0,0.0,4.0,3.0,1.0,0.0,0.0,3.0,0.0,0.0,1.0,0.0,0.0,0.0,0.0,0.0,0.0,1.0,9.0,0.0,0.0,0.0,bcbbbaca
2010-03-23T00:00:00.000,0.0,0.0,0.0,0.0,1.0,3.0,5.0,2.0,0.0,3.0,0.0,0.0,1.0,0.0,0.0,0.0,0.0,0.0,0.0,1.0,7.0,0.0,0.0,0.0,abcbbaca
2010-03-24T00:00:00.000,1.0,1.0,3.0,0.0,2.0,0.0,5.0,2.0,0.0,0.0,1.0,4.0,0.0,0.0,0.0,0.0,0.0,0.0,0.0,0.0,0.0,0.0,0.0,0.0,cbccaaaa
2010-03-25T00:00:00.000,1.0,1.0,3.0,0.0,2.0,0.0,0.0,0.0,0.0,0.0,1.0,4.0,0.0,0.0,0.0,0.0,0.0,0.0,0.0,0.0,0.0,0.0,0.0,0.0,cbacaaaa
2010-03-27T00:00:00.000,0.0,0.0,0.0,0.0,0.0,0.0,0.0,1.0,3.0,2.0,0.0,0.0,0.0,0.0,0.0,0.0,0.0,0.0,0.0,1.0,1.0,1.0,5.0,0.0,aacbaabc
2010-03-28T00:00:00.000,0.0,0.0,0.0,0.0,0.0,0.0,0.0,1.0,3.0,2.0,0.0,0.0,0.0,0.0,0.0,0.0,0.0,0.0,0.0,2.0,1.0,2.0,5.0,0.0,aacbaabc
2010-03-29T00:00:00.000,3.0,0.0,0.0,0.0,0.0,1.0,0.0,0.0,0.0,0.0,0.0,0.0,0.0,0.0,0.0,0.0,0.0,0.0,1.0,2.0,1.0,1.0,0.0,0.0,cbaaaacb
2010-03-30T00:00:00.000,3.0,0.0,0.0,2.0,1.0,4.0,2.0,0.0,0.0,0.0,0.0,0.0,0.0,0.0,0.0,0.0,0.0,0.0,3.0,7.0,2.0,0.0,0.0,0.0,bcbaaaca
2010-03-31T00:00:00.000,0.0,0.0,1.0,2.0,1.0,3.0,2.0,0.0,0.0,0.0,0.0,1.0,0.0,0.0,0.0,0.0,0.0,0.0,2.0,11.0,4.0,0.0,0.0,0.0,bbbbaaca
2010-04-01T00:00:00.000,0.0,1.0,2.0,0.0,0.0,0.0,0.0,0.0,1.0,0.0,0.0,1.0,0.0,0.0,0.0,0.0,0.0,0.0,2.0,6.0,4.0,2.0,4.0,2.0,baaaaacc
2010-04-02T00:00:00.000,0.0,1.0,1.0,0.0,0.0,0.0,0.0,0.0,1.0,0.0,0.0,0.0,0.0,0.0,0.0,0.0,0.0,0.0,2.0,1.0,1.0,3.0,5.0,2.0,babaaacc
2010-04-03T00:00:00.000,0.0,1.0,0.0,0.0,1.0,0.0,0.0,0.0,0.0,0.0,4.0,0.0,0.0,0.0,0.0,0.0,0.0,0.0,0.0,0.0,0.0,2.0,1.0,0.0,bbbcbbbc
2010-04-04T00:00:00.000,0.0,1.0,0.0,0.0,1.0,0.0,0.0,3.0,0.0,0.0,4.0,0.0,0.0,0.0,0.0,0.0,0.0,0.0,0.0,1.0,1.0,4.0,0.0,0.0,bbbcaabc
2010-04-05T00:00:00.000,1.0,0.0,0.0,0.0,0.0,0.0,1.0,3.0,0.0,0.0,0.0,1.0,0.0,0.0,0.0,0.0,0.0,0.0,0.0,2.0,4.0,3.0,2.0,0.0,bacbaacc
2010-04-06T00:00:00.000,1.0,0.0,0.0,0.0,0.0,0.0,1.0,0.0,0.0,0.0,0.0,1.0,0.0,0.0,0.0,0.0,0.0,0.0,0.0,2.0,7.0,1.0,2.0,0.0,bbbbbbcb
2010-04-07T00:00:00.000,1.0,0.0,0.0,0.0,0.0,0.0,0.0,0.0,2.0,0.0,0.0,0.0,0.0,0.0,0.0,0.0,0.0,0.0,0.0,1.0,4.0,1.0,0.0,0.0,bbbbbbcb
2010-04-08T00:00:00.000,1.0,0.0,0.0,0.0,1.0,1.0,2.0,1.0,2.0,0.0,0.0,0.0,0.0,0.0,0.0,0.0,0.0,0.0,0.0,0.0,0.0,1.0,0.0,0.0,bccaaaab
2010-04-09T00:00:00.000,0.0,0.0,0.0,0.0,1.0,1.0,2.0,1.0,0.0,0.0,0.0,0.0,0.0,0.0,0.0,0.0,0.0,0.0,0.0,0.0,0.0,1.0,0.0,0.0,accaaaab
2010-04-10T00:00:00.000,0.0,1.0,0.0,1.0,1.0,1.0,1.0,0.0,0.0,0.0,3.0,0.0,0.0,0.0,0.0,0.0,0.0,0.0,0.0,1.0,2.0,4.0,2.0,3.0,bbbbaabc
2010-04-11T00:00:00.000,1.0,1.0,0.0,1.0,1.0,1.0,3.0,0.0,0.0,2.0,3.0,0.0,0.0,0.0,0.0,0.0,0.0,0.0,0.0,1.0,3.0,4.0,3.0,3.0,bbbbaabc
2010-04-12T00:00:00.000,1.0,0.0,0.0,0.0,1.0,0.0,2.0,1.0,0.0,2.0,0.0,0.0,3.0,0.0,0.0,0.0,0.0,0.0,0.0,3.0,4.0,0.0,1.0,0.0,bbbbbacb
2010-04-13T00:00:00.000,0.0,0.0,0.0,0.0,1.0,1.0,2.0,1.0,0.0,0.0,2.0,0.0,4.0,0.0,0.0,0.0,0.0,0.0,0.0,3.0,3.0,1.0,2.0,1.0,abbbbacb
2010-04-14T00:00:00.000,0.0,1.0,0.0,0.0,0.0,3.0,3.0,0.0,0.0,0.0,2.0,0.0,1.0,0.0,0.0,0.0,0.0,0.0,0.0,1.0,0.0,1.0,2.0,1.0,bbbbbabc
2010-04-15T00:00:00.000,1.0,1.0,0.0,0.0,3.0,4.0,2.0,0.0,0.0,0.0,0.0,2.0,0.0,0.0,0.0,0.0,0.0,0.0,0.0,1.0,0.0,2.0,0.0,5.0,bcbbaabc
2010-04-16T00:00:00.000,4.0,3.0,4.0,0.0,4.0,3.0,1.0,0.0,0.0,1.0,1.0,4.0,0.0,0.0,0.0,0.0,0.0,0.0,4.0,4.0,2.0,4.0,1.0,5.0,cbabaacc
2010-04-17T00:00:00.000,3.0,6.0,7.0,2.0,1.0,1.0,2.0,0.0,1.0,2.0,2.0,3.0,0.0,0.0,0.0,0.0,0.0,0.0,4.0,4.0,3.0,2.0,1.0,0.0,cbbbaacb
2010-04-18T00:00:00.000,0.0,3.0,6.0,3.0,3.0,0.0,3.0,2.0,1.0,1.0,1.0,1.0,0.0,0.0,0.0,0.0,0.0,0.0,0.0,0.0,3.0,0.0,0.0,0.0,cccbaaba
2010-04-19T00:00:00.000,0.0,0.0,3.0,2.0,5.0,2.0,1.0,2.0,0.0,0.0,0.0,1.0,0.0,0.0,0.0,0.0,0.0,0.0,0.0,0.0,4.0,0.0,0.0,0.0,bcbbaaba
2010-04-20T00:00:00.000,0.0,0.0,0.0,1.0,2.0,2.0,1.0,0.0,0.0,0.0,1.0,1.0,0.0,0.0,0.0,0.0,0.0,0.0,0.0,0.0,5.0,1.0,0.0,0.0,acbbaacb
2010-04-21T00:00:00.000,0.0,0.0,0.0,0.0,0.0,0.0,1.0,3.0,4.0,0.0,2.0,1.0,0.0,0.0,0.0,0.0,0.0,0.0,0.0,1.0,5.0,1.0,0.0,1.0,aacbaacb
2010-04-22T00:00:00.000,0.0,1.0,0.0,0.0,0.0,1.0,0.0,4.0,4.0,0.0,1.0,1.0,0.0,0.0,0.0,0.0,0.0,0.0,0.0,1.0,2.0,3.0,1.0,2.0,bbcbaabc
2010-04-23T00:00:00.000,0.0,1.0,0.0,0.0,0.0,1.0,0.0,1.0,0.0,1.0,0.0,0.0,0.0,0.0,0.0,0.0,0.0,0.0,0.0,2.0,1.0,5.0,3.0,1.0,bbbbaabc
2010-04-24T00:00:00.000,0.0,0.0,1.0,1.0,0.0,4.0,1.0,1.0,0.0,1.0,2.0,0.0,0.0,0.0,0.0,0.0,0.0,0.0,0.0,4.0,1.0,2.0,6.0,3.0,abbbaabc
2010-04-25T00:00:00.000,2.0,4.0,1.0,1.0,0.0,4.0,1.0,1.0,0.0,0.0,2.0,0.0,0.0,0.0,0.0,0.0,0.0,0.0,0.0,2.0,3.0,0.0,4.0,3.0,cbbbaabc
2010-04-26T00:00:00.000,2.0,4.0,0.0,0.0,0.0,0.0,0.0,0.0,0.0,0.0,0.0,0.0,0.0,0.0,0.0,0.0,0.0,0.0,0.0,0.0,4.0,2.0,0.0,0.0,cbbbbbcb
2010-04-27T00:00:00.000,0.0,0.0,0.0,0.0,0.0,0.0,0.0,0.0,0.0,0.0,0.0,0.0,0.0,0.0,0.0,0.0,0.0,0.0,0.0,0.0,3.0,2.0,0.0,0.0,bbbbbbcc
2010-04-28T00:00:00.000,0.0,0.0,0.0,0.0,1.0,0.0,0.0,0.0,0.0,0.0,0.0,1.0,0.0,0.0,0.0,0.0,0.0,0.0,0.0,2.0,2.0,0.0,0.0,0.0,bbbbbbcb
2010-04-29T00:00:00.000,0.0,1.0,0.0,0.0,1.0,0.0,0.0,0.0,0.0,0.0,0.0,1.0,0.0,0.0,0.0,0.0,0.0,0.0,0.0,2.0,0.0,0.0,0.0,0.0,bbbbbbcb
2010-04-30T00:00:00.000,0.0,1.0,0.0,0.0,0.0,0.0,0.0,0.0,0.0,0.0,0.0,0.0,0.0,0.0,0.0,0.0,0.0,0.0,0.0,1.0,0.0,2.0,1.0,0.0,bbbbbbbc
2010-05-01T00:00:00.000,0.0,2.0,1.0,0.0,0.0,1.0,1.0,0.0,0.0,0.0,0.0,0.0,1.0,0.0,0.0,0.0,0.0,0.0,0.0,2.0,0.0,2.0,1.0,0.0,cbbababc
2010-05-02T00:00:00.000,0.0,2.0,1.0,0.0,0.0,1.0,1.0,2.0,0.0,0.0,1.0,0.0,1.0,0.0,0.0,0.0,0.0,0.0,0.0,3.0,0.0,0.0,0.0,0.0,cbcbbaca
2010-05-03T00:00:00.000,0.0,0.0,0.0,0.0,0.0,0.0,0.0,2.0,0.0,0.0,1.0,0.0,1.0,0.0,0.0,0.0,0.0,0.0,0.0,2.0,0.0,2.0,0.0,0.0,aacbbacc
2010-05-04T00:00:00.000,0.0,0.0,0.0,0.0,0.0,0.0,0.0,1.0,0.0,0.0,0.0,0.0,1.0,0.0,0.0,0.0,0.0,0.0,0.0,0.0,0.0,2.0,0.0,0.0,bbbbbbbc
2010-05-05T00:00:00.000,0.0,1.0,0.0,0.0,1.0,1.0,1.0,1.0,0.0,0.0,0.0,0.0,0.0,0.0,0.0,0.0,0.0,0.0,0.0,0.0,0.0,0.0,0.0,0.0,bccbbbbb
2010-05-06T00:00:00.000,0.0,1.0,0.0,0.0,1.0,1.0,2.0,0.0,1.0,0.0,0.0,0.0,0.0,1.0,0.0,0.0,0.0,0.0,0.0,0.0,0.0,0.0,0.0,4.0,bbcabaac
2010-05-07T00:00:00.000,0.0,0.0,0.0,1.0,0.0,0.0,1.0,0.0,1.0,0.0,0.0,1.0,1.0,1.0,0.0,0.0,0.0,0.0,0.0,0.0,0.0,0.0,0.0,4.0,abbbbaac
2010-05-08T00:00:00.000,0.0,0.0,0.0,1.0,0.0,0.0,0.0,0.0,0.0,0.0,0.0,1.0,1.0,0.0,0.0,0.0,0.0,0.0,0.0,0.0,1.0,0.0,1.0,0.0,bbbbbbbb
2010-05-09T00:00:00.000,0.0,0.0,0.0,0.0,0.0,0.0,2.0,1.0,0.0,0.0,0.0,0.0,0.0,0.0,0.0,0.0,0.0,0.0,0.0,0.0,2.0,0.0,2.0,0.0,bbcbbbcc
2010-05-10T00:00:00.000,0.0,0.0,0.0,0.0,0.0,2.0,2.0,1.0,0.0,0.0,0.0,2.0,0.0,0.0,0.0,0.0,0.0,0.0,0.0,0.0,1.0,2.0,1.0,0.0,abcbaabc
2010-05-11T00:00:00.000,0.0,0.0,1.0,0.0,1.0,2.0,0.0,0.0,0.0,0.0,1.0,3.0,0.0,0.0,0.0,0.0,0.0,0.0,0.0,0.0,0.0,3.0,0.0,0.0,bcacaaac
2010-05-12T00:00:00.000,1.0,0.0,1.0,1.0,1.0,0.0,3.0,0.0,1.0,0.0,1.0,2.0,0.0,0.0,0.0,0.0,0.0,0.0,0.0,1.0,0.0,2.0,0.0,0.0,bbccaabb
2010-05-13T00:00:00.000,1.0,0.0,0.0,1.0,0.0,0.0,3.0,0.0,1.0,0.0,0.0,1.0,0.0,0.0,0.0,0.0,0.0,0.0,0.0,1.0,0.0,1.0,0.0,0.0,bbcbaabb
2010-05-14T00:00:00.000,0.0,0.0,0.0,0.0,0.0,0.0,0.0,0.0,0.0,0.0,0.0,0.0,0.0,1.0,0.0,0.0,0.0,0.0,0.0,0.0,2.0,0.0,0.0,0.0,bbbbbbcb
2010-05-15T00:00:00.000,0.0,1.0,0.0,0.0,0.0,0.0,0.0,0.0,0.0,0.0,0.0,0.0,0.0,1.0,0.0,0.0,0.0,0.0,0.0,0.0,2.0,0.0,1.0,0.0,bbbbbbcb
2010-05-16T00:00:00.000,0.0,1.0,1.0,0.0,0.0,0.0,1.0,0.0,0.0,0.0,0.0,0.0,0.0,0.0,0.0,0.0,0.0,0.0,0.0,0.0,0.0,3.0,1.0,0.0,cbbbbbbc
2010-05-17T00:00:00.000,0.0,0.0,1.0,0.0,2.0,0.0,1.0,0.0,0.0,0.0,0.0,1.0,0.0,0.0,0.0,0.0,0.0,0.0,0.0,0.0,0.0,3.0,0.0,0.0,bcbbaaac
2010-05-18T00:00:00.000,0.0,1.0,0.0,0.0,2.0,0.0,0.0,0.0,0.0,0.0,0.0,1.0,0.0,0.0,0.0,0.0,0.0,0.0,0.0,0.0,1.0,0.0,0.0,0.0,bcbbbbbb
2010-05-19T00:00:00.000,0.0,1.0,0.0,0.0,0.0,0.0,0.0,0.0,0.0,0.0,0.0,0.0,0.0,0.0,0.0,0.0,0.0,0.0,0.0,1.0,1.0,0.0,0.0,1.0,bbbbbbcb
2010-05-20T00:00:00.000,1.0,1.0,0.0,0.0,0.0,0.0,0.0,0.0,0.0,0.0,0.0,0.0,0.0,0.0,0.0,0.0,0.0,0.0,0.0,1.0,0.0,0.0,0.0,1.0,cbbbbbbb
2010-05-21T00:00:00.000,1.0,1.0,0.0,0.0,0.0,0.0,0.0,0.0,0.0,0.0,0.0,0.0,0.0,0.0,0.0,0.0,0.0,0.0,0.0,0.0,0.0,0.0,0.0,0.0,cbbbbbbb
2010-05-22T00:00:00.000,0.0,0.0,0.0,0.0,0.0,0.0,0.0,0.0,0.0,0.0,0.0,1.0,0.0,0.0,0.0,0.0,0.0,0.0,0.0,0.0,0.0,1.0,0.0,0.0,bbbbbbbb
2010-05-23T00:00:00.000,0.0,0.0,0.0,1.0,0.0,0.0,0.0,0.0,0.0,1.0,0.0,1.0,0.0,0.0,0.0,0.0,0.0,0.0,0.0,0.0,0.0,1.0,1.0,1.0,bbbcbbbc
2010-05-24T00:00:00.000,0.0,0.0,0.0,1.0,0.0,0.0,1.0,0.0,1.0,1.0,0.0,0.0,0.0,0.0,0.0,0.0,0.0,0.0,0.0,1.0,2.0,0.0,2.0,1.0,abbbaacc
2010-05-25T00:00:00.000,2.0,0.0,0.0,0.0,0.0,0.0,1.0,0.0,1.0,0.0,0.0,1.0,0.0,0.0,0.0,0.0,0.0,3.0,0.0,1.0,6.0,1.0,1.0,0.0,babbabcb
2010-05-26T00:00:00.000,2.0,0.0,1.0,0.0,0.0,0.0,1.0,1.0,0.0,1.0,1.0,1.0,2.0,0.0,0.0,0.0,0.0,3.0,0.0,0.0,4.0,1.0,1.0,0.0,babbbbcb
2010-05-27T00:00:00.000,0.0,0.0,1.0,0.0,0.0,0.0,1.0,1.0,0.0,1.0,1.0,0.0,2.0,0.0,0.0,0.0,0.0,0.0,0.0,0.0,0.0,0.0,1.0,1.0,bacccaac
2010-05-28T00:00:00.000,1.0,0.0,0.0,0.0,0.0,0.0,0.0,0.0,0.0,0.0,0.0,0.0,0.0,0.0,0.0,0.0,0.0,0.0,0.0,0.0,0.0,0.0,0.0,1.0,bbbbbbbb
2010-05-29T00:00:00.000,1.0,0.0,0.0,0.0,0.0,0.0,0.0,0.0,0.0,0.0,0.0,0.0,0.0,0.0,0.0,0.0,0.0,0.0,0.0,0.0,0.0,0.0,0.0,0.0,bbbbbbbb
2010-05-30T00:00:00.000,0.0,0.0,0.0,0.0,0.0,0.0,0.0,0.0,0.0,0.0,0.0,0.0,0.0,0.0,0.0,0.0,0.0,0.0,0.0,0.0,0.0,0.0,1.0,0.0,bbbbbbbb
2010-05-31T00:00:00.000,0.0,0.0,0.0,1.0,1.0,0.0,1.0,0.0,0.0,0.0,0.0,0.0,0.0,0.0,0.0,0.0,0.0,0.0,0.0,0.0,1.0,1.0,1.0,0.0,bcbbbbbc
2010-06-01T00:00:00.000,0.0,0.0,0.0,1.0,1.0,0.0,1.0,0.0,0.0,0.0,0.0,0.0,0.0,0.0,0.0,0.0,0.0,0.0,0.0,0.0,1.0,1.0,0.0,0.0,bcbbbbbb
2010-06-02T00:00:00.000,0.0,0.0,0.0,2.0,1.0,0.0,0.0,0.0,0.0,0.0,0.0,0.0,0.0,0.0,0.0,0.0,0.0,0.0,0.0,0.0,0.0,1.0,0.0,0.0,bcbbbbbb
2010-06-03T00:00:00.000,0.0,0.0,0.0,3.0,1.0,0.0,0.0,0.0,0.0,0.0,0.0,0.0,0.0,0.0,0.0,0.0,0.0,0.0,0.0,0.0,0.0,1.0,0.0,0.0,bcbbbbbb
2010-06-04T00:00:00.000,0.0,0.0,0.0,1.0,0.0,0.0,0.0,0.0,0.0,0.0,1.0,0.0,0.0,0.0,0.0,0.0,0.0,0.0,0.0,0.0,0.0,0.0,0.0,0.0,bbbbbbbb
2010-06-05T00:00:00.000,0.0,0.0,0.0,0.0,0.0,1.0,0.0,0.0,0.0,0.0,1.0,0.0,0.0,0.0,0.0,0.0,0.0,0.0,0.0,0.0,0.0,0.0,0.0,0.0,bbbbbbbb
2010-06-06T00:00:00.000,0.0,0.0,0.0,0.0,4.0,1.0,0.0,0.0,0.0,0.0,0.0,0.0,0.0,0.0,0.0,0.0,0.0,0.0,0.0,0.0,0.0,1.0,0.0,0.0,bcbbbbbb
2010-06-07T00:00:00.000,0.0,0.0,0.0,0.0,4.0,0.0,0.0,0.0,0.0,0.0,0.0,1.0,0.0,0.0,0.0,0.0,0.0,0.0,2.0,0.0,0.0,1.0,0.0,0.0,bcbbbbbb
2010-06-08T00:00:00.000,0.0,0.0,0.0,0.0,0.0,0.0,1.0,1.0,0.0,0.0,0.0,1.0,0.0,0.0,0.0,0.0,0.0,0.0,2.0,0.0,0.0,0.0,3.0,0.0,aacbaacc
2010-06-09T00:00:00.000,0.0,0.0,0.0,0.0,0.0,0.0,1.0,1.0,0.0,0.0,0.0,0.0,0.0,0.0,0.0,0.0,0.0,0.0,0.0,0.0,0.0,0.0,3.0,0.0,bbcbbbbc
2010-06-10T00:00:00.000,0.0,0.0,0.0,0.0,1.0,1.0,0.0,0.0,0.0,0.0,0.0,0.0,0.0,0.0,0.0,0.0,0.0,0.0,0.0,0.0,0.0,0.0,0.0,0.0,bcbbbbbb
2010-06-11T00:00:00.000,0.0,0.0,0.0,0.0,1.0,1.0,0.0,0.0,0.0,0.0,0.0,0.0,0.0,0.0,0.0,0.0,0.0,0.0,0.0,0.0,0.0,0.0,0.0,0.0,bcbbbbbb
2010-06-12T00:00:00.000,0.0,0.0,0.0,0.0,0.0,0.0,1.0,0.0,1.0,0.0,0.0,1.0,0.0,0.0,0.0,0.0,0.0,0.0,0.0,0.0,0.0,0.0,0.0,3.0,bbcbbbbc
2010-06-13T00:00:00.000,1.0,0.0,0.0,0.0,0.0,1.0,1.0,0.0,1.0,0.0,0.0,1.0,0.0,0.0,0.0,0.0,0.0,0.0,0.0,0.0,0.0,0.0,0.0,3.0,bbcbaaac
2010-06-14T00:00:00.000,1.0,0.0,0.0,0.0,0.0,1.0,0.0,0.0,0.0,0.0,0.0,0.0,0.0,0.0,0.0,0.0,0.0,0.0,0.0,0.0,0.0,0.0,2.0,0.0,bbbbbbbc
2010-06-15T00:00:00.000,0.0,1.0,0.0,1.0,0.0,0.0,0.0,0.0,0.0,1.0,0.0,0.0,0.0,0.0,0.0,0.0,0.0,0.0,0.0,0.0,0.0,3.0,2.0,1.0,bbabaaac
2010-06-16T00:00:00.000,0.0,1.0,0.0,1.0,0.0,0.0,0.0,0.0,0.0,1.0,0.0,0.0,0.0,0.0,0.0,0.0,0.0,0.0,0.0,0.0,0.0,3.0,0.0,1.0,bbbbbbbc
2010-06-17T00:00:00.000,1.0,0.0,0.0,0.0,0.0,0.0,0.0,0.0,0.0,0.0,0.0,0.0,0.0,0.0,0.0,0.0,0.0,0.0,0.0,0.0,0.0,0.0,0.0,1.0,bbbbbbbb
2010-06-18T00:00:00.000,1.0,0.0,0.0,0.0,1.0,1.0,0.0,2.0,0.0,0.0,0.0,0.0,0.0,0.0,0.0,0.0,0.0,0.0,0.0,0.0,0.0,0.0,0.0,4.0,bbbbbbbc
2010-06-19T00:00:00.000,0.0,0.0,0.0,0.0,1.0,1.0,0.0,2.0,0.0,0.0,0.0,0.0,0.0,0.0,0.0,0.0,0.0,0.0,0.0,0.0,0.0,0.0,0.0,3.0,bccbbbbc
2010-06-20T00:00:00.000,0.0,0.0,0.0,0.0,0.0,0.0,0.0,0.0,0.0,0.0,0.0,0.0,0.0,0.0,0.0,0.0,0.0,0.0,0.0,0.0,0.0,0.0,0.0,2.0,bbbbbbbc
2010-06-21T00:00:00.000,1.0,1.0,0.0,0.0,0.0,0.0,0.0,0.0,0.0,0.0,0.0,0.0,0.0,0.0,0.0,0.0,0.0,0.0,0.0,0.0,0.0,1.0,0.0,4.0,cbbbbbbc
2010-06-22T00:00:00.000,6.0,1.0,0.0,0.0,0.0,0.0,0.0,0.0,0.0,0.0,0.0,0.0,0.0,0.0,0.0,0.0,0.0,0.0,0.0,0.0,0.0,1.0,0.0,2.0,cbbbbbbc
2010-06-23T00:00:00.000,5.0,0.0,0.0,0.0,0.0,0.0,0.0,0.0,0.0,0.0,0.0,1.0,0.0,0.0,0.0,0.0,0.0,0.0,0.0,0.0,0.0,0.0,0.0,0.0,cbbbbbbb
2010-06-24T00:00:00.000,0.0,1.0,0.0,0.0,0.0,1.0,0.0,0.0,0.0,0.0,0.0,1.0,0.0,0.0,0.0,0.0,0.0,0.0,0.0,1.0,0.0,0.0,2.0,0.0,bbabaabc
2010-06-25T00:00:00.000,0.0,1.0,0.0,0.0,0.0,1.0,0.0,0.0,0.0,0.0,0.0,0.0,0.0,0.0,0.0,0.0,0.0,0.0,0.0,1.0,0.0,0.0,2.0,0.0,bbbbbbbc
2010-06-26T00:00:00.000,0.0,0.0,0.0,0.0,0.0,0.0,1.0,0.0,1.0,0.0,2.0,0.0,1.0,0.0,0.0,0.0,0.0,0.0,0.0,0.0,0.0,1.0,0.0,0.0,aaccbaab
2010-06-27T00:00:00.000,0.0,0.0,1.0,0.0,0.0,0.0,1.0,0.0,1.0,0.0,2.0,0.0,1.0,0.0,0.0,0.0,0.0,0.0,0.0,0.0,0.0,1.0,0.0,0.0,baccbaab
2010-06-28T00:00:00.000,0.0,0.0,1.0,0.0,0.0,0.0,0.0,0.0,0.0,0.0,0.0,0.0,0.0,0.0,0.0,0.0,0.0,0.0,0.0,0.0,0.0,0.0,0.0,0.0,bbbbbbbb
2010-06-30T00:00:00.000,0.0,0.0,0.0,0.0,0.0,0.0,0.0,0.0,0.0,0.0,0.0,0.0,0.0,0.0,0.0,0.0,0.0,0.0,0.0,0.0,0.0,0.0,1.0,0.0,bbbbbbbb
2010-07-01T00:00:00.000,0.0,0.0,0.0,1.0,0.0,0.0,0.0,1.0,0.0,0.0,0.0,0.0,0.0,0.0,0.0,0.0,0.0,0.0,0.0,0.0,0.0,0.0,1.0,0.0,bbbbbbbb
2010-07-02T00:00:00.000,0.0,0.0,0.0,1.0,0.0,0.0,0.0,1.0,0.0,0.0,0.0,0.0,0.0,0.0,0.0,0.0,0.0,0.0,0.0,0.0,0.0,0.0,0.0,0.0,bbbbbbbb
2010-07-03T00:00:00.000,0.0,0.0,0.0,1.0,0.0,0.0,0.0,0.0,0.0,0.0,0.0,0.0,0.0,0.0,0.0,0.0,0.0,0.0,0.0,0.0,2.0,0.0,0.0,0.0,bbbbbbcb
2010-07-04T00:00:00.000,0.0,0.0,0.0,1.0,0.0,0.0,0.0,0.0,0.0,0.0,0.0,0.0,0.0,0.0,0.0,0.0,0.0,0.0,0.0,0.0,3.0,1.0,1.0,1.0,bbbbbbcc
2010-07-05T00:00:00.000,0.0,0.0,0.0,0.0,1.0,0.0,0.0,0.0,0.0,0.0,0.0,0.0,0.0,0.0,0.0,0.0,0.0,0.0,0.0,0.0,1.0,1.0,1.0,1.0,bbbbbbbc
2010-07-06T00:00:00.000,0.0,0.0,0.0,0.0,1.0,0.0,0.0,0.0,0.0,0.0,0.0,0.0,0.0,0.0,0.0,0.0,0.0,0.0,0.0,0.0,0.0,0.0,0.0,0.0,bbbbbbbb
2010-07-09T00:00:00.000,0.0,0.0,0.0,0.0,0.0,0.0,0.0,0.0,0.0,0.0,0.0,0.0,0.0,0.0,0.0,0.0,0.0,0.0,1.0,0.0,0.0,0.0,0.0,0.0,bbbbbbbb
2010-07-10T00:00:00.000,0.0,0.0,0.0,0.0,0.0,0.0,0.0,0.0,0.0,0.0,0.0,0.0,0.0,0.0,0.0,0.0,0.0,0.0,1.0,0.0,0.0,0.0,0.0,0.0,bbbbbbbb
2010-07-13T00:00:00.000,0.0,1.0,0.0,0.0,0.0,1.0,0.0,0.0,0.0,0.0,1.0,0.0,0.0,0.0,0.0,0.0,0.0,0.0,0.0,0.0,0.0,1.0,0.0,0.0,bbbbbbbb
2010-07-14T00:00:00.000,1.0,1.0,0.0,0.0,0.0,4.0,1.0,1.0,0.0,0.0,1.0,0.0,0.0,0.0,0.0,0.0,0.0,0.0,0.0,0.0,1.0,1.0,0.0,0.0,bcbbaabb
2010-07-15T00:00:00.000,1.0,0.0,0.0,0.0,1.0,3.0,1.0,1.0,0.0,0.0,0.0,0.0,0.0,0.0,0.0,0.0,0.0,0.0,0.0,0.0,1.0,0.0,0.0,0.0,bccaaaba
2010-07-16T00:00:00.000,1.0,0.0,0.0,0.0,1.0,0.0,0.0,0.0,0.0,0.0,0.0,0.0,0.0,0.0,0.0,0.0,0.0,0.0,0.0,0.0,0.0,0.0,3.0,1.0,bbbbbbbc
2010-07-17T00:00:00.000,1.0,0.0,0.0,0.0,0.0,0.0,0.0,0.0,1.0,0.0,0.0,0.0,0.0,0.0,0.0,0.0,0.0,0.0,0.0,0.0,1.0,1.0,3.0,1.0,babaaabc
2010-07-18T00:00:00.000,0.0,0.0,0.0,0.0,0.0,0.0,0.0,0.0,1.0,0.0,0.0,0.0,0.0,0.0,0.0,0.0,0.0,0.0,0.0,0.0,1.0,1.0,0.0,0.0,bbbbbbbb
2010-07-19T00:00:00.000,0.0,0.0,0.0,0.0,0.0,0.0,0.0,0.0,0.0,0.0,0.0,0.0,0.0,0.0,0.0,0.0,0.0,0.0,0.0,0.0,0.0,1.0,1.0,1.0,bbbbbbbc
2010-07-20T00:00:00.000,0.0,0.0,0.0,0.0,0.0,0.0,0.0,0.0,0.0,0.0,0.0,0.0,0.0,0.0,0.0,0.0,0.0,0.0,0.0,0.0,0.0,2.0,4.0,1.0,bbbbbbbc
2010-07-21T00:00:00.000,2.0,0.0,0.0,0.0,0.0,0.0,0.0,0.0,0.0,0.0,0.0,0.0,1.0,0.0,0.0,0.0,0.0,0.0,0.0,0.0,0.0,1.0,4.0,0.0,bbbbbbbc
2010-07-22T00:00:00.000,2.0,0.0,0.0,0.0,0.0,0.0,0.0,0.0,0.0,0.0,0.0,0.0,1.0,0.0,0.0,0.0,0.0,0.0,0.0,0.0,0.0,0.0,1.0,0.0,cbbbbbbb
2010-07-23T00:00:00.000,0.0,0.0,0.0,0.0,0.0,0.0,0.0,0.0,0.0,0.0,0.0,0.0,1.0,0.0,0.0,0.0,0.0,0.0,0.0,2.0,0.0,0.0,1.0,1.0,bbbbbbcc
2010-07-24T00:00:00.000,0.0,0.0,0.0,0.0,0.0,0.0,0.0,1.0,0.0,1.0,0.0,0.0,1.0,0.0,0.0,0.0,0.0,0.0,0.0,2.0,0.0,1.0,1.0,2.0,aabbbacc
2010-07-25T00:00:00.000,0.0,0.0,0.0,0.0,0.0,0.0,0.0,1.0,0.0,1.0,0.0,0.0,0.0,0.0,0.0,0.0,0.0,0.0,0.0,0.0,0.0,1.0,0.0,3.0,bbbbbbbc
2010-07-26T00:00:00.000,0.0,0.0,0.0,0.0,0.0,0.0,1.0,0.0,0.0,0.0,0.0,0.0,0.0,0.0,0.0,0.0,0.0,0.0,0.0,0.0,0.0,0.0,0.0,3.0,bbbbbbbc
2010-07-27T00:00:00.000,1.0,0.0,0.0,1.0,0.0,0.0,1.0,0.0,0.0,0.0,0.0,0.0,0.0,0.0,0.0,0.0,0.0,0.0,0.0,0.0,0.0,0.0,1.0,1.0,bbbbbbbc
2010-07-28T00:00:00.000,1.0,0.0,0.0,1.0,0.0,0.0,0.0,0.0,0.0,0.0,0.0,0.0,0.0,0.0,0.0,0.0,0.0,0.0,0.0,0.0,0.0,0.0,1.0,0.0,bbbbbbbb
2010-07-30T00:00:00.000,0.0,0.0,0.0,0.0,0.0,0.0,0.0,0.0,0.0,0.0,0.0,0.0,0.0,0.0,0.0,0.0,0.0,1.0,0.0,0.0,0.0,0.0,0.0,0.0,bbbbbbbb
2010-07-31T00:00:00.000,0.0,0.0,3.0,0.0,0.0,0.0,0.0,0.0,0.0,0.0,0.0,0.0,0.0,0.0,0.0,0.0,0.0,1.0,0.0,0.0,0.0,0.0,0.0,0.0,cbbbbbbb
2010-08-01T00:00:00.000,0.0,0.0,3.0,0.0,0.0,1.0,0.0,0.0,0.0,0.0,0.0,0.0,0.0,0.0,0.0,0.0,0.0,0.0,0.0,0.0,0.0,0.0,0.0,0.0,cbbbbbbb
2010-08-02T00:00:00.000,0.0,0.0,0.0,0.0,0.0,2.0,0.0,2.0,0.0,0.0,0.0,1.0,2.0,0.0,0.0,0.0,0.0,0.0,0.0,0.0,0.0,0.0,0.0,0.0,bccbcbbb
2010-08-03T00:00:00.000,0.0,0.0,0.0,0.0,0.0,1.0,0.0,2.0,0.0,0.0,0.0,1.0,2.0,0.0,0.0,0.0,0.0,0.0,0.0,0.0,0.0,0.0,0.0,0.0,bbcbcbbb
2010-08-04T00:00:00.000,0.0,0.0,0.0,0.0,0.0,0.0,0.0,0.0,0.0,0.0,0.0,0.0,0.0,0.0,0.0,0.0,0.0,0.0,0.0,0.0,0.0,1.0,2.0,0.0,bbbbbbbc
2010-08-05T00:00:00.000,0.0,0.0,0.0,0.0,0.0,0.0,0.0,0.0,0.0,0.0,0.0,0.0,0.0,0.0,0.0,0.0,0.0,0.0,0.0,0.0,0.0,1.0,3.0,0.0,bbbbbbbc
2010-08-06T00:00:00.000,0.0,0.0,0.0,0.0,0.0,0.0,0.0,0.0,0.0,0.0,0.0,0.0,0.0,0.0,0.0,0.0,0.0,0.0,0.0,0.0,0.0,0.0,1.0,0.0,bbbbbbbb
2010-08-07T00:00:00.000,0.0,0.0,0.0,0.0,0.0,1.0,0.0,0.0,1.0,0.0,0.0,0.0,0.0,0.0,0.0,0.0,0.0,0.0,0.0,0.0,0.0,0.0,0.0,0.0,bbbbbbbb
2010-08-08T00:00:00.000,0.0,0.0,1.0,0.0,0.0,1.0,0.0,0.0,1.0,0.0,0.0,0.0,0.0,1.0,0.0,0.0,0.0,0.0,0.0,0.0,0.0,1.0,0.0,0.0,bbbbbbbb
2010-08-09T00:00:00.000,0.0,0.0,1.0,0.0,0.0,0.0,0.0,0.0,0.0,0.0,0.0,0.0,0.0,1.0,0.0,0.0,0.0,0.0,0.0,0.0,0.0,1.0,0.0,1.0,bbbbbbbc
2010-08-10T00:00:00.000,0.0,1.0,0.0,0.0,0.0,0.0,0.0,0.0,0.0,0.0,0.0,0.0,0.0,0.0,0.0,0.0,0.0,0.0,0.0,0.0,0.0,0.0,1.0,1.0,bbbbbbbc
2010-08-11T00:00:00.000,0.0,1.0,0.0,0.0,0.0,0.0,0.0,0.0,0.0,0.0,0.0,0.0,0.0,0.0,0.0,0.0,0.0,0.0,0.0,0.0,0.0,0.0,1.0,0.0,bbbbbbbb
2010-08-12T00:00:00.000,0.0,0.0,0.0,0.0,0.0,0.0,0.0,2.0,0.0,0.0,0.0,0.0,0.0,0.0,0.0,0.0,0.0,0.0,0.0,0.0,0.0,0.0,0.0,0.0,bbcbbbbb
2010-08-13T00:00:00.000,0.0,0.0,0.0,0.0,0.0,0.0,0.0,2.0,0.0,0.0,0.0,0.0,0.0,0.0,0.0,0.0,0.0,0.0,0.0,0.0,0.0,0.0,0.0,0.0,bbcbbbbb
2010-08-15T00:00:00.000,0.0,0.0,0.0,0.0,0.0,0.0,0.0,0.0,0.0,0.0,0.0,0.0,0.0,0.0,0.0,0.0,0.0,0.0,0.0,0.0,1.0,0.0,2.0,1.0,bbbbbbbc
2010-08-16T00:00:00.000,0.0,0.0,0.0,0.0,0.0,0.0,0.0,0.0,0.0,0.0,0.0,0.0,0.0,0.0,0.0,0.0,0.0,0.0,0.0,0.0,1.0,0.0,2.0,1.0,bbbbbbbc
2010-08-18T00:00:00.000,0.0,0.0,0.0,0.0,0.0,0.0,0.0,0.0,0.0,0.0,0.0,0.0,0.0,0.0,0.0,1.0,0.0,0.0,0.0,0.0,0.0,0.0,0.0,1.0,bbbbbbbb
2010-08-19T00:00:00.000,0.0,0.0,0.0,0.0,0.0,0.0,0.0,0.0,0.0,0.0,0.0,0.0,0.0,0.0,0.0,1.0,0.0,0.0,0.0,0.0,0.0,0.0,0.0,1.0,bbbbbbbb
2010-08-21T00:00:00.000,0.0,0.0,0.0,0.0,0.0,0.0,0.0,0.0,0.0,1.0,0.0,0.0,0.0,0.0,0.0,0.0,0.0,0.0,0.0,0.0,0.0,0.0,0.0,0.0,bbbbbbbb
2010-08-22T00:00:00.000,0.0,0.0,0.0,0.0,0.0,0.0,0.0,0.0,0.0,1.0,0.0,0.0,0.0,0.0,0.0,0.0,0.0,0.0,0.0,0.0,0.0,0.0,0.0,0.0,bbbbbbbb
2010-08-23T00:00:00.000,0.0,0.0,0.0,0.0,0.0,1.0,0.0,0.0,0.0,0.0,0.0,0.0,0.0,0.0,0.0,0.0,0.0,0.0,0.0,0.0,0.0,0.0,0.0,0.0,bbbbbbbb
2010-08-24T00:00:00.000,0.0,0.0,0.0,0.0,0.0,1.0,0.0,0.0,0.0,0.0,0.0,0.0,0.0,0.0,0.0,0.0,0.0,0.0,0.0,0.0,0.0,0.0,0.0,0.0,bbbbbbbb
2010-08-25T00:00:00.000,0.0,0.0,0.0,0.0,0.0,0.0,0.0,0.0,0.0,0.0,0.0,0.0,1.0,0.0,0.0,0.0,0.0,0.0,0.0,0.0,0.0,0.0,0.0,0.0,bbbbbbbb
2010-08-26T00:00:00.000,0.0,0.0,0.0,0.0,0.0,0.0,0.0,0.0,0.0,0.0,0.0,1.0,1.0,0.0,0.0,0.0,0.0,0.0,0.0,0.0,0.0,0.0,0.0,0.0,bbbbbbbb
2010-08-27T00:00:00.000,0.0,0.0,0.0,0.0,0.0,0.0,0.0,0.0,0.0,0.0,0.0,1.0,0.0,0.0,0.0,0.0,0.0,0.0,0.0,0.0,0.0,0.0,0.0,0.0,bbbbbbbb
2010-08-28T00:00:00.000,0.0,0.0,2.0,0.0,1.0,0.0,0.0,0.0,0.0,0.0,0.0,1.0,0.0,0.0,0.0,0.0,0.0,0.0,0.0,0.0,0.0,0.0,0.0,0.0,cbbbbbbb
2010-08-29T00:00:00.000,0.0,0.0,2.0,0.0,1.0,0.0,0.0,0.0,0.0,0.0,0.0,2.0,0.0,0.0,0.0,0.0,0.0,0.0,0.0,0.0,0.0,1.0,1.0,0.0,cbacaaac
2010-08-30T00:00:00.000,0.0,0.0,0.0,0.0,0.0,0.0,0.0,0.0,0.0,0.0,0.0,1.0,0.0,0.0,0.0,0.0,0.0,0.0,0.0,0.0,0.0,1.0,1.0,0.0,bbbbbbbc
2010-08-31T00:00:00.000,0.0,0.0,1.0,1.0,0.0,0.0,0.0,1.0,0.0,0.0,0.0,0.0,0.0,0.0,0.0,0.0,0.0,0.0,0.0,0.0,1.0,0.0,0.0,0.0,bbbbbbbb
2010-09-01T00:00:00.000,0.0,0.0,1.0,1.0,0.0,0.0,0.0,1.0,0.0,0.0,1.0,0.0,0.0,0.0,0.0,0.0,0.0,0.0,0.0,0.0,1.0,0.0,0.0,0.0,bbbbbbbb
2010-09-02T00:00:00.000,0.0,0.0,0.0,0.0,0.0,1.0,0.0,0.0,0.0,0.0,1.0,0.0,0.0,0.0,0.0,0.0,0.0,0.0,0.0,0.0,0.0,0.0,0.0,0.0,bbbbbbbb
2010-09-03T00:00:00.000,0.0,0.0,0.0,0.0,0.0,1.0,0.0,0.0,0.0,0.0,0.0,0.0,0.0,0.0,0.0,0.0,0.0,0.0,0.0,0.0,0.0,0.0,0.0,0.0,bbbbbbbb
2010-09-25T00:00:00.000,0.0,0.0,0.0,0.0,0.0,0.0,0.0,0.0,0.0,0.0,0.0,0.0,0.0,0.0,3.0,0.0,0.0,0.0,0.0,0.0,0.0,2.0,0.0,0.0,bbbbcbbc
2010-09-26T00:00:00.000,0.0,0.0,0.0,0.0,0.0,0.0,0.0,0.0,0.0,0.0,0.0,0.0,0.0,0.0,3.0,0.0,0.0,0.0,0.0,0.0,0.0,2.0,0.0,0.0,bbbbcbbc
2010-09-27T00:00:00.000,0.0,0.0,0.0,0.0,0.0,0.0,0.0,0.0,0.0,0.0,1.0,0.0,2.0,2.0,0.0,0.0,0.0,0.0,0.0,0.0,0.0,0.0,0.0,0.0,bbbbcbbb
2010-09-28T00:00:00.000,0.0,0.0,0.0,0.0,0.0,0.0,0.0,0.0,0.0,0.0,1.0,0.0,2.0,2.0,0.0,0.0,0.0,0.0,0.0,0.0,0.0,0.0,0.0,0.0,bbbbcbbb
2010-09-29T00:00:00.000,0.0,0.0,0.0,0.0,0.0,0.0,0.0,0.0,0.0,0.0,3.0,0.0,0.0,0.0,0.0,0.0,0.0,0.0,0.0,0.0,0.0,0.0,0.0,0.0,bbbcbbbb
2010-09-30T00:00:00.000,0.0,0.0,0.0,0.0,0.0,0.0,0.0,0.0,0.0,0.0,3.0,0.0,0.0,0.0,0.0,0.0,0.0,0.0,0.0,0.0,0.0,0.0,0.0,0.0,bbbcbbbb
2010-10-06T00:00:00.000,0.0,0.0,0.0,0.0,0.0,0.0,0.0,0.0,0.0,0.0,1.0,0.0,0.0,0.0,0.0,0.0,0.0,0.0,0.0,0.0,0.0,0.0,0.0,0.0,bbbbbbbb
2010-10-07T00:00:00.000,0.0,0.0,0.0,0.0,0.0,0.0,0.0,0.0,0.0,0.0,1.0,0.0,0.0,0.0,0.0,0.0,0.0,0.0,0.0,0.0,0.0,0.0,0.0,0.0,bbbbbbbb
2010-10-10T00:00:00.000,1.0,0.0,0.0,0.0,0.0,0.0,0.0,0.0,0.0,0.0,0.0,0.0,0.0,0.0,0.0,0.0,0.0,0.0,0.0,0.0,0.0,0.0,0.0,0.0,bbbbbbbb
2010-10-11T00:00:00.000,1.0,0.0,0.0,0.0,0.0,0.0,0.0,0.0,0.0,0.0,0.0,0.0,0.0,0.0,0.0,0.0,0.0,0.0,0.0,0.0,0.0,0.0,0.0,0.0,bbbbbbbb
2010-11-24T00:00:00.000,0.0,0.0,0.0,0.0,0.0,0.0,0.0,0.0,0.0,0.0,0.0,0.0,2.0,0.0,0.0,0.0,0.0,0.0,0.0,0.0,0.0,0.0,0.0,0.0,bbbbcbbb
2010-11-25T00:00:00.000,0.0,0.0,0.0,0.0,0.0,0.0,0.0,0.0,0.0,0.0,0.0,0.0,2.0,0.0,0.0,0.0,0.0,0.0,0.0,0.0,0.0,0.0,0.0,0.0,bbbbcbbb
2010-12-03T00:00:00.000,0.0,0.0,0.0,0.0,1.0,0.0,0.0,0.0,0.0,0.0,0.0,0.0,0.0,0.0,0.0,0.0,0.0,0.0,1.0,0.0,0.0,0.0,0.0,0.0,bbbbbbbb
2010-12-04T00:00:00.000,0.0,0.0,0.0,0.0,1.0,0.0,0.0,0.0,0.0,1.0,0.0,0.0,0.0,0.0,0.0,0.0,0.0,0.0,1.0,0.0,0.0,0.0,0.0,0.0,bbbbbbbb
2010-12-05T00:00:00.000,0.0,0.0,0.0,0.0,0.0,0.0,0.0,0.0,0.0,1.0,0.0,0.0,0.0,0.0,0.0,0.0,0.0,0.0,0.0,0.0,0.0,0.0,0.0,0.0,bbbbbbbb
2011-02-16T00:00:00.000,0.0,0.0,0.0,0.0,0.0,0.0,0.0,0.0,0.0,0.0,1.0,0.0,0.0,0.0,0.0,0.0,0.0,0.0,0.0,0.0,0.0,0.0,0.0,0.0,bbbbbbbb
2011-02-17T00:00:00.000,0.0,0.0,0.0,0.0,0.0,0.0,0.0,0.0,0.0,0.0,1.0,0.0,0.0,0.0,0.0,0.0,0.0,0.0,0.0,0.0,0.0,0.0,0.0,0.0,bbbbbbbb
2011-08-10T00:00:00.000,0.0,0.0,0.0,0.0,0.0,0.0,0.0,0.0,0.0,0.0,0.0,1.0,0.0,0.0,0.0,0.0,0.0,0.0,0.0,0.0,0.0,0.0,0.0,0.0,bbbbbbbb
2011-08-11T00:00:00.000,0.0,0.0,0.0,0.0,0.0,0.0,0.0,0.0,0.0,0.0,0.0,1.0,0.0,0.0,0.0,0.0,0.0,0.0,0.0,0.0,0.0,0.0,0.0,0.0,bbbbbbbb
2012-05-09T00:00:00.000,0.0,0.0,0.0,0.0,0.0,0.0,0.0,0.0,0.0,0.0,0.0,0.0,0.0,0.0,0.0,0.0,0.0,0.0,0.0,0.0,1.0,0.0,0.0,0.0,bbbbbbbb
2012-05-10T00:00:00.000,0.0,0.0,0.0,0.0,0.0,0.0,0.0,0.0,0.0,0.0,0.0,0.0,0.0,0.0,0.0,0.0,0.0,0.0,0.0,0.0,1.0,0.0,0.0,0.0,bbbbbbbb
2012-05-13T00:00:00.000,0.0,0.0,0.0,0.0,0.0,0.0,0.0,1.0,0.0,0.0,0.0,0.0,0.0,0.0,0.0,0.0,0.0,0.0,0.0,0.0,0.0,0.0,0.0,0.0,bbbbbbbb
2012-05-14T00:00:00.000,0.0,0.0,0.0,0.0,0.0,0.0,0.0,1.0,0.0,0.0,0.0,0.0,0.0,0.0,0.0,0.0,0.0,0.0,0.0,0.0,0.0,0.0,0.0,0.0,bbbbbbbb
2012-06-11T00:00:00.000,0.0,0.0,0.0,0.0,0.0,0.0,0.0,0.0,0.0,0.0,0.0,0.0,1.0,0.0,0.0,0.0,0.0,0.0,0.0,0.0,0.0,0.0,0.0,0.0,bbbbbbbb
2012-06-12T00:00:00.000,0.0,0.0,0.0,0.0,0.0,0.0,0.0,0.0,0.0,0.0,0.0,0.0,1.0,0.0,0.0,0.0,0.0,0.0,0.0,0.0,0.0,0.0,0.0,0.0,bbbbbbbb
