2008-09-17T00:00:00.000,0.0,0.0,0.0,0.0,0.0,0.0,0.0,1.0,6.0,1.0,2.0,0.0,1.0,5.0,0.0,2.0,2.0,0.0,3.0,1.0,0.0,0.0,0.0,0.0,aacbcbba
2008-09-18T00:00:00.000,0.0,0.0,0.0,0.0,0.0,0.0,0.0,1.0,7.0,9.0,6.0,3.0,1.0,4.0,0.0,0.0,1.0,0.0,0.0,0.0,0.0,0.0,0.0,0.0,aaccbbaa
2008-09-19T00:00:00.000,0.0,0.0,0.0,0.0,0.0,0.0,0.0,0.0,1.0,8.0,4.0,4.0,0.0,0.0,0.0,0.0,0.0,0.0,0.0,0.0,0.0,0.0,0.0,1.0,bbbcbbbb
2008-09-20T00:00:00.000,0.0,0.0,0.0,0.0,0.0,0.0,0.0,0.0,0.0,0.0,0.0,2.0,0.0,0.0,2.0,1.0,0.0,0.0,0.0,0.0,0.0,0.0,0.0,1.0,bbbccbbb
2008-09-21T00:00:00.000,0.0,0.0,0.0,0.0,0.0,0.0,0.0,0.0,0.0,0.0,0.0,1.0,0.0,0.0,2.0,1.0,0.0,0.0,0.0,0.0,0.0,0.0,0.0,0.0,bbbbcbbb
2008-09-22T00:00:00.000,0.0,0.0,0.0,0.0,0.0,0.0,0.0,0.0,0.0,0.0,0.0,0.0,0.0,0.0,0.0,0.0,0.0,0.0,1.0,0.0,0.0,0.0,0.0,0.0,bbbbbbbb
2008-09-23T00:00:00.000,0.0,0.0,0.0,0.0,0.0,0.0,0.0,0.0,0.0,0.0,0.0,0.0,0.0,0.0,0.0,0.0,0.0,0.0,1.0,0.0,0.0,0.0,0.0,0.0,bbbbbbbb
2009-03-09T00:00:00.000,0.0,0.0,0.0,0.0,0.0,0.0,0.0,0.0,0.0,0.0,0.0,4.0,0.0,1.0,0.0,0.0,0.0,0.0,0.0,0.0,0.0,0.0,0.0,0.0,bbbcbbbb
2009-03-10T00:00:00.000,0.0,0.0,0.0,0.0,0.0,0.0,0.0,0.0,0.0,0.0,0.0,4.0,0.0,1.0,0.0,0.0,0.0,0.0,1.0,0.0,0.0,0.0,0.0,0.0,bbbcbbbb
2009-03-11T00:00:00.000,0.0,0.0,0.0,0.0,0.0,0.0,0.0,0.0,0.0,0.0,0.0,0.0,0.0,0.0,0.0,0.0,0.0,0.0,1.0,0.0,0.0,0.0,0.0,0.0,bbbbbbbb
2009-03-18T00:00:00.000,0.0,0.0,0.0,0.0,0.0,0.0,0.0,0.0,0.0,0.0,0.0,0.0,1.0,0.0,0.0,0.0,0.0,0.0,0.0,0.0,0.0,0.0,0.0,0.0,bbbbbbbb
2009-03-19T00:00:00.000,0.0,0.0,0.0,0.0,0.0,0.0,0.0,0.0,0.0,0.0,0.0,0.0,1.0,0.0,0.0,0.0,0.0,0.0,0.0,0.0,0.0,0.0,0.0,0.0,bbbbbbbb
2009-05-06T00:00:00.000,0.0,0.0,0.0,0.0,0.0,0.0,0.0,0.0,0.0,0.0,0.0,0.0,0.0,0.0,0.0,0.0,0.0,0.0,1.0,0.0,0.0,0.0,0.0,0.0,bbbbbbbb
2009-05-07T00:00:00.000,0.0,0.0,0.0,0.0,0.0,0.0,0.0,0.0,0.0,0.0,0.0,0.0,0.0,0.0,0.0,0.0,0.0,0.0,1.0,0.0,0.0,0.0,0.0,0.0,bbbbbbbb
2009-05-19T00:00:00.000,0.0,0.0,0.0,0.0,0.0,0.0,0.0,0.0,0.0,0.0,0.0,1.0,0.0,0.0,0.0,0.0,0.0,0.0,0.0,0.0,0.0,0.0,0.0,0.0,bbbbbbbb
2009-05-20T00:00:00.000,0.0,0.0,0.0,0.0,0.0,0.0,0.0,0.0,0.0,0.0,0.0,1.0,0.0,0.0,0.0,0.0,0.0,0.0,0.0,0.0,0.0,0.0,0.0,0.0,bbbbbbbb
2009-06-17T00:00:00.000,0.0,0.0,0.0,0.0,0.0,0.0,0.0,2.0,0.0,0.0,0.0,0.0,0.0,0.0,0.0,0.0,0.0,0.0,0.0,0.0,0.0,0.0,0.0,0.0,bbcbbbbb
2009-06-18T00:00:00.000,0.0,0.0,0.0,0.0,0.0,0.0,0.0,2.0,0.0,0.0,0.0,0.0,0.0,0.0,0.0,0.0,0.0,0.0,0.0,0.0,0.0,0.0,0.0,0.0,bbcbbbbb
2009-06-25T00:00:00.000,0.0,0.0,0.0,0.0,0.0,0.0,0.0,0.0,0.0,1.0,0.0,0.0,0.0,0.0,0.0,0.0,0.0,0.0,0.0,0.0,0.0,0.0,0.0,0.0,bbbbbbbb
2009-06-26T00:00:00.000,0.0,0.0,0.0,0.0,0.0,0.0,0.0,0.0,0.0,1.0,0.0,0.0,0.0,0.0,0.0,0.0,0.0,0.0,0.0,0.0,0.0,0.0,0.0,0.0,bbbbbbbb
2009-07-11T00:00:00.000,0.0,0.0,0.0,0.0,0.0,0.0,0.0,0.0,0.0,0.0,0.0,0.0,0.0,1.0,0.0,0.0,0.0,0.0,0.0,0.0,0.0,0.0,0.0,0.0,bbbbbbbb
2009-07-12T00:00:00.000,0.0,0.0,0.0,0.0,0.0,0.0,0.0,0.0,0.0,0.0,0.0,0.0,0.0,1.0,0.0,0.0,0.0,0.0,0.0,0.0,0.0,0.0,0.0,0.0,bbbbbbbb
2009-08-02T00:00:00.000,0.0,0.0,0.0,0.0,0.0,0.0,0.0,0.0,1.0,0.0,0.0,0.0,0.0,0.0,0.0,0.0,0.0,0.0,0.0,0.0,0.0,0.0,0.0,0.0,bbbbbbbb
2009-08-03T00:00:00.000,0.0,0.0,0.0,0.0,0.0,0.0,0.0,0.0,1.0,0.0,0.0,0.0,0.0,0.0,0.0,0.0,0.0,0.0,0.0,0.0,0.0,0.0,0.0,0.0,bbbbbbbb
2009-08-12T00:00:00.000,0.0,0.0,0.0,0.0,0.0,0.0,0.0,0.0,0.0,1.0,0.0,0.0,0.0,0.0,0.0,0.0,0.0,0.0,0.0,0.0,0.0,0.0,0.0,0.0,bbbbbbbb
2009-08-13T00:00:00.000,0.0,0.0,0.0,0.0,0.0,0.0,0.0,0.0,0.0,1.0,0.0,0.0,0.0,0.0,0.0,0.0,0.0,0.0,0.0,0.0,0.0,0.0,0.0,0.0,bbbbbbbb
2009-08-15T00:00:00.000,0.0,0.0,0.0,0.0,0.0,0.0,0.0,0.0,7.0,1.0,0.0,0.0,0.0,0.0,0.0,0.0,0.0,0.0,0.0,0.0,0.0,0.0,0.0,0.0,bbcbbbbb
2009-08-16T00:00:00.000,0.0,0.0,0.0,0.0,0.0,0.0,0.0,0.0,7.0,1.0,0.0,0.0,0.0,0.0,0.0,0.0,0.0,0.0,0.0,0.0,0.0,0.0,0.0,0.0,bbcbbbbb
2009-08-17T00:00:00.000,0.0,0.0,0.0,0.0,0.0,0.0,0.0,0.0,0.0,0.0,0.0,0.0,0.0,2.0,0.0,0.0,0.0,0.0,0.0,0.0,0.0,0.0,0.0,0.0,bbbbcbbb
2009-08-18T00:00:00.000,0.0,0.0,0.0,0.0,0.0,0.0,0.0,0.0,0.0,0.0,0.0,0.0,0.0,2.0,0.0,0.0,0.0,0.0,0.0,0.0,0.0,0.0,0.0,0.0,bbbbcbbb
2009-08-21T00:00:00.000,0.0,0.0,0.0,0.0,0.0,0.0,0.0,0.0,0.0,0.0,0.0,0.0,1.0,3.0,0.0,5.0,0.0,0.0,0.0,0.0,0.0,0.0,0.0,0.0,bbbbccbb
2009-08-22T00:00:00.000,0.0,0.0,0.0,0.0,0.0,0.0,0.0,0.0,0.0,0.0,0.0,0.0,1.0,3.0,0.0,5.0,0.0,0.0,0.0,0.0,0.0,0.0,0.0,0.0,bbbbccbb
2009-08-31T00:00:00.000,0.0,0.0,0.0,0.0,0.0,0.0,0.0,1.0,0.0,0.0,0.0,0.0,0.0,0.0,0.0,0.0,0.0,0.0,0.0,0.0,0.0,0.0,0.0,0.0,bbbbbbbb
2009-09-01T00:00:00.000,0.0,0.0,0.0,0.0,0.0,0.0,0.0,1.0,0.0,0.0,0.0,0.0,0.0,0.0,0.0,0.0,0.0,0.0,0.0,0.0,0.0,0.0,0.0,0.0,bbbbbbbb
2009-09-07T00:00:00.000,0.0,0.0,0.0,0.0,0.0,0.0,0.0,0.0,0.0,0.0,0.0,0.0,0.0,0.0,0.0,0.0,0.0,0.0,0.0,0.0,2.0,1.0,1.0,0.0,bbbbbbcc
2009-09-08T00:00:00.000,0.0,0.0,0.0,0.0,0.0,0.0,0.0,0.0,0.0,0.0,0.0,0.0,0.0,0.0,0.0,0.0,0.0,0.0,0.0,0.0,2.0,1.0,1.0,0.0,bbbbbbcc
2009-09-13T00:00:00.000,0.0,0.0,0.0,0.0,0.0,0.0,0.0,0.0,0.0,0.0,0.0,1.0,0.0,0.0,0.0,0.0,0.0,0.0,0.0,0.0,0.0,1.0,0.0,0.0,bbbbbbbb
2009-09-14T00:00:00.000,0.0,0.0,0.0,0.0,0.0,0.0,0.0,0.0,0.0,0.0,0.0,1.0,0.0,0.0,0.0,0.0,0.0,0.0,0.0,0.0,0.0,1.0,0.0,0.0,bbbbbbbb
2009-09-17T00:00:00.000,0.0,0.0,0.0,0.0,0.0,0.0,0.0,0.0,0.0,0.0,0.0,0.0,0.0,0.0,0.0,0.0,0.0,0.0,0.0,4.0,2.0,2.0,0.0,0.0,bbbbbbcb
2009-09-18T00:00:00.000,0.0,0.0,0.0,0.0,0.0,0.0,0.0,0.0,0.0,0.0,0.0,0.0,0.0,0.0,0.0,0.0,0.0,0.0,0.0,4.0,2.0,2.0,0.0,0.0,bbbbbbcb
2009-09-19T00:00:00.000,0.0,0.0,0.0,0.0,0.0,0.0,0.0,0.0,0.0,0.0,0.0,0.0,0.0,0.0,0.0,2.0,0.0,0.0,0.0,0.0,0.0,0.0,0.0,0.0,bbbbbcbb
2009-09-20T00:00:00.000,0.0,0.0,0.0,0.0,0.0,0.0,0.0,0.0,0.0,0.0,0.0,0.0,0.0,0.0,0.0,2.0,0.0,0.0,0.0,0.0,0.0,0.0,1.0,0.0,bbbbbcbb
2009-09-21T00:00:00.000,0.0,0.0,0.0,0.0,0.0,0.0,0.0,0.0,1.0,0.0,0.0,0.0,0.0,0.0,0.0,0.0,0.0,0.0,0.0,0.0,1.0,2.0,1.0,0.0,bbbbbbbc
2009-09-22T00:00:00.000,0.0,0.0,0.0,0.0,0.0,0.0,0.0,0.0,1.0,0.0,0.0,0.0,0.0,0.0,0.0,0.0,0.0,1.0,0.0,0.0,1.0,2.0,0.0,0.0,bbbbbbbc
2009-09-23T00:00:00.000,0.0,0.0,0.0,0.0,0.0,0.0,0.0,0.0,0.0,0.0,0.0,0.0,0.0,0.0,0.0,0.0,0.0,1.0,0.0,0.0,0.0,0.0,0.0,0.0,bbbbbbbb
2009-09-24T00:00:00.000,0.0,0.0,0.0,0.0,0.0,0.0,0.0,0.0,1.0,1.0,2.0,0.0,0.0,0.0,0.0,0.0,0.0,0.0,0.0,0.0,0.0,0.0,0.0,0.0,bbbcbbbb
2009-09-25T00:00:00.000,0.0,0.0,0.0,0.0,0.0,0.0,0.0,0.0,1.0,1.0,2.0,0.0,0.0,0.0,0.0,0.0,0.0,0.0,0.0,0.0,0.0,0.0,0.0,0.0,bbbcbbbb
2009-09-28T00:00:00.000,0.0,0.0,0.0,0.0,0.0,0.0,0.0,0.0,0.0,0.0,0.0,0.0,0.0,0.0,0.0,0.0,0.0,0.0,0.0,0.0,2.0,0.0,0.0,0.0,bbbbbbcb
2009-09-29T00:00:00.000,0.0,0.0,0.0,0.0,0.0,0.0,0.0,1.0,0.0,0.0,0.0,0.0,0.0,0.0,0.0,0.0,0.0,0.0,0.0,1.0,2.0,1.0,0.0,0.0,bbbbbbcb
2009-09-30T00:00:00.000,0.0,0.0,0.0,0.0,0.0,0.0,0.0,1.0,0.0,0.0,0.0,0.0,0.0,0.0,0.0,0.0,0.0,0.0,0.0,1.0,0.0,1.0,0.0,0.0,bbbbbbbb
2009-10-03T00:00:00.000,0.0,0.0,0.0,0.0,0.0,0.0,1.0,0.0,1.0,0.0,0.0,0.0,0.0,0.0,0.0,0.0,0.0,0.0,0.0,0.0,0.0,0.0,0.0,0.0,bbcbbbbb
2009-10-04T00:00:00.000,0.0,0.0,0.0,0.0,0.0,0.0,1.0,0.0,1.0,0.0,0.0,0.0,0.0,0.0,0.0,0.0,0.0,0.0,0.0,0.0,0.0,0.0,0.0,0.0,bbcbbbbb
2009-10-10T00:00:00.000,0.0,0.0,0.0,0.0,0.0,0.0,0.0,0.0,1.0,0.0,0.0,1.0,0.0,0.0,0.0,0.0,0.0,0.0,0.0,0.0,0.0,0.0,0.0,0.0,bbbbbbbb
2009-10-11T00:00:00.000,0.0,0.0,0.0,0.0,0.0,0.0,0.0,0.0,1.0,0.0,0.0,1.0,0.0,0.0,0.0,0.0,0.0,0.0,0.0,0.0,0.0,0.0,0.0,0.0,bbbbbbbb
2009-10-16T00:00:00.000,0.0,0.0,0.0,0.0,0.0,0.0,0.0,0.0,0.0,1.0,0.0,0.0,0.0,0.0,0.0,0.0,0.0,0.0,0.0,0.0,0.0,0.0,0.0,0.0,bbbbbbbb
2009-10-17T00:00:00.000,0.0,0.0,0.0,0.0,0.0,0.0,0.0,0.0,0.0,1.0,0.0,0.0,0.0,0.0,0.0,0.0,0.0,0.0,0.0,0.0,0.0,0.0,0.0,0.0,bbbbbbbb
2009-10-19T00:00:00.000,0.0,0.0,0.0,0.0,0.0,0.0,0.0,0.0,0.0,0.0,0.0,0.0,0.0,0.0,0.0,0.0,0.0,0.0,1.0,0.0,0.0,0.0,0.0,0.0,bbbbbbbb
2009-10-20T00:00:00.000,0.0,0.0,0.0,0.0,0.0,0.0,0.0,0.0,0.0,0.0,0.0,0.0,0.0,0.0,0.0,0.0,0.0,0.0,1.0,0.0,0.0,0.0,0.0,0.0,bbbbbbbb
2009-11-07T00:00:00.000,0.0,0.0,0.0,0.0,0.0,0.0,0.0,0.0,0.0,0.0,0.0,1.0,0.0,0.0,0.0,0.0,0.0,0.0,0.0,0.0,0.0,0.0,0.0,0.0,bbbbbbbb
2009-11-08T00:00:00.000,0.0,0.0,0.0,0.0,0.0,0.0,0.0,0.0,0.0,0.0,0.0,1.0,0.0,0.0,0.0,0.0,0.0,0.0,0.0,0.0,0.0,0.0,0.0,0.0,bbbbbbbb
2009-11-16T00:00:00.000,0.0,0.0,0.0,0.0,0.0,0.0,0.0,0.0,0.0,0.0,0.0,0.0,0.0,0.0,0.0,0.0,0.0,0.0,0.0,0.0,0.0,1.0,0.0,0.0,bbbbbbbb
2009-11-17T00:00:00.000,0.0,0.0,0.0,0.0,0.0,0.0,0.0,0.0,0.0,0.0,0.0,0.0,0.0,0.0,0.0,0.0,0.0,0.0,0.0,0.0,0.0,1.0,0.0,0.0,bbbbbbbb
2009-11-22T00:00:00.000,0.0,0.0,0.0,0.0,0.0,0.0,0.0,0.0,0.0,0.0,0.0,0.0,0.0,0.0,0.0,0.0,0.0,0.0,0.0,0.0,1.0,0.0,0.0,0.0,bbbbbbbb
2009-11-23T00:00:00.000,0.0,0.0,0.0,0.0,0.0,0.0,0.0,0.0,0.0,0.0,0.0,0.0,0.0,0.0,0.0,0.0,0.0,0.0,0.0,0.0,1.0,0.0,0.0,0.0,bbbbbbbb
2009-12-09T00:00:00.000,0.0,0.0,0.0,0.0,0.0,0.0,0.0,0.0,0.0,0.0,0.0,0.0,0.0,0.0,0.0,0.0,0.0,0.0,0.0,1.0,0.0,0.0,0.0,0.0,bbbbbbbb
2009-12-10T00:00:00.000,0.0,0.0,0.0,0.0,0.0,0.0,0.0,0.0,0.0,0.0,0.0,0.0,0.0,0.0,0.0,0.0,0.0,0.0,0.0,1.0,0.0,0.0,0.0,0.0,bbbbbbbb
2009-12-17T00:00:00.000,0.0,0.0,0.0,0.0,0.0,0.0,0.0,1.0,0.0,0.0,0.0,0.0,0.0,0.0,0.0,0.0,0.0,0.0,0.0,0.0,0.0,0.0,0.0,0.0,bbbbbbbb
2009-12-18T00:00:00.000,0.0,0.0,0.0,0.0,0.0,0.0,0.0,1.0,0.0,0.0,0.0,0.0,0.0,0.0,0.0,0.0,0.0,0.0,0.0,0.0,0.0,0.0,0.0,0.0,bbbbbbbb
2009-12-29T00:00:00.000,0.0,0.0,0.0,0.0,0.0,0.0,0.0,1.0,0.0,0.0,0.0,0.0,0.0,0.0,0.0,0.0,0.0,0.0,0.0,0.0,0.0,0.0,0.0,0.0,bbbbbbbb
2009-12-30T00:00:00.000,0.0,0.0,0.0,0.0,0.0,0.0,0.0,1.0,0.0,0.0,0.0,0.0,0.0,0.0,0.0,0.0,0.0,0.0,0.0,0.0,0.0,0.0,0.0,0.0,bbbbbbbb
2009-12-31T00:00:00.000,0.0,0.0,0.0,0.0,0.0,0.0,0.0,0.0,0.0,0.0,0.0,1.0,0.0,0.0,0.0,0.0,0.0,0.0,0.0,0.0,0.0,0.0,0.0,0.0,bbbbbbbb
2010-01-01T00:00:00.000,0.0,0.0,0.0,0.0,0.0,0.0,0.0,0.0,0.0,0.0,0.0,1.0,0.0,0.0,0.0,0.0,0.0,0.0,0.0,0.0,0.0,0.0,0.0,0.0,bbbbbbbb
2010-01-08T00:00:00.000,0.0,0.0,0.0,0.0,0.0,0.0,0.0,0.0,1.0,0.0,0.0,0.0,0.0,0.0,0.0,0.0,0.0,0.0,0.0,0.0,0.0,0.0,0.0,0.0,bbbbbbbb
2010-01-09T00:00:00.000,0.0,0.0,0.0,0.0,0.0,0.0,0.0,0.0,1.0,1.0,3.0,3.0,4.0,1.0,1.0,0.0,0.0,0.0,0.0,0.0,0.0,0.0,0.0,0.0,aabccaaa
2010-01-10T00:00:00.000,0.0,0.0,0.0,0.0,0.0,0.0,0.0,0.0,1.0,1.0,3.0,3.0,4.0,1.0,1.0,0.0,0.0,0.0,2.0,3.0,0.0,0.0,0.0,0.0,aabccaca
2010-01-11T00:00:00.000,0.0,0.0,0.0,0.0,0.0,0.0,0.0,0.0,1.0,0.0,0.0,0.0,0.0,0.0,0.0,0.0,0.0,0.0,2.0,3.0,0.0,0.0,0.0,0.0,bbbbbbcb
2010-01-12T00:00:00.000,0.0,0.0,0.0,0.0,0.0,0.0,0.0,0.0,0.0,0.0,0.0,0.0,0.0,0.0,0.0,0.0,0.0,0.0,0.0,0.0,0.0,1.0,3.0,0.0,bbbbbbbc
2010-01-13T00:00:00.000,0.0,0.0,0.0,0.0,0.0,0.0,0.0,0.0,0.0,0.0,0.0,0.0,0.0,0.0,0.0,1.0,0.0,1.0,1.0,0.0,0.0,1.0,3.0,0.0,bbbbbcbc
2010-01-14T00:00:00.000,0.0,0.0,0.0,0.0,0.0,0.0,0.0,0.0,0.0,0.0,0.0,0.0,0.0,0.0,0.0,1.0,0.0,1.0,1.0,0.0,0.0,0.0,0.0,0.0,bbbbbcbb
2010-01-15T00:00:00.000,0.0,0.0,0.0,0.0,0.0,0.0,0.0,0.0,4.0,3.0,1.0,0.0,0.0,0.0,0.0,1.0,1.0,1.0,2.0,0.0,0.0,0.0,0.0,0.0,aaccacba
2010-01-16T00:00:00.000,0.0,0.0,0.0,0.0,0.0,0.0,0.0,0.0,4.0,4.0,1.0,0.0,1.0,2.0,0.0,5.0,3.0,5.0,4.0,0.0,3.0,0.0,1.0,6.0,aabbbcbb
2010-01-17T00:00:00.000,0.0,0.0,0.0,0.0,0.0,0.0,1.0,4.0,1.0,1.0,1.0,0.0,1.0,2.0,0.0,4.0,2.0,4.0,2.0,0.0,3.0,0.0,1.0,6.0,aabbbcbc
2010-01-18T00:00:00.000,0.0,0.0,0.0,0.0,0.0,0.0,1.0,4.0,1.0,0.0,1.0,1.0,0.0,0.0,1.0,0.0,0.0,4.0,2.0,3.0,1.0,1.0,4.0,0.0,aacbabcc
2010-01-19T00:00:00.000,0.0,0.0,0.0,0.0,0.0,0.0,1.0,0.0,0.0,5.0,2.0,1.0,0.0,0.0,1.0,0.0,3.0,7.0,3.0,4.0,2.0,3.0,4.0,1.0,aaacaccc
2010-01-20T00:00:00.000,0.0,0.0,0.0,0.0,0.0,0.0,1.0,0.0,4.0,5.0,2.0,0.0,0.0,0.0,1.0,1.0,3.0,4.0,1.0,1.0,1.0,2.0,0.0,1.0,aabcacbb
2010-01-21T00:00:00.000,0.0,0.0,0.0,0.0,0.0,0.0,0.0,2.0,8.0,0.0,1.0,0.0,0.0,0.0,1.0,1.0,0.0,1.0,0.0,0.0,0.0,0.0,0.0,0.0,bbcbbbbb
2010-01-22T00:00:00.000,0.0,0.0,0.0,0.0,0.0,0.0,0.0,2.0,4.0,0.0,1.0,0.0,0.0,0.0,0.0,0.0,0.0,0.0,0.0,0.0,0.0,0.0,0.0,0.0,bbcbbbbb
2010-01-24T00:00:00.000,0.0,0.0,0.0,0.0,0.0,0.0,0.0,0.0,0.0,0.0,0.0,0.0,0.0,0.0,0.0,0.0,0.0,0.0,0.0,3.0,3.0,4.0,6.0,0.0,bbbbbbcc
2010-01-25T00:00:00.000,0.0,0.0,0.0,0.0,0.0,0.0,0.0,0.0,0.0,0.0,0.0,0.0,0.0,0.0,1.0,0.0,0.0,0.0,0.0,3.0,3.0,4.0,6.0,0.0,aaaabacc
2010-01-26T00:00:00.000,0.0,0.0,0.0,0.0,0.0,0.0,0.0,1.0,3.0,10.0,2.0,0.0,1.0,3.0,1.0,1.0,1.0,0.0,0.0,0.0,0.0,0.0,0.0,1.0,aabcbbab
2010-01-27T00:00:00.000,0.0,0.0,0.0,0.0,0.0,0.0,0.0,1.0,12.0,15.0,11.0,1.0,1.0,5.0,1.0,1.0,4.0,2.0,6.0,3.0,6.0,3.0,5.0,1.0,aabcbbbb
2010-01-28T00:00:00.000,0.0,0.0,0.0,0.0,0.0,0.0,0.0,0.0,9.0,9.0,10.0,2.0,1.0,4.0,1.0,2.0,3.0,3.0,8.0,8.0,15.0,8.0,7.0,0.0,aabcbbcb
2010-01-29T00:00:00.000,0.0,0.0,0.0,0.0,0.0,0.0,4.0,6.0,7.0,4.0,2.0,7.0,8.0,4.0,1.0,2.0,0.0,2.0,3.0,12.0,9.0,5.0,2.0,0.0,aacbbacb
2010-01-30T00:00:00.000,0.0,0.0,0.0,0.0,0.0,0.0,4.0,8.0,14.0,5.0,4.0,6.0,10.0,4.0,1.0,3.0,2.0,2.0,1.0,13.0,9.0,2.0,0.0,0.0,aacbbbca
2010-01-31T00:00:00.000,0.0,0.0,0.0,0.0,0.0,0.0,0.0,5.0,7.0,6.0,3.0,1.0,3.0,2.0,1.0,3.0,2.0,2.0,5.0,11.0,10.0,2.0,5.0,10.0,aabbbbcc
2010-02-01T00:00:00.000,0.0,0.0,0.0,0.0,0.0,0.0,0.0,7.0,1.0,3.0,2.0,1.0,1.0,0.0,1.0,0.0,0.0,3.0,7.0,15.0,2.0,0.0,5.0,10.0,aabbabcc
2010-02-02T00:00:00.000,0.0,0.0,0.0,0.0,0.0,0.0,2.0,4.0,1.0,2.0,2.0,0.0,3.0,2.0,0.0,0.0,0.0,2.0,5.0,17.0,7.0,3.0,0.0,0.0,aabbbbcb
2010-02-03T00:00:00.000,0.0,0.0,0.0,0.0,0.0,0.0,3.0,0.0,1.0,1.0,0.0,0.0,2.0,3.0,1.0,5.0,0.0,1.0,8.0,10.0,9.0,3.0,11.0,2.0,aababbcc
2010-02-04T00:00:00.000,4.0,0.0,0.0,0.0,0.0,0.0,1.0,3.0,5.0,1.0,0.0,0.0,0.0,3.0,2.0,5.0,1.0,1.0,5.0,3.0,3.0,3.0,15.0,2.0,bababbbc
2010-02-05T00:00:00.000,4.0,0.0,0.0,0.0,0.0,0.0,0.0,8.0,12.0,1.0,1.0,1.0,1.0,2.0,1.0,3.0,1.0,0.0,0.0,0.0,0.0,3.0,4.0,0.0,bacbbbab
2010-02-06T00:00:00.000,3.0,4.0,0.0,0.0,0.0,0.0,0.0,5.0,12.0,6.0,1.0,2.0,3.0,1.0,1.0,3.0,0.0,0.0,0.0,0.0,0.0,0.0,0.0,3.0,bacbbbab
2010-02-07T00:00:00.000,3.0,4.0,0.0,0.0,0.0,0.0,1.0,4.0,7.0,6.0,0.0,1.0,3.0,1.0,1.0,0.0,0.0,0.0,0.0,5.0,2.0,5.0,8.0,6.0,bacbbabc
2010-02-08T00:00:00.000,0.0,0.0,0.0,0.0,0.0,0.0,1.0,4.0,3.0,1.0,0.0,0.0,2.0,0.0,0.0,0.0,0.0,0.0,0.0,8.0,7.0,6.0,9.0,3.0,aababacc
2010-02-09T00:00:00.000,0.0,0.0,0.0,0.0,0.0,0.0,2.0,2.0,2.0,1.0,0.0,1.0,4.0,1.0,1.0,1.0,1.0,0.0,1.0,6.0,9.0,9.0,4.0,0.0,aababacc
2010-02-10T00:00:00.000,0.0,0.0,0.0,0.0,0.0,0.0,7.0,7.0,3.0,1.0,0.0,1.0,3.0,1.0,1.0,1.0,1.0,0.0,2.0,8.0,8.0,11.0,13.0,1.0,aacabacc
2010-02-11T00:00:00.000,0.0,0.0,0.0,0.0,0.0,0.0,6.0,5.0,2.0,0.0,1.0,1.0,5.0,1.0,0.0,0.0,0.0,0.0,1.0,6.0,5.0,3.0,10.0,3.0,aacabacc
2010-02-12T00:00:00.000,0.0,0.0,0.0,0.0,0.0,0.0,1.0,1.0,3.0,5.0,9.0,2.0,8.0,5.0,1.0,0.0,0.0,2.0,1.0,4.0,3.0,0.0,4.0,2.0,aabccabb
2010-02-13T00:00:00.000,1.0,0.0,0.0,0.0,0.0,0.0,0.0,1.0,6.0,5.0,12.0,2.0,3.0,6.0,3.0,0.0,0.0,2.0,2.0,3.0,6.0,3.0,4.0,0.0,aabccabb
2010-02-14T00:00:00.000,1.0,0.0,0.0,0.0,0.0,0.0,0.0,3.0,5.0,4.0,4.0,1.0,0.0,2.0,2.0,0.0,0.0,0.0,1.0,1.0,6.0,3.0,0.0,0.0,aaccbacb
2010-02-15T00:00:00.000,0.0,0.0,1.0,0.0,0.0,0.0,0.0,3.0,1.0,4.0,7.0,6.0,0.0,4.0,6.0,1.0,1.0,0.0,0.0,1.0,2.0,2.0,0.0,0.0,aabccaba
2010-02-16T00:00:00.000,0.0,0.0,1.0,0.0,0.0,0.0,0.0,4.0,7.0,3.0,7.0,9.0,3.0,4.0,6.0,1.0,2.0,0.0,0.0,0.0,0.0,2.0,1.0,0.0,aacccbab
2010-02-17T00:00:00.000,0.0,0.0,0.0,0.0,0.0,0.0,0.0,4.0,7.0,3.0,0.0,3.0,3.0,2.0,1.0,1.0,5.0,4.0,0.0,4.0,1.0,0.0,1.0,0.0,aacbbcba
2010-02-18T00:00:00.000,0.0,0.0,0.0,0.0,0.0,0.0,0.0,6.0,0.0,0.0,1.0,0.0,0.0,2.0,2.0,1.0,4.0,4.0,1.0,8.0,2.0,0.0,0.0,0.0,aababcca
2010-02-19T00:00:00.000,0.0,0.0,0.0,0.0,0.0,0.0,3.0,15.0,7.0,2.0,7.0,0.0,0.0,0.0,4.0,0.0,0.0,0.0,1.0,4.0,1.0,0.0,0.0,0.0,aacbbaba
2010-02-20T00:00:00.000,1.0,0.0,0.0,0.0,0.0,0.0,3.0,16.0,11.0,2.0,7.0,0.0,0.0,0.0,5.0,0.0,0.0,0.0,4.0,0.0,0.0,1.0,0.0,0.0,aacbbaba
2010-02-21T00:00:00.000,1.0,0.0,0.0,0.0,0.0,0.0,0.0,7.0,4.0,0.0,1.0,0.0,0.0,0.0,2.0,0.0,5.0,6.0,4.0,2.0,5.0,5.0,0.0,0.0,aacaaccb
2010-02-22T00:00:00.000,0.0,0.0,0.0,0.0,0.0,0.0,2.0,2.0,5.0,0.0,0.0,0.0,0.0,0.0,0.0,0.0,5.0,6.0,1.0,2.0,5.0,4.0,2.0,0.0,aacaaccb
2010-02-23T00:00:00.000,0.0,0.0,0.0,0.0,0.0,0.0,2.0,2.0,7.0,0.0,3.0,5.0,3.0,1.0,1.0,0.0,0.0,2.0,7.0,0.0,0.0,0.0,2.0,0.0,aaccbbbb
2010-02-24T00:00:00.000,0.0,0.0,0.0,0.0,0.0,0.0,0.0,7.0,6.0,0.0,3.0,7.0,4.0,1.0,1.0,0.0,0.0,4.0,6.0,0.0,3.0,3.0,0.0,0.0,aaccbbcb
2010-02-25T00:00:00.000,0.0,0.0,0.0,0.0,0.0,0.0,2.0,10.0,8.0,1.0,1.0,3.0,1.0,5.0,3.0,1.0,0.0,2.0,0.0,3.0,8.0,8.0,0.0,0.0,aacbbbbb
2010-02-26T00:00:00.000,0.0,0.0,0.0,0.0,0.0,0.0,2.0,7.0,5.0,3.0,4.0,1.0,1.0,5.0,4.0,1.0,1.0,0.0,0.0,3.0,5.0,5.0,1.0,0.0,aacbcabb
2010-02-27T00:00:00.000,0.0,0.0,0.0,0.0,0.0,0.0,1.0,8.0,11.0,9.0,3.0,1.0,1.0,3.0,2.0,0.0,2.0,0.0,0.0,1.0,3.0,1.0,1.0,0.0,aaccbbbb
2010-02-28T00:00:00.000,0.0,0.0,0.0,0.0,0.0,0.0,3.0,12.0,12.0,8.0,0.0,6.0,1.0,4.0,3.0,1.0,4.0,3.0,6.0,5.0,6.0,2.0,1.0,0.0,aacbbbca
2010-03-01T00:00:00.000,0.0,0.0,0.0,0.0,0.0,0.0,6.0,16.0,7.0,8.0,8.0,14.0,10.0,2.0,3.0,2.0,5.0,8.0,11.0,5.0,6.0,6.0,3.0,0.0,aaccbbcb
2010-03-02T00:00:00.000,0.0,0.0,0.0,0.0,0.0,0.0,12.0,11.0,7.0,15.0,10.0,17.0,19.0,2.0,1.0,1.0,2.0,5.0,5.0,1.0,3.0,5.0,2.0,0.0,aaccbbba
2010-03-03T00:00:00.000,0.0,0.0,0.0,0.0,0.0,0.0,9.0,3.0,8.0,14.0,6.0,10.0,11.0,1.0,0.0,2.0,1.0,2.0,0.0,5.0,11.0,5.0,7.0,0.0,aaccbabb
2010-03-04T00:00:00.000,0.0,0.0,0.0,0.0,0.0,0.0,4.0,4.0,10.0,9.0,5.0,4.0,1.0,0.0,8.0,7.0,4.0,2.0,1.0,13.0,11.0,13.0,13.0,4.0,aabbbbcc
2010-03-05T00:00:00.000,0.0,0.0,0.0,0.0,0.0,0.0,3.0,10.0,5.0,3.0,1.0,3.0,0.0,0.0,8.0,7.0,4.0,3.0,1.0,11.0,0.0,8.0,6.0,4.0,aacbbbbc
2010-03-06T00:00:00.000,0.0,0.0,0.0,0.0,0.0,0.0,0.0,6.0,11.0,5.0,0.0,7.0,0.0,3.0,0.0,2.0,1.0,3.0,0.0,3.0,0.0,0.0,0.0,0.0,aaccbbba
2010-03-07T00:00:00.000,0.0,0.0,0.0,0.0,0.0,0.0,1.0,9.0,12.0,10.0,0.0,10.0,2.0,10.0,5.0,2.0,0.0,7.0,10.0,5.0,1.0,0.0,0.0,0.0,aacccbba
2010-03-08T00:00:00.000,0.0,0.0,0.0,0.0,0.0,0.0,3.0,16.0,9.0,14.0,2.0,7.0,10.0,13.0,5.0,2.0,0.0,7.0,10.0,5.0,1.0,0.0,0.0,0.0,aacccbba
2010-03-09T00:00:00.000,0.0,0.0,0.0,0.0,0.0,0.0,7.0,7.0,17.0,11.0,3.0,3.0,16.0,18.0,0.0,2.0,3.0,1.0,0.0,0.0,0.0,5.0,0.0,0.0,aacbcbab
2010-03-10T00:00:00.000,0.0,0.0,0.0,0.0,0.0,0.0,10.0,1.0,19.0,4.0,5.0,1.0,9.0,14.0,6.0,10.0,11.0,6.0,3.0,4.0,6.0,13.0,4.0,1.0,aacbccbb
2010-03-11T00:00:00.000,0.0,0.0,0.0,0.0,0.0,3.0,5.0,6.0,11.0,3.0,9.0,2.0,1.0,3.0,7.0,14.0,17.0,8.0,3.0,4.0,10.0,8.0,4.0,1.0,aacbbcbb
2010-03-12T00:00:00.000,0.0,0.0,0.0,0.0,0.0,3.0,0.0,6.0,8.0,2.0,5.0,1.0,1.0,10.0,9.0,15.0,12.0,5.0,0.0,0.0,4.0,0.0,0.0,0.0,aabbccaa
2010-03-13T00:00:00.000,0.0,0.0,0.0,0.0,0.0,0.0,0.0,9.0,15.0,8.0,0.0,0.0,1.0,9.0,8.0,9.0,4.0,2.0,0.0,0.0,0.0,1.0,0.0,0.0,aacbccaa
2010-03-14T00:00:00.000,0.0,0.0,0.0,0.0,0.0,0.0,0.0,9.0,16.0,14.0,0.0,0.0,1.0,2.0,3.0,4.0,6.0,5.0,0.0,0.0,1.0,1.0,0.0,0.0,aaccbcaa
2010-03-15T00:00:00.000,0.0,0.0,0.0,0.0,0.0,0.0,2.0,2.0,8.0,7.0,0.0,3.0,2.0,4.0,11.0,10.0,7.0,5.0,1.0,0.0,1.0,0.0,0.0,0.0,aabbccaa
2010-03-16T00:00:00.000,0.0,0.0,0.0,0.0,0.0,0.0,5.0,6.0,5.0,3.0,2.0,5.0,1.0,2.0,8.0,9.0,9.0,4.0,3.0,0.0,1.0,0.0,0.0,0.0,aacbbcba
2010-03-17T00:00:00.000,0.0,0.0,0.0,0.0,0.0,0.0,3.0,6.0,5.0,9.0,8.0,4.0,7.0,0.0,6.0,6.0,16.0,8.0,2.0,0.0,1.0,0.0,1.0,0.0,aabcbcaa
2010-03-18T00:00:00.000,0.0,0.0,0.0,0.0,0.0,0.0,0.0,4.0,2.0,7.0,12.0,2.0,12.0,4.0,7.0,5.0,11.0,7.0,8.0,2.0,4.0,6.0,1.0,0.0,aaacccbb
2010-03-19T00:00:00.000,1.0,0.0,0.0,0.0,0.0,0.0,0.0,3.0,7.0,3.0,10.0,1.0,5.0,5.0,4.0,2.0,2.0,4.0,8.0,2.0,7.0,9.0,1.0,0.0,aabccbcb
2010-03-20T00:00:00.000,1.0,0.0,0.0,0.0,0.0,0.0,2.0,9.0,17.0,2.0,5.0,2.0,2.0,2.0,3.0,0.0,0.0,1.0,0.0,0.0,3.0,3.0,1.0,0.0,aacbbabb
2010-03-21T00:00:00.000,0.0,0.0,0.0,0.0,0.0,0.0,2.0,11.0,11.0,4.0,1.0,3.0,3.0,2.0,4.0,6.0,3.0,0.0,0.0,0.0,0.0,7.0,2.0,1.0,aacbbbab
2010-03-22T00:00:00.000,0.0,0.0,0.0,0.0,0.0,0.0,6.0,6.0,1.0,6.0,2.0,4.0,6.0,6.0,5.0,9.0,7.0,2.0,2.0,3.0,0.0,11.0,5.0,1.0,aabbccac
2010-03-23T00:00:00.000,0.0,0.0,0.0,0.0,0.0,0.0,7.0,4.0,3.0,3.0,2.0,2.0,15.0,13.0,1.0,3.0,8.0,6.0,8.0,3.0,3.0,6.0,5.0,0.0,aabbccbb
2010-03-24T00:00:00.000,0.0,0.0,0.0,0.0,0.0,0.0,6.0,0.0,2.0,7.0,5.0,0.0,10.0,8.0,3.0,5.0,12.0,9.0,6.0,1.0,5.0,2.0,2.0,0.0,aabbccba
2010-03-25T00:00:00.000,0.0,0.0,0.0,0.0,0.0,0.0,11.0,3.0,7.0,14.0,13.0,6.0,7.0,3.0,8.0,8.0,8.0,9.0,5.0,6.0,3.0,0.0,4.0,3.0,aaccbcba
2010-03-26T00:00:00.000,2.0,0.0,0.0,0.0,0.0,0.0,8.0,7.0,9.0,11.0,8.0,7.0,7.0,7.0,5.0,3.0,0.0,7.0,6.0,6.0,1.0,0.0,4.0,3.0,aacccbba
2010-03-27T00:00:00.000,2.0,0.0,0.0,0.0,0.0,0.0,8.0,17.0,9.0,4.0,3.0,1.0,1.0,4.0,1.0,0.0,0.0,3.0,3.0,1.0,2.0,0.0,0.0,3.0,aacbbbbb
2010-03-28T00:00:00.000,0.0,0.0,0.0,0.0,0.0,1.0,9.0,13.0,11.0,2.0,3.0,3.0,8.0,3.0,7.0,0.0,0.0,7.0,11.0,5.0,4.0,8.0,9.0,4.0,aacabacc
2010-03-29T00:00:00.000,0.0,0.0,0.0,0.0,0.0,1.0,12.0,1.0,9.0,6.0,0.0,12.0,8.0,6.0,6.0,6.0,7.0,10.0,11.0,6.0,2.0,10.0,10.0,1.0,aacbbcbb
2010-03-30T00:00:00.000,0.0,0.0,0.0,0.0,0.0,0.0,9.0,2.0,5.0,5.0,1.0,14.0,3.0,10.0,4.0,6.0,7.0,5.0,4.0,1.0,0.0,2.0,2.0,0.0,aaccccaa
2010-03-31T00:00:00.000,0.0,0.0,7.0,9.0,1.0,3.0,0.0,2.0,1.0,1.0,1.0,8.0,5.0,17.0,17.0,1.0,2.0,4.0,5.0,7.0,4.0,6.0,3.0,0.0,bbabcbbb
2010-04-01T00:00:00.000,0.0,0.0,7.0,9.0,1.0,3.0,7.0,9.0,16.0,7.0,1.0,7.0,6.0,10.0,13.0,1.0,9.0,7.0,4.0,10.0,4.0,8.0,3.0,0.0,abcbcbba
2010-04-02T00:00:00.000,0.0,0.0,0.0,0.0,0.0,0.0,7.0,12.0,17.0,7.0,1.0,5.0,15.0,2.0,0.0,0.0,7.0,6.0,1.0,3.0,0.0,2.0,1.0,0.0,aacbbbaa
2010-04-03T00:00:00.000,3.0,0.0,0.0,0.0,0.0,0.0,0.0,4.0,7.0,6.0,4.0,1.0,14.0,2.0,1.0,0.0,0.0,1.0,0.0,0.0,1.0,0.0,0.0,0.0,bacccaaa
2010-04-04T00:00:00.000,3.0,0.0,0.0,0.0,0.0,0.0,5.0,4.0,18.0,6.0,6.0,3.0,5.0,9.0,3.0,0.0,0.0,0.0,1.0,0.0,1.0,4.0,2.0,0.0,aacccaab
2010-04-05T00:00:00.000,0.0,0.0,0.0,0.0,0.0,0.0,7.0,7.0,24.0,4.0,6.0,7.0,3.0,9.0,9.0,4.0,1.0,11.0,1.0,5.0,0.0,4.0,8.0,0.0,aacbcbab
2010-04-06T00:00:00.000,0.0,0.0,0.0,0.0,0.0,0.0,6.0,10.0,16.0,6.0,10.0,7.0,0.0,6.0,11.0,10.0,2.0,11.0,1.0,12.0,2.0,1.0,7.0,0.0,aaccbcba
2010-04-07T00:00:00.000,0.0,0.0,0.0,0.0,0.0,0.0,7.0,13.0,7.0,5.0,7.0,4.0,0.0,6.0,4.0,8.0,1.0,0.0,4.0,13.0,6.0,4.0,1.0,0.0,aacbbbca
2010-04-08T00:00:00.000,0.0,0.0,0.0,0.0,0.0,4.0,4.0,10.0,3.0,2.0,4.0,4.0,4.0,0.0,4.0,2.0,3.0,2.0,3.0,6.0,5.0,6.0,1.0,0.0,aacbbbcb
2010-04-09T00:00:00.000,0.0,0.0,0.0,0.0,0.0,4.0,4.0,7.0,4.0,4.0,5.0,3.0,8.0,5.0,7.0,3.0,8.0,5.0,1.0,0.0,1.0,3.0,1.0,0.0,aacbccaa
2010-04-10T00:00:00.000,0.0,0.0,0.0,0.0,0.0,0.0,3.0,4.0,10.0,6.0,2.0,2.0,4.0,5.0,3.0,11.0,5.0,3.0,2.0,0.0,0.0,0.0,4.0,2.0,aacbbcab
2010-04-11T00:00:00.000,0.0,0.0,0.0,0.0,0.0,0.0,1.0,6.0,12.0,2.0,1.0,2.0,0.0,0.0,0.0,8.0,0.0,0.0,3.0,1.0,0.0,1.0,9.0,2.0,aacbabbc
2010-04-12T00:00:00.000,0.0,0.0,0.0,0.0,0.0,0.0,3.0,6.0,6.0,0.0,1.0,2.0,0.0,4.0,1.0,4.0,0.0,2.0,2.0,1.0,4.0,4.0,12.0,2.0,aacabbbc
2010-04-13T00:00:00.000,0.0,0.0,0.0,0.0,0.0,0.0,4.0,1.0,1.0,0.0,0.0,2.0,0.0,4.0,1.0,4.0,0.0,2.0,0.0,0.0,4.0,3.0,7.0,2.0,aabbbbbc
2010-04-14T00:00:00.000,0.0,0.0,0.0,0.0,0.0,0.0,2.0,2.0,6.0,2.0,0.0,4.0,2.0,1.0,0.0,0.0,0.0,0.0,0.0,0.0,0.0,0.0,0.0,0.0,aaccbaaa
2010-04-15T00:00:00.000,0.0,0.0,0.0,0.0,0.0,0.0,5.0,2.0,6.0,6.0,7.0,6.0,4.0,8.0,2.0,2.0,4.0,2.0,0.0,0.0,5.0,0.0,0.0,0.0,aacccbba
2010-04-16T00:00:00.000,0.0,0.0,0.0,0.0,0.0,0.0,8.0,6.0,9.0,5.0,8.0,6.0,2.0,9.0,8.0,5.0,7.0,3.0,2.0,3.0,5.0,0.0,1.0,1.0,aacccbba
2010-04-17T00:00:00.000,0.0,0.0,0.0,0.0,0.0,0.0,3.0,11.0,10.0,3.0,2.0,7.0,5.0,5.0,6.0,12.0,6.0,4.0,3.0,3.0,0.0,0.0,1.0,1.0,aacbccba
2010-04-18T00:00:00.000,0.0,0.0,0.0,0.0,0.0,0.0,0.0,6.0,6.0,8.0,4.0,8.0,5.0,4.0,2.0,9.0,3.0,11.0,3.0,0.0,3.0,8.0,3.0,0.0,aabcbcbb
2010-04-19T00:00:00.000,0.0,0.0,0.0,0.0,0.0,0.0,1.0,4.0,12.0,9.0,12.0,5.0,0.0,3.0,2.0,0.0,1.0,9.0,2.0,1.0,3.0,12.0,7.0,0.0,aaccbbbc
2010-04-20T00:00:00.000,0.0,0.0,0.0,0.0,0.0,0.0,3.0,3.0,7.0,3.0,9.0,0.0,0.0,2.0,0.0,0.0,4.0,1.0,2.0,1.0,2.0,5.0,5.0,0.0,aaccabbc
2010-04-21T00:00:00.000,0.0,0.0,0.0,0.0,0.0,0.0,2.0,2.0,1.0,0.0,2.0,0.0,0.0,1.0,2.0,0.0,3.0,3.0,2.0,1.0,2.0,2.0,6.0,3.0,aababcbc
2010-04-22T00:00:00.000,0.0,0.0,0.0,0.0,0.0,0.0,0.0,5.0,11.0,5.0,6.0,1.0,0.0,1.0,2.0,0.0,0.0,3.0,0.0,4.0,2.0,8.0,8.0,3.0,aaccaabc
2010-04-23T00:00:00.000,0.0,0.0,0.0,0.0,0.0,0.0,0.0,7.0,17.0,6.0,5.0,2.0,0.0,0.0,0.0,0.0,0.0,0.0,0.0,3.0,2.0,7.0,3.0,0.0,aaccaabb
2010-04-24T00:00:00.000,0.0,3.0,1.0,0.0,0.0,0.0,0.0,7.0,12.0,1.0,1.0,1.0,0.0,0.0,0.0,0.0,0.0,0.0,0.0,0.0,0.0,0.0,0.0,0.0,bbcbbbbb
2010-04-25T00:00:00.000,0.0,3.0,1.0,0.0,0.0,0.0,0.0,5.0,5.0,3.0,0.0,0.0,0.0,0.0,3.0,4.0,11.0,14.0,6.0,4.0,9.0,12.0,5.0,3.0,aabaaccc
2010-04-26T00:00:00.000,0.0,0.0,0.0,0.0,0.0,0.0,0.0,9.0,4.0,4.0,2.0,2.0,2.0,1.0,7.0,6.0,11.0,14.0,8.0,13.0,16.0,17.0,10.0,6.0,aababccc
2010-04-27T00:00:00.000,0.0,0.0,0.0,0.0,0.0,0.0,0.0,7.0,4.0,1.0,2.0,2.0,2.0,1.0,4.0,2.0,0.0,0.0,9.0,13.0,10.0,5.0,5.0,3.0,aabbbacb
2010-04-28T00:00:00.000,0.0,0.0,0.0,0.0,0.0,0.0,0.0,7.0,4.0,0.0,1.0,2.0,2.0,4.0,0.0,1.0,4.0,3.0,8.0,7.0,4.0,0.0,0.0,0.0,aacbbbca
2010-04-29T00:00:00.000,0.0,0.0,0.0,0.0,0.0,0.0,4.0,13.0,6.0,1.0,2.0,3.0,7.0,6.0,2.0,1.0,4.0,3.0,1.0,3.0,1.0,0.0,0.0,0.0,aacbcbba
2010-04-30T00:00:00.000,0.0,0.0,3.0,3.0,1.0,0.0,4.0,6.0,2.0,7.0,1.0,5.0,14.0,2.0,2.0,0.0,2.0,3.0,1.0,1.0,0.0,3.0,0.0,0.0,abcccbaa
2010-05-01T00:00:00.000,0.0,0.0,3.0,3.0,1.0,0.0,2.0,5.0,5.0,10.0,0.0,7.0,9.0,1.0,0.0,2.0,2.0,3.0,2.0,1.0,2.0,3.0,2.0,0.0,aaccbbbb
2010-05-02T00:00:00.000,0.0,0.0,0.0,0.0,0.0,0.0,2.0,6.0,8.0,4.0,1.0,4.0,0.0,2.0,1.0,3.0,2.0,0.0,5.0,7.0,4.0,2.0,2.0,0.0,aacbabcb
2010-05-03T00:00:00.000,0.0,0.0,0.0,0.0,0.0,0.0,7.0,6.0,3.0,2.0,1.0,2.0,0.0,2.0,3.0,2.0,3.0,0.0,6.0,7.0,2.0,5.0,1.0,0.0,aacbbbcb
2010-05-04T00:00:00.000,0.0,0.0,0.0,0.0,0.0,0.0,9.0,5.0,0.0,2.0,0.0,1.0,1.0,2.0,2.0,1.0,1.0,0.0,14.0,5.0,1.0,3.0,1.0,0.0,aacbbbcb
2010-05-05T00:00:00.000,0.0,0.0,0.0,0.0,0.0,0.0,2.0,2.0,2.0,0.0,2.0,10.0,1.0,1.0,2.0,0.0,0.0,0.0,12.0,5.0,1.0,0.0,0.0,0.0,aabcbaca
2010-05-06T00:00:00.000,0.0,0.0,0.0,0.0,0.0,0.0,2.0,10.0,7.0,6.0,3.0,10.0,0.0,0.0,3.0,0.0,5.0,1.0,0.0,0.0,0.0,1.0,0.0,0.0,aaccbbaa
2010-05-07T00:00:00.000,1.0,0.0,0.0,0.0,0.0,0.0,2.0,11.0,8.0,11.0,5.0,5.0,2.0,3.0,3.0,0.0,5.0,2.0,0.0,1.0,0.0,1.0,0.0,0.0,aaccbbaa
2010-05-08T00:00:00.000,2.0,0.0,0.0,0.0,0.0,0.0,2.0,8.0,9.0,13.0,12.0,6.0,3.0,3.0,2.0,0.0,0.0,1.0,1.0,2.0,2.0,3.0,3.0,2.0,aaccbabb
2010-05-09T00:00:00.000,1.0,0.0,0.0,0.0,0.0,0.0,4.0,11.0,19.0,9.0,9.0,2.0,3.0,2.0,0.0,0.0,0.0,0.0,4.0,5.0,7.0,5.0,5.0,2.0,aaccbabb
2010-05-10T00:00:00.000,0.0,0.0,0.0,0.0,0.0,0.0,4.0,9.0,19.0,1.0,4.0,2.0,4.0,5.0,6.0,7.0,9.0,2.0,5.0,13.0,6.0,5.0,5.0,0.0,aacabbcb
2010-05-11T00:00:00.000,0.0,0.0,0.0,0.0,0.0,0.0,5.0,9.0,14.0,6.0,3.0,2.0,3.0,3.0,8.0,10.0,10.0,4.0,2.0,9.0,1.0,3.0,3.0,0.0,aacbbcba
2010-05-12T00:00:00.000,0.0,0.0,0.0,0.0,0.0,0.0,10.0,12.0,14.0,13.0,0.0,4.0,4.0,4.0,3.0,5.0,1.0,6.0,0.0,4.0,6.0,2.0,4.0,0.0,aacbbbbb
2010-05-13T00:00:00.000,0.0,0.0,0.0,0.0,0.0,0.0,9.0,12.0,9.0,9.0,2.0,3.0,3.0,5.0,1.0,2.0,0.0,4.0,0.0,6.0,6.0,2.0,4.0,0.0,aacbbbbb
2010-05-14T00:00:00.000,0.0,0.0,2.0,10.0,5.0,3.0,4.0,8.0,5.0,9.0,2.0,0.0,0.0,1.0,0.0,1.0,0.0,0.0,0.0,2.0,0.0,0.0,0.0,0.0,acccaaaa
2010-05-15T00:00:00.000,0.0,0.0,2.0,10.0,5.0,3.0,2.0,8.0,19.0,7.0,2.0,0.0,0.0,0.0,3.0,9.0,3.0,0.0,3.0,3.0,0.0,0.0,0.0,0.0,accbabba
2010-05-16T00:00:00.000,0.0,0.0,0.0,0.0,0.0,0.0,8.0,12.0,20.0,1.0,9.0,5.0,2.0,0.0,3.0,8.0,3.0,0.0,5.0,3.0,0.0,4.0,0.0,0.0,aacbbbbb
2010-05-17T00:00:00.000,0.0,0.0,0.0,0.0,0.0,0.0,13.0,9.0,7.0,8.0,8.0,7.0,4.0,1.0,0.0,1.0,0.0,0.0,2.0,0.0,2.0,8.0,5.0,2.0,aaccbaac
2010-05-18T00:00:00.000,0.0,0.0,0.0,0.0,0.0,1.0,10.0,3.0,4.0,7.0,2.0,2.0,2.0,1.0,0.0,1.0,0.0,0.0,0.0,0.0,2.0,7.0,5.0,2.0,aaccbaac
2010-05-19T00:00:00.000,0.0,0.0,0.0,0.0,0.0,1.0,8.0,1.0,0.0,3.0,2.0,5.0,0.0,1.0,1.0,0.0,0.0,0.0,2.0,3.0,9.0,4.0,2.0,0.0,aaccbacb
2010-05-20T00:00:00.000,0.0,0.0,0.0,0.0,0.0,2.0,7.0,4.0,7.0,10.0,4.0,7.0,3.0,2.0,2.0,1.0,2.0,2.0,3.0,4.0,10.0,1.0,2.0,0.0,aaccbaca
2010-05-21T00:00:00.000,0.0,0.0,0.0,0.0,0.0,2.0,7.0,4.0,13.0,15.0,9.0,2.0,3.0,5.0,1.0,1.0,2.0,2.0,1.0,1.0,1.0,2.0,0.0,0.0,aaccbbaa
2010-05-22T00:00:00.000,0.0,0.0,0.0,0.0,0.0,0.0,6.0,4.0,8.0,9.0,9.0,1.0,1.0,9.0,0.0,1.0,0.0,9.0,4.0,0.0,1.0,4.0,0.0,0.0,aaccbbbb
2010-05-23T00:00:00.000,0.0,0.0,0.0,0.0,0.0,0.0,4.0,6.0,3.0,2.0,3.0,1.0,3.0,9.0,2.0,4.0,0.0,9.0,4.0,3.0,2.0,3.0,0.0,0.0,aacbccba
2010-05-24T00:00:00.000,0.0,0.0,0.0,0.0,0.0,0.0,4.0,10.0,7.0,3.0,3.0,5.0,3.0,4.0,2.0,3.0,1.0,0.0,2.0,3.0,1.0,1.0,1.0,0.0,aaccbbba
2010-05-25T00:00:00.000,0.0,0.0,0.0,0.0,0.0,0.0,6.0,10.0,12.0,5.0,10.0,11.0,4.0,0.0,2.0,1.0,10.0,4.0,3.0,0.0,0.0,0.0,1.0,0.0,aaccbbaa
2010-05-26T00:00:00.000,0.0,0.0,0.0,0.0,0.0,0.0,7.0,9.0,12.0,4.0,10.0,6.0,5.0,0.0,5.0,1.0,9.0,10.0,2.0,1.0,3.0,0.0,0.0,0.0,aaccbcba
2010-05-27T00:00:00.000,0.0,0.0,0.0,0.0,0.0,6.0,9.0,13.0,11.0,6.0,10.0,1.0,8.0,4.0,7.0,4.0,0.0,11.0,1.0,3.0,8.0,5.0,8.0,0.0,aacbbbbb
2010-05-28T00:00:00.000,0.0,0.0,0.0,0.0,0.0,6.0,13.0,15.0,18.0,6.0,9.0,1.0,7.0,4.0,4.0,4.0,0.0,5.0,1.0,4.0,11.0,12.0,10.0,1.0,aacbbabb
2010-05-29T00:00:00.000,0.0,0.0,0.0,0.0,0.0,0.0,9.0,17.0,24.0,1.0,2.0,0.0,1.0,0.0,0.0,0.0,0.0,1.0,1.0,6.0,13.0,10.0,2.0,1.0,aacbaacb
2010-05-30T00:00:00.000,0.0,0.0,0.0,0.0,0.0,0.0,7.0,12.0,14.0,4.0,0.0,0.0,0.0,0.0,0.0,0.0,0.0,2.0,0.0,4.0,12.0,3.0,0.0,0.0,aacbabcb
2010-05-31T00:00:00.000,0.0,0.0,0.0,0.0,0.0,0.0,8.0,6.0,5.0,5.0,4.0,0.0,0.0,0.0,3.0,2.0,0.0,1.0,0.0,0.0,5.0,3.0,5.0,4.0,aacbaabc
2010-06-01T00:00:00.000,4.0,0.0,0.0,0.0,0.0,0.0,8.0,3.0,4.0,1.0,4.0,1.0,0.0,2.0,6.0,2.0,2.0,0.0,0.0,3.0,0.0,9.0,9.0,4.0,bacbbbac
2010-06-02T00:00:00.000,4.0,0.0,0.0,0.0,0.0,0.0,12.0,10.0,4.0,3.0,1.0,1.0,0.0,2.0,3.0,1.0,3.0,0.0,5.0,3.0,4.0,17.0,11.0,9.0,aacaaabc
2010-06-03T00:00:00.000,0.0,0.0,0.0,0.0,0.0,0.0,6.0,15.0,5.0,3.0,4.0,0.0,0.0,0.0,0.0,1.0,1.0,0.0,5.0,0.0,5.0,11.0,7.0,9.0,aacbaabc
2010-06-04T00:00:00.000,0.0,0.0,0.0,0.0,0.0,2.0,9.0,15.0,12.0,0.0,3.0,3.0,2.0,0.0,1.0,0.0,3.0,2.0,2.0,1.0,7.0,1.0,2.0,0.0,aacbbbbb
2010-06-05T00:00:00.000,0.0,0.0,0.0,0.0,0.0,3.0,16.0,19.0,17.0,8.0,10.0,5.0,2.0,0.0,1.0,3.0,7.0,2.0,2.0,1.0,7.0,1.0,2.0,0.0,aaccabba
2010-06-06T00:00:00.000,0.0,0.0,0.0,0.0,0.0,1.0,8.0,12.0,15.0,16.0,19.0,5.0,0.0,1.0,2.0,8.0,4.0,6.0,0.0,1.0,6.0,7.0,0.0,0.0,aaccabbb
2010-06-07T00:00:00.000,0.0,0.0,0.0,0.0,0.0,1.0,9.0,10.0,11.0,12.0,16.0,3.0,3.0,1.0,4.0,8.0,1.0,8.0,0.0,5.0,7.0,14.0,1.0,0.0,aaccbbbb
2010-06-08T00:00:00.000,0.0,0.0,0.0,0.0,0.0,1.0,13.0,9.0,5.0,10.0,12.0,0.0,4.0,3.0,3.0,3.0,2.0,2.0,0.0,5.0,2.0,9.0,1.0,0.0,aaccbbbb
2010-06-09T00:00:00.000,0.0,0.0,0.0,0.0,0.0,0.0,8.0,8.0,9.0,15.0,16.0,2.0,2.0,3.0,2.0,4.0,2.0,2.0,1.0,5.0,7.0,9.0,0.0,0.0,aaccbbbb
2010-06-10T00:00:00.000,0.0,0.0,0.0,0.0,0.0,0.0,6.0,10.0,10.0,16.0,16.0,4.0,1.0,6.0,4.0,8.0,1.0,2.0,1.0,4.0,7.0,7.0,0.0,0.0,aaccbbbb
2010-06-11T00:00:00.000,0.0,0.0,0.0,0.0,0.0,0.0,3.0,13.0,16.0,10.0,7.0,2.0,0.0,7.0,8.0,11.0,3.0,6.0,0.0,1.0,0.0,0.0,0.0,0.0,aaccbcaa
2010-06-12T00:00:00.000,1.0,0.0,0.0,0.0,0.0,0.0,1.0,15.0,23.0,8.0,7.0,6.0,2.0,1.0,6.0,7.0,9.0,8.0,1.0,2.0,4.0,2.0,0.0,0.0,aaccbcba
2010-06-13T00:00:00.000,1.0,0.0,0.0,0.0,0.0,1.0,2.0,7.0,9.0,5.0,5.0,6.0,2.0,0.0,1.0,0.0,13.0,10.0,8.0,4.0,8.0,2.0,0.0,0.0,aaccacca
2010-06-14T00:00:00.000,0.0,0.0,0.0,0.0,0.0,3.0,13.0,13.0,4.0,1.0,0.0,8.0,3.0,4.0,0.0,4.0,7.0,10.0,7.0,6.0,7.0,8.0,4.0,0.0,aacbaccb
2010-06-15T00:00:00.000,0.0,0.0,0.0,0.0,0.0,4.0,20.0,13.0,4.0,3.0,1.0,8.0,3.0,4.0,0.0,4.0,0.0,3.0,0.0,4.0,13.0,12.0,4.0,0.0,aacbbbbb
2010-06-16T00:00:00.000,0.0,0.0,0.0,0.0,0.0,3.0,20.0,12.0,5.0,4.0,1.0,1.0,0.0,1.0,0.0,1.0,4.0,6.0,3.0,4.0,11.0,7.0,6.0,3.0,aacbabcb
2010-06-17T00:00:00.000,0.0,0.0,0.0,0.0,0.0,3.0,21.0,14.0,5.0,2.0,6.0,3.0,1.0,2.0,0.0,1.0,5.0,6.0,5.0,3.0,2.0,5.0,7.0,3.0,aacbabbb
2010-06-18T00:00:00.000,0.0,0.0,0.0,0.0,0.0,3.0,13.0,12.0,2.0,0.0,6.0,2.0,5.0,4.0,2.0,0.0,4.0,1.0,2.0,0.0,6.0,5.0,1.0,0.0,aacbbbbb
2010-06-19T00:00:00.000,0.0,0.0,0.0,0.0,0.0,1.0,5.0,15.0,14.0,7.0,4.0,2.0,5.0,3.0,3.0,0.0,3.0,0.0,0.0,0.0,13.0,7.0,3.0,0.0,aacbbabb
2010-06-20T00:00:00.000,0.0,0.0,0.0,0.0,0.0,0.0,7.0,17.0,14.0,10.0,10.0,3.0,5.0,3.0,3.0,4.0,3.0,1.0,3.0,3.0,13.0,5.0,3.0,0.0,aaccbbbb
2010-06-21T00:00:00.000,0.0,0.0,0.0,0.0,0.0,0.0,9.0,12.0,3.0,8.0,7.0,1.0,4.0,4.0,3.0,4.0,3.0,3.0,3.0,9.0,9.0,11.0,0.0,0.0,aacbbbcb
2010-06-22T00:00:00.000,0.0,0.0,0.0,0.0,0.0,0.0,8.0,1.0,2.0,5.0,1.0,0.0,6.0,7.0,1.0,0.0,0.0,2.0,1.0,11.0,6.0,12.0,0.0,0.0,aabbcacb
2010-06-23T00:00:00.000,0.0,0.0,0.0,0.0,0.0,2.0,16.0,9.0,2.0,1.0,2.0,0.0,6.0,8.0,1.0,4.0,4.0,1.0,2.0,5.0,2.0,2.0,0.0,0.0,aacacbba
2010-06-24T00:00:00.000,0.0,0.0,0.0,0.0,0.0,2.0,12.0,16.0,9.0,1.0,4.0,2.0,3.0,2.0,2.0,4.0,4.0,4.0,7.0,7.0,3.0,0.0,0.0,0.0,aacbbbca
2010-06-25T00:00:00.000,0.0,0.0,0.0,0.0,1.0,0.0,2.0,11.0,21.0,5.0,4.0,2.0,3.0,4.0,6.0,1.0,1.0,6.0,6.0,8.0,5.0,5.0,0.0,0.0,aacbbbca
2010-06-26T00:00:00.000,0.0,0.0,0.0,0.0,1.0,0.0,5.0,5.0,20.0,5.0,9.0,0.0,0.0,4.0,5.0,3.0,3.0,3.0,1.0,2.0,2.0,5.0,0.0,0.0,aacbbbbb
2010-06-27T00:00:00.000,0.0,0.0,0.0,0.0,0.0,0.0,5.0,4.0,9.0,5.0,12.0,1.0,0.0,0.0,0.0,2.0,7.0,7.0,1.0,8.0,0.0,2.0,5.0,5.0,aaccacbb
2010-06-28T00:00:00.000,0.0,0.0,0.0,0.0,0.0,0.0,5.0,9.0,4.0,7.0,8.0,1.0,0.0,6.0,0.0,0.0,5.0,8.0,9.0,7.0,2.0,4.0,11.0,5.0,aacbabcc
2010-06-29T00:00:00.000,0.0,0.0,0.0,0.0,0.0,0.0,6.0,17.0,9.0,4.0,10.0,1.0,5.0,7.0,2.0,2.0,0.0,1.0,9.0,0.0,2.0,4.0,11.0,0.0,aacbbabb
2010-06-30T00:00:00.000,0.0,0.0,0.0,0.0,0.0,0.0,4.0,12.0,13.0,4.0,8.0,4.0,7.0,5.0,2.0,4.0,4.0,2.0,1.0,0.0,0.0,2.0,8.0,5.0,aaccbbab
2010-07-01T00:00:00.000,2.0,0.0,0.0,0.0,0.0,0.0,5.0,10.0,11.0,10.0,1.0,3.0,2.0,4.0,0.0,2.0,4.0,2.0,1.0,0.0,0.0,0.0,3.0,5.0,aaccbbab
2010-07-02T00:00:00.000,2.0,0.0,0.0,0.0,0.0,0.0,3.0,9.0,5.0,8.0,0.0,0.0,0.0,0.0,0.0,0.0,0.0,0.0,0.0,0.0,0.0,0.0,0.0,0.0,baccaaaa
2010-07-04T00:00:00.000,0.0,0.0,0.0,0.0,0.0,0.0,3.0,5.0,4.0,2.0,0.0,0.0,0.0,0.0,0.0,0.0,0.0,2.0,6.0,6.0,3.0,0.0,0.0,0.0,aacbabca
2010-07-05T00:00:00.000,0.0,0.0,0.0,0.0,0.0,0.0,5.0,11.0,9.0,5.0,6.0,5.0,4.0,3.0,5.0,7.0,6.0,7.0,6.0,6.0,3.0,6.0,4.0,1.0,aacbbcbb
2010-07-06T00:00:00.000,0.0,0.0,0.0,0.0,0.0,0.0,6.0,6.0,5.0,3.0,6.0,5.0,4.0,4.0,5.0,7.0,6.0,5.0,6.0,1.0,11.0,10.0,4.0,1.0,aacbbccb
2010-07-07T00:00:00.000,0.0,0.0,0.0,0.0,0.0,0.0,7.0,6.0,6.0,7.0,5.0,0.0,0.0,1.0,1.0,0.0,1.0,2.0,8.0,5.0,11.0,6.0,5.0,0.0,aacbaacb
2010-07-08T00:00:00.000,0.0,0.0,0.0,0.0,0.0,0.0,6.0,16.0,14.0,9.0,8.0,2.0,3.0,7.0,3.0,0.0,1.0,2.0,2.0,4.0,0.0,2.0,5.0,3.0,aaccbabb
2010-07-09T00:00:00.000,0.0,0.0,0.0,0.0,0.0,0.0,4.0,17.0,12.0,8.0,5.0,5.0,4.0,8.0,2.0,2.0,0.0,3.0,5.0,5.0,0.0,0.0,0.0,3.0,aaccbbba
2010-07-10T00:00:00.000,0.0,0.0,0.0,0.0,0.0,0.0,2.0,16.0,12.0,11.0,8.0,4.0,1.0,1.0,0.0,2.0,0.0,3.0,5.0,8.0,5.0,0.0,0.0,0.0,aaccabca
2010-07-11T00:00:00.000,0.0,0.0,0.0,0.0,0.0,0.0,4.0,14.0,19.0,10.0,8.0,2.0,0.0,1.0,3.0,1.0,0.0,0.0,2.0,4.0,8.0,2.0,0.0,0.0,aaccbaba
2010-07-12T00:00:00.000,0.0,0.0,0.0,0.0,0.0,0.0,11.0,19.0,11.0,9.0,2.0,1.0,0.0,6.0,9.0,3.0,1.0,4.0,5.0,2.0,5.0,6.0,9.0,0.0,aacbbbbb
2010-07-13T00:00:00.000,0.0,0.0,0.0,0.0,0.0,0.0,8.0,16.0,14.0,9.0,3.0,5.0,0.0,5.0,6.0,3.0,1.0,10.0,9.0,4.0,4.0,4.0,9.0,0.0,aacbbbbb
2010-07-14T00:00:00.000,0.0,0.0,0.0,0.0,0.0,0.0,2.0,9.0,16.0,6.0,4.0,6.0,0.0,0.0,0.0,4.0,0.0,7.0,11.0,5.0,14.0,1.0,4.0,0.0,aacbabcb
2010-07-15T00:00:00.000,0.0,0.0,0.0,0.0,0.0,0.0,5.0,11.0,3.0,3.0,7.0,3.0,3.0,3.0,1.0,3.0,1.0,1.0,5.0,2.0,12.0,1.0,6.0,2.0,aacbbbcb
2010-07-16T00:00:00.000,0.0,0.0,0.0,0.0,0.0,0.0,13.0,8.0,2.0,8.0,10.0,10.0,11.0,3.0,8.0,0.0,3.0,5.0,1.0,6.0,0.0,0.0,2.0,2.0,aacccbba
2010-07-17T00:00:00.000,0.0,0.0,0.0,0.0,0.0,0.0,15.0,13.0,14.0,9.0,4.0,8.0,9.0,0.0,7.0,1.0,8.0,13.0,3.0,11.0,2.0,2.0,2.0,3.0,aacbbbba
2010-07-18T00:00:00.000,0.0,0.0,0.0,0.0,0.0,0.0,16.0,14.0,15.0,3.0,3.0,3.0,3.0,7.0,5.0,1.0,6.0,9.0,9.0,6.0,4.0,2.0,2.0,3.0,aacbbbba
2010-07-19T00:00:00.000,0.0,0.0,0.0,0.0,0.0,2.0,24.0,8.0,7.0,1.0,3.0,3.0,3.0,11.0,7.0,5.0,3.0,1.0,11.0,6.0,6.0,9.0,4.0,0.0,aacabbcb
2010-07-20T00:00:00.000,0.0,0.0,0.0,0.0,0.0,7.0,16.0,3.0,5.0,1.0,0.0,0.0,2.0,4.0,2.0,5.0,3.0,1.0,4.0,5.0,4.0,9.0,4.0,0.0,abcabbbb
2010-07-21T00:00:00.000,6.0,6.0,0.0,0.0,0.0,5.0,5.0,12.0,10.0,5.0,4.0,6.0,4.0,0.0,0.0,5.0,2.0,6.0,3.0,4.0,3.0,5.0,2.0,0.0,bacbabba
2010-07-22T00:00:00.000,6.0,6.0,0.0,0.0,0.0,0.0,4.0,23.0,12.0,11.0,9.0,6.0,3.0,0.0,3.0,5.0,2.0,5.0,3.0,4.0,3.0,5.0,2.0,0.0,baccabba
2010-07-23T00:00:00.000,0.0,0.0,0.0,0.0,0.0,0.0,4.0,20.0,5.0,13.0,9.0,2.0,2.0,3.0,4.0,6.0,2.0,1.0,4.0,5.0,1.0,0.0,0.0,0.0,aaccbbba
2010-07-24T00:00:00.000,0.0,0.0,0.0,0.0,0.0,0.0,7.0,16.0,8.0,19.0,4.0,4.0,2.0,4.0,1.0,6.0,2.0,1.0,4.0,5.0,1.0,2.0,2.0,1.0,aaccbbbb
2010-07-25T00:00:00.000,0.0,0.0,0.0,0.0,0.0,0.0,9.0,16.0,8.0,19.0,0.0,3.0,3.0,2.0,0.0,2.0,1.0,2.0,2.0,4.0,1.0,3.0,2.0,1.0,aaccbbbb
2010-07-26T00:00:00.000,1.0,0.0,0.0,0.0,0.0,0.0,8.0,15.0,5.0,7.0,0.0,2.0,3.0,1.0,0.0,3.0,5.0,6.0,2.0,4.0,1.0,1.0,1.0,2.0,aacbbcbb
2010-07-27T00:00:00.000,1.0,0.0,0.0,0.0,0.0,0.0,5.0,8.0,12.0,8.0,2.0,3.0,3.0,0.0,0.0,1.0,4.0,7.0,5.0,8.0,2.0,3.0,2.0,2.0,aacbabcb
2010-07-28T00:00:00.000,0.0,0.0,0.0,0.0,0.0,0.0,5.0,10.0,24.0,9.0,3.0,6.0,8.0,1.0,0.0,0.0,1.0,6.0,6.0,8.0,2.0,7.0,1.0,0.0,aacbbbbb
2010-07-29T00:00:00.000,0.0,0.0,0.0,0.0,0.0,1.0,14.0,13.0,26.0,2.0,4.0,10.0,5.0,4.0,2.0,0.0,4.0,3.0,1.0,0.0,0.0,4.0,2.0,7.0,aacbbbab
2010-07-30T00:00:00.000,0.0,0.0,0.0,0.0,0.0,1.0,13.0,9.0,14.0,1.0,4.0,6.0,1.0,4.0,2.0,7.0,7.0,4.0,2.0,0.0,0.0,0.0,2.0,7.0,aacbbcab
2010-07-31T00:00:00.000,3.0,1.0,0.0,0.0,0.0,0.0,4.0,13.0,11.0,11.0,7.0,7.0,1.0,1.0,0.0,7.0,5.0,4.0,2.0,1.0,0.0,5.0,2.0,1.0,aaccacab
2010-08-01T00:00:00.000,3.0,1.0,0.0,0.0,0.0,0.0,4.0,11.0,10.0,12.0,11.0,8.0,2.0,0.0,0.0,0.0,2.0,2.0,4.0,7.0,1.0,6.0,2.0,1.0,aaccaabb
2010-08-02T00:00:00.000,0.0,0.0,0.0,0.0,0.0,1.0,6.0,3.0,5.0,7.0,10.0,13.0,6.0,6.0,8.0,4.0,4.0,5.0,4.0,11.0,4.0,8.0,6.0,4.0,aabccbbb
2010-08-03T00:00:00.000,0.0,0.0,0.0,0.0,0.0,2.0,7.0,1.0,4.0,6.0,5.0,12.0,4.0,6.0,8.0,4.0,3.0,3.0,0.0,5.0,3.0,8.0,8.0,4.0,aabccbbc
2010-08-04T00:00:00.000,1.0,0.0,0.0,0.0,0.0,1.0,8.0,9.0,2.0,2.0,1.0,3.0,0.0,5.0,3.0,1.0,1.0,6.0,4.0,10.0,10.0,1.0,2.0,0.0,aacbbbca
2010-08-05T00:00:00.000,1.0,0.0,0.0,0.0,0.0,2.0,10.0,15.0,6.0,7.0,1.0,5.0,4.0,5.0,4.0,2.0,4.0,10.0,4.0,10.0,10.0,7.0,1.0,0.0,aacbbbca
2010-08-06T00:00:00.000,0.0,0.0,0.0,0.0,0.0,2.0,7.0,6.0,8.0,8.0,3.0,4.0,6.0,1.0,1.0,5.0,3.0,4.0,0.0,2.0,0.0,8.0,1.0,0.0,aaccbbab
2010-08-07T00:00:00.000,0.0,0.0,0.0,0.0,0.0,0.0,1.0,11.0,11.0,4.0,5.0,2.0,7.0,1.0,6.0,6.0,0.0,0.0,0.0,2.0,0.0,1.0,0.0,0.0,aacbcbaa
2010-08-08T00:00:00.000,0.0,0.0,0.0,0.0,0.0,0.0,9.0,15.0,9.0,2.0,6.0,0.0,5.0,1.0,7.0,3.0,1.0,0.0,0.0,2.0,3.0,2.0,0.0,0.0,aacbbbba
2010-08-09T00:00:00.000,0.0,0.0,0.0,0.0,0.0,2.0,17.0,7.0,3.0,1.0,6.0,0.0,1.0,1.0,2.0,9.0,4.0,2.0,2.0,2.0,4.0,9.0,1.0,1.0,aacbacbb
2010-08-10T00:00:00.000,0.0,0.0,0.0,0.0,0.0,2.0,9.0,12.0,5.0,0.0,2.0,0.0,1.0,0.0,2.0,8.0,3.0,8.0,4.0,6.0,5.0,13.0,1.0,1.0,aacaacbb
2010-08-11T00:00:00.000,0.0,0.0,0.0,0.0,0.0,0.0,9.0,16.0,18.0,6.0,1.0,0.0,1.0,2.0,1.0,2.0,0.0,11.0,7.0,8.0,4.0,6.0,2.0,4.0,aacbabcb
2010-08-12T00:00:00.000,0.0,0.0,0.0,0.0,0.0,0.0,12.0,17.0,25.0,9.0,5.0,7.0,1.0,5.0,4.0,5.0,0.0,6.0,5.0,2.0,0.0,1.0,2.0,4.0,aacbbbbb
2010-08-13T00:00:00.000,0.0,0.0,0.0,0.0,0.0,8.0,10.0,18.0,22.0,8.0,4.0,7.0,0.0,3.0,4.0,3.0,0.0,1.0,1.0,0.0,2.0,1.0,0.0,0.0,abcbbbaa
2010-08-14T00:00:00.000,0.0,0.0,0.0,0.0,0.0,10.0,13.0,12.0,17.0,6.0,3.0,1.0,0.0,0.0,0.0,0.0,2.0,6.0,4.0,0.0,2.0,2.0,2.0,0.0,abcbabbb
2010-08-15T00:00:00.000,0.0,0.0,0.0,0.0,0.0,2.0,9.0,6.0,7.0,1.0,3.0,7.0,3.0,6.0,10.0,2.0,8.0,9.0,13.0,3.0,4.0,7.0,3.0,0.0,aacbcccb
2010-08-16T00:00:00.000,0.0,0.0,0.0,0.0,0.0,3.0,8.0,10.0,9.0,1.0,0.0,12.0,9.0,17.0,16.0,4.0,10.0,4.0,10.0,5.0,6.0,7.0,5.0,4.0,aacbcbbb
2010-08-17T00:00:00.000,1.0,0.0,0.0,0.0,0.0,3.0,10.0,16.0,11.0,2.0,0.0,11.0,9.0,11.0,10.0,12.0,7.0,2.0,4.0,5.0,3.0,3.0,9.0,6.0,aacbcbbb
2010-08-18T00:00:00.000,1.0,0.0,0.0,0.0,0.0,0.0,9.0,9.0,3.0,4.0,5.0,8.0,7.0,7.0,7.0,14.0,11.0,12.0,11.0,14.0,6.0,9.0,8.0,2.0,aabbbccb
2010-08-19T00:00:00.000,0.0,0.0,0.0,0.0,0.0,1.0,14.0,8.0,6.0,6.0,6.0,3.0,4.0,7.0,4.0,6.0,10.0,11.0,7.0,11.0,5.0,8.0,6.0,0.0,aacbbccb
2010-08-20T00:00:00.000,0.0,0.0,0.0,0.0,0.0,1.0,12.0,13.0,9.0,3.0,1.0,0.0,1.0,0.0,1.0,4.0,5.0,0.0,0.0,0.0,0.0,0.0,3.0,0.0,aacbbbab
2010-08-21T00:00:00.000,0.0,0.0,0.0,0.0,0.0,0.0,6.0,15.0,12.0,6.0,1.0,4.0,1.0,3.0,0.0,2.0,8.0,2.0,5.0,2.0,3.0,2.0,0.0,0.0,aacbbbba
2010-08-22T00:00:00.000,0.0,0.0,0.0,0.0,0.0,0.0,8.0,13.0,12.0,11.0,5.0,6.0,9.0,6.0,3.0,1.0,5.0,2.0,5.0,2.0,7.0,11.0,5.0,0.0,aaccbabb
2010-08-23T00:00:00.000,0.0,0.0,0.0,0.0,0.0,6.0,16.0,4.0,3.0,5.0,4.0,2.0,9.0,4.0,3.0,1.0,0.0,0.0,0.0,0.0,4.0,13.0,5.0,0.0,abcbcaac
2010-08-24T00:00:00.000,0.0,0.0,0.0,0.0,0.0,6.0,18.0,2.0,5.0,6.0,11.0,6.0,4.0,7.0,12.0,9.0,11.0,4.0,0.0,6.0,4.0,5.0,2.0,7.0,aaccccbb
2010-08-25T00:00:00.000,0.0,0.0,0.0,0.0,0.0,1.0,13.0,6.0,11.0,9.0,12.0,6.0,5.0,13.0,17.0,13.0,18.0,14.0,5.0,6.0,4.0,4.0,3.0,7.0,aacbccbb
2010-08-26T00:00:00.000,0.0,0.0,0.0,0.0,0.0,5.0,20.0,7.0,12.0,4.0,4.0,0.0,5.0,9.0,5.0,4.0,7.0,10.0,5.0,0.0,0.0,3.0,1.0,0.0,aacbccaa
2010-08-27T00:00:00.000,0.0,0.0,0.0,0.0,0.0,4.0,14.0,3.0,10.0,2.0,3.0,0.0,4.0,2.0,0.0,0.0,4.0,10.0,5.0,2.0,0.0,0.0,0.0,0.0,abcbbcba
2010-08-28T00:00:00.000,0.0,0.0,0.0,0.0,0.0,1.0,8.0,4.0,12.0,2.0,1.0,0.0,0.0,7.0,0.0,0.0,4.0,10.0,12.0,4.0,0.0,0.0,0.0,0.0,aacbbcca
2010-08-29T00:00:00.000,0.0,0.0,0.0,0.0,0.0,1.0,9.0,5.0,12.0,1.0,9.0,3.0,0.0,9.0,1.0,0.0,0.0,1.0,7.0,2.0,7.0,5.0,0.0,2.0,aacbbacb
2010-08-30T00:00:00.000,0.0,0.0,0.0,0.0,0.0,1.0,1.0,2.0,4.0,1.0,13.0,4.0,5.0,3.0,1.0,0.0,0.0,2.0,3.0,5.0,11.0,7.0,0.0,2.0,aabcbacb
2010-08-31T00:00:00.000,0.0,0.0,0.0,0.0,0.0,3.0,6.0,3.0,7.0,9.0,14.0,12.0,10.0,9.0,2.0,8.0,0.0,1.0,3.0,5.0,7.0,2.0,0.0,0.0,aabccbba
2010-09-01T00:00:00.000,0.0,0.0,0.0,0.0,0.0,2.0,7.0,7.0,9.0,8.0,10.0,13.0,8.0,10.0,9.0,12.0,6.0,2.0,3.0,5.0,4.0,2.0,3.0,0.0,aacccbba
2010-09-02T00:00:00.000,0.0,0.0,0.0,0.0,0.0,0.0,5.0,6.0,16.0,2.0,2.0,2.0,8.0,11.0,12.0,7.0,6.0,5.0,9.0,7.0,1.0,4.0,3.0,0.0,aacacbba
2010-09-03T00:00:00.000,0.0,0.0,0.0,0.0,0.0,1.0,14.0,9.0,17.0,4.0,5.0,0.0,5.0,9.0,5.0,6.0,0.0,3.0,6.0,5.0,2.0,2.0,0.0,0.0,aacbcbba
2010-09-04T00:00:00.000,0.0,0.0,0.0,0.0,0.0,1.0,18.0,15.0,8.0,5.0,6.0,5.0,3.0,6.0,0.0,3.0,0.0,0.0,0.0,3.0,9.0,5.0,0.0,0.0,aacbbabb
2010-09-05T00:00:00.000,0.0,0.0,0.0,0.0,0.0,0.0,12.0,11.0,12.0,15.0,6.0,10.0,3.0,10.0,1.0,2.0,8.0,6.0,2.0,3.0,9.0,5.0,0.0,1.0,aaccbbba
2010-09-06T00:00:00.000,3.0,0.0,0.0,0.0,0.0,1.0,10.0,14.0,15.0,17.0,5.0,5.0,2.0,4.0,4.0,2.0,13.0,11.0,3.0,3.0,10.0,5.0,2.0,1.0,aaccbcba
2010-09-07T00:00:00.000,3.0,0.0,0.0,0.0,0.0,6.0,15.0,13.0,8.0,12.0,4.0,8.0,2.0,3.0,4.0,0.0,5.0,5.0,4.0,0.0,8.0,6.0,2.0,0.0,aaccbbbb
2010-09-08T00:00:00.000,0.0,0.0,0.0,0.0,0.0,5.0,11.0,6.0,5.0,15.0,15.0,14.0,4.0,5.0,1.0,4.0,0.0,3.0,7.0,9.0,3.0,6.0,1.0,0.0,aaccbaba
2010-09-09T00:00:00.000,0.0,0.0,0.0,0.0,0.0,3.0,4.0,11.0,8.0,11.0,13.0,9.0,7.0,5.0,3.0,6.0,5.0,3.0,4.0,13.0,4.0,6.0,4.0,0.0,aaccbbcb
2010-09-10T00:00:00.000,0.0,0.0,0.0,0.0,0.0,4.0,3.0,14.0,3.0,5.0,4.0,3.0,3.0,3.0,4.0,3.0,9.0,3.0,2.0,4.0,1.0,1.0,3.0,0.0,aacbbcba
2010-09-11T00:00:00.000,0.0,0.0,0.0,0.0,0.0,4.0,9.0,9.0,2.0,7.0,4.0,0.0,0.0,3.0,5.0,6.0,7.0,7.0,4.0,3.0,0.0,3.0,7.0,0.0,aacbbcbb
2010-09-12T00:00:00.000,0.0,0.0,0.0,0.0,0.0,7.0,15.0,9.0,12.0,10.0,2.0,0.0,0.0,6.0,7.0,6.0,5.0,5.0,7.0,11.0,0.0,4.0,7.0,0.0,aacbbbbb
2010-09-13T00:00:00.000,0.0,0.0,0.0,0.0,0.0,7.0,14.0,17.0,17.0,6.0,10.0,11.0,10.0,12.0,7.0,2.0,11.0,8.0,7.0,14.0,2.0,3.0,1.0,0.0,aacbcbba
2010-09-14T00:00:00.000,0.0,0.0,0.0,0.0,0.0,5.0,10.0,15.0,12.0,5.0,13.0,16.0,17.0,11.0,13.0,3.0,9.0,13.0,5.0,6.0,2.0,2.0,5.0,0.0,aacccbba
2010-09-15T00:00:00.000,0.0,0.0,0.0,0.0,0.0,14.0,11.0,6.0,7.0,4.0,5.0,5.0,10.0,6.0,10.0,3.0,2.0,11.0,3.0,0.0,0.0,0.0,4.0,1.0,abcbcbaa
2010-09-16T00:00:00.000,0.0,0.0,0.0,0.0,0.0,17.0,25.0,3.0,2.0,1.0,11.0,0.0,3.0,4.0,1.0,1.0,2.0,5.0,0.0,0.0,0.0,0.0,0.0,1.0,abcbbbaa
2010-09-17T00:00:00.000,0.0,0.0,0.0,0.0,0.0,5.0,17.0,4.0,6.0,1.0,10.0,0.0,0.0,0.0,0.0,0.0,0.0,0.0,0.0,0.0,0.0,0.0,0.0,0.0,abccaaaa
2010-09-18T00:00:00.000,0.0,0.0,0.0,0.0,0.0,0.0,0.0,3.0,6.0,0.0,0.0,0.0,0.0,0.0,0.0,0.0,0.0,0.0,0.0,1.0,3.0,0.0,0.0,0.0,bbcbbbcb
2010-09-19T00:00:00.000,0.0,0.0,0.0,0.0,0.0,0.0,0.0,0.0,4.0,5.0,0.0,2.0,0.0,0.0,0.0,0.0,0.0,0.0,0.0,4.0,3.0,0.0,0.0,0.0,aabcaaca
2010-09-20T00:00:00.000,0.0,0.0,0.0,0.0,0.0,0.0,3.0,9.0,8.0,14.0,1.0,7.0,4.0,0.0,0.0,0.0,0.0,0.0,0.0,4.0,5.0,6.0,0.0,0.0,aaccbabb
2010-09-21T00:00:00.000,0.0,0.0,0.0,0.0,0.0,0.0,3.0,21.0,15.0,13.0,3.0,6.0,4.0,0.0,0.0,0.0,10.0,0.0,0.0,1.0,5.0,6.0,0.0,0.0,aaccbbbb
2010-09-22T00:00:00.000,0.0,0.0,0.0,0.0,0.0,0.0,7.0,23.0,23.0,5.0,4.0,2.0,0.0,0.0,0.0,0.0,10.0,0.0,0.0,0.0,1.0,0.0,0.0,0.0,aacbabba
2010-09-23T00:00:00.000,0.0,0.0,0.0,0.0,0.0,0.0,7.0,20.0,15.0,1.0,2.0,1.0,0.0,0.0,0.0,0.0,1.0,9.0,8.0,12.0,7.0,9.0,2.0,3.0,aacaabcb
2010-09-24T00:00:00.000,0.0,0.0,0.0,0.0,0.0,0.0,3.0,13.0,8.0,5.0,0.0,1.0,2.0,4.0,4.0,3.0,4.0,12.0,10.0,14.0,6.0,9.0,2.0,3.0,aacabccb
2010-09-25T00:00:00.000,0.0,0.0,0.0,0.0,0.0,0.0,12.0,7.0,10.0,11.0,1.0,1.0,6.0,7.0,4.0,3.0,6.0,4.0,2.0,3.0,6.0,0.0,1.0,0.0,aacbcbba
2010-09-26T00:00:00.000,0.0,0.0,0.0,0.0,0.0,0.0,14.0,11.0,11.0,11.0,7.0,13.0,4.0,6.0,1.0,4.0,5.0,6.0,1.0,8.0,8.0,6.0,3.0,0.0,aaccbbbb
2010-09-27T00:00:00.000,0.0,0.0,0.0,0.0,0.0,1.0,14.0,12.0,9.0,16.0,12.0,15.0,6.0,20.0,8.0,15.0,9.0,10.0,7.0,9.0,8.0,10.0,2.0,0.0,aaccccba
2010-09-28T00:00:00.000,0.0,0.0,0.0,0.0,0.0,11.0,13.0,4.0,3.0,11.0,6.0,2.0,8.0,17.0,7.0,11.0,7.0,5.0,6.0,2.0,6.0,4.0,0.0,2.0,abbbccba
2010-09-29T00:00:00.000,0.0,0.0,0.0,0.0,0.0,10.0,8.0,4.0,10.0,7.0,8.0,5.0,8.0,7.0,9.0,6.0,2.0,7.0,1.0,4.0,5.0,0.0,0.0,2.0,abcccbba
2010-09-30T00:00:00.000,0.0,0.0,0.0,0.0,0.0,1.0,10.0,7.0,21.0,16.0,8.0,9.0,7.0,11.0,10.0,6.0,6.0,9.0,9.0,5.0,5.0,0.0,0.0,0.0,aacccbba
2010-10-01T00:00:00.000,0.0,0.0,0.0,0.0,0.0,3.0,8.0,7.0,16.0,9.0,2.0,5.0,1.0,9.0,3.0,4.0,4.0,2.0,9.0,1.0,4.0,0.0,3.0,0.0,aacbbbba
2010-10-02T00:00:00.000,0.0,0.0,0.0,0.0,0.0,2.0,11.0,12.0,11.0,6.0,2.0,1.0,0.0,5.0,2.0,4.0,0.0,0.0,1.0,0.0,4.0,2.0,6.0,3.0,aacbbabb
2010-10-03T00:00:00.000,0.0,0.0,0.0,0.0,0.0,0.0,14.0,11.0,14.0,16.0,8.0,13.0,12.0,12.0,9.0,3.0,2.0,10.0,7.0,7.0,4.0,7.0,14.0,5.0,aacccbbb
2010-10-04T00:00:00.000,0.0,0.0,0.0,0.0,0.0,3.0,13.0,5.0,12.0,15.0,18.0,17.0,15.0,13.0,10.0,3.0,2.0,10.0,12.0,14.0,11.0,9.0,13.0,2.0,aabccacb
2010-10-05T00:00:00.000,0.0,0.0,0.0,0.0,0.0,9.0,12.0,3.0,17.0,13.0,14.0,11.0,6.0,4.0,1.0,0.0,9.0,11.0,15.0,8.0,9.0,6.0,2.0,0.0,aaccabca
2010-10-06T00:00:00.000,0.0,0.0,0.0,0.0,0.0,11.0,13.0,8.0,18.0,10.0,4.0,10.0,6.0,8.0,5.0,4.0,11.0,18.0,10.0,1.0,2.0,3.0,6.0,0.0,aacbbcba
2010-10-07T00:00:00.000,0.0,0.0,0.0,0.0,0.0,14.0,13.0,15.0,18.0,4.0,2.0,4.0,5.0,6.0,9.0,9.0,2.0,7.0,0.0,0.0,4.0,1.0,6.0,0.0,abcbbbaa
2010-10-08T00:00:00.000,0.0,0.0,0.0,0.0,0.0,9.0,4.0,8.0,13.0,2.0,2.0,2.0,11.0,9.0,13.0,5.0,0.0,3.0,12.0,1.0,4.0,0.0,0.0,0.0,abcacbba
2010-10-09T00:00:00.000,0.0,0.0,0.0,0.0,0.0,3.0,9.0,17.0,2.0,1.0,0.0,1.0,9.0,8.0,9.0,0.0,3.0,11.0,16.0,3.0,0.0,2.0,0.0,0.0,aacacbca
2010-10-10T00:00:00.000,0.0,0.0,0.0,0.0,0.0,7.0,17.0,19.0,13.0,1.0,0.0,5.0,2.0,1.0,5.0,2.0,12.0,8.0,4.0,2.0,1.0,2.0,0.0,0.0,abcbbcba
2010-10-11T00:00:00.000,0.0,0.0,0.0,0.0,0.0,11.0,10.0,6.0,14.0,3.0,9.0,9.0,3.0,5.0,7.0,11.0,15.0,5.0,0.0,1.0,2.0,1.0,1.0,0.0,abccbcaa
2010-10-12T00:00:00.000,0.0,0.0,0.0,0.0,1.0,15.0,7.0,4.0,3.0,4.0,9.0,4.0,1.0,4.0,2.0,9.0,6.0,5.0,5.0,1.0,1.0,3.0,9.0,4.0,abbcacab
2010-10-13T00:00:00.000,0.0,0.0,0.0,0.0,1.0,12.0,6.0,5.0,7.0,8.0,1.0,7.0,1.0,0.0,4.0,6.0,1.0,1.0,10.0,1.0,0.0,2.0,8.0,4.0,abccabbb
2010-10-14T00:00:00.000,0.0,0.0,0.0,0.0,0.0,9.0,4.0,14.0,8.0,7.0,3.0,8.0,2.0,0.0,10.0,9.0,5.0,5.0,5.0,1.0,2.0,0.0,0.0,0.0,abccbcba
2010-10-15T00:00:00.000,0.0,0.0,0.0,0.0,0.0,10.0,10.0,13.0,2.0,0.0,2.0,1.0,1.0,5.0,6.0,6.0,6.0,5.0,0.0,0.0,2.0,0.0,0.0,0.0,abcabcaa
2010-10-16T00:00:00.000,0.0,0.0,0.0,0.0,0.0,5.0,13.0,6.0,6.0,4.0,2.0,2.0,3.0,5.0,0.0,3.0,2.0,1.0,3.0,0.0,0.0,0.0,0.0,2.0,abcbbbaa
2010-10-17T00:00:00.000,0.0,0.0,0.0,0.0,0.0,5.0,10.0,10.0,6.0,8.0,5.0,7.0,14.0,7.0,4.0,3.0,2.0,2.0,5.0,0.0,1.0,0.0,3.0,2.0,aacccbaa
2010-10-18T00:00:00.000,0.0,0.0,0.0,0.0,0.0,5.0,9.0,14.0,1.0,7.0,9.0,14.0,13.0,8.0,6.0,9.0,3.0,8.0,2.0,1.0,2.0,0.0,3.0,0.0,aacccbaa
2010-10-19T00:00:00.000,0.0,0.0,0.0,0.0,0.0,8.0,12.0,6.0,0.0,3.0,8.0,9.0,2.0,1.0,2.0,6.0,1.0,6.0,0.0,1.0,1.0,4.0,3.0,1.0,abccbbab
2010-10-20T00:00:00.000,0.0,0.0,0.0,0.0,0.0,8.0,10.0,2.0,1.0,0.0,5.0,1.0,6.0,4.0,2.0,2.0,0.0,4.0,3.0,2.0,4.0,12.0,3.0,1.0,abbbbbbc
2010-10-21T00:00:00.000,0.0,0.0,0.0,0.0,0.0,9.0,10.0,4.0,7.0,1.0,5.0,4.0,6.0,5.0,3.0,3.0,0.0,9.0,4.0,3.0,10.0,8.0,0.0,0.0,abcbbbcb
2010-10-22T00:00:00.000,0.0,0.0,0.0,0.0,0.0,12.0,12.0,7.0,7.0,3.0,4.0,3.0,0.0,1.0,4.0,3.0,0.0,5.0,1.0,1.0,6.0,0.0,2.0,5.0,abcbbbbb
2010-10-23T00:00:00.000,0.0,0.0,0.0,0.0,0.0,3.0,7.0,9.0,4.0,2.0,10.0,0.0,2.0,11.0,13.0,6.0,1.0,3.0,2.0,0.0,1.0,0.0,3.0,5.0,aacbcbab
2010-10-24T00:00:00.000,0.0,0.0,0.0,0.0,0.0,6.0,2.0,9.0,5.0,5.0,11.0,4.0,3.0,20.0,22.0,4.0,2.0,10.0,5.0,0.0,8.0,10.0,11.0,9.0,aabbcbbc
2010-10-25T00:00:00.000,0.0,0.0,0.0,0.0,0.0,10.0,11.0,9.0,5.0,8.0,3.0,6.0,6.0,13.0,13.0,1.0,5.0,10.0,3.0,1.0,10.0,10.0,10.0,9.0,aacbcbbc
2010-10-26T00:00:00.000,0.0,0.0,0.0,0.0,0.0,10.0,13.0,6.0,7.0,9.0,3.0,3.0,5.0,4.0,2.0,1.0,5.0,3.0,2.0,1.0,10.0,7.0,5.0,0.0,abcbbbbb
2010-10-27T00:00:00.000,0.0,0.0,0.0,0.0,0.0,6.0,7.0,4.0,9.0,8.0,3.0,2.0,0.0,0.0,2.0,2.0,4.0,0.0,4.0,2.0,12.0,11.0,5.0,1.0,abcbabcc
2010-10-28T00:00:00.000,0.0,0.0,0.0,0.0,0.0,6.0,9.0,4.0,12.0,7.0,3.0,6.0,8.0,8.0,6.0,6.0,6.0,0.0,2.0,2.0,6.0,4.0,0.0,1.0,aacbcbba
2010-10-29T00:00:00.000,0.0,0.0,0.0,0.0,0.0,6.0,11.0,7.0,7.0,5.0,3.0,6.0,10.0,11.0,12.0,4.0,3.0,0.0,1.0,0.0,1.0,0.0,0.0,0.0,abcbcbaa
2010-10-30T00:00:00.000,0.0,0.0,0.0,0.0,0.0,10.0,16.0,12.0,3.0,10.0,0.0,2.0,4.0,7.0,7.0,0.0,1.0,0.0,1.0,5.0,3.0,0.0,0.0,1.0,abcbcaba
2010-10-31T00:00:00.000,0.0,0.0,0.0,0.0,0.0,11.0,14.0,14.0,12.0,22.0,3.0,4.0,2.0,12.0,5.0,4.0,9.0,2.0,2.0,17.0,5.0,1.0,6.0,1.0,abccbbba
2010-11-01T00:00:00.000,0.0,0.0,0.0,0.0,0.0,2.0,7.0,13.0,11.0,17.0,8.0,4.0,0.0,11.0,7.0,5.0,13.0,2.0,2.0,14.0,9.0,1.0,6.0,0.0,aaccbbca
2010-11-02T00:00:00.000,0.0,0.0,0.0,0.0,0.0,2.0,7.0,9.0,12.0,9.0,8.0,2.0,0.0,6.0,3.0,3.0,8.0,4.0,5.0,5.0,9.0,1.0,2.0,0.0,aaccbbca
2010-11-03T00:00:00.000,0.0,0.0,9.0,1.0,0.0,3.0,8.0,5.0,14.0,4.0,4.0,2.0,9.0,7.0,9.0,8.0,8.0,13.0,8.0,5.0,2.0,1.0,2.0,0.0,aacbccba
2010-11-04T00:00:00.000,0.0,0.0,9.0,1.0,0.0,5.0,4.0,8.0,7.0,1.0,3.0,4.0,18.0,4.0,11.0,11.0,6.0,13.0,14.0,6.0,8.0,6.0,3.0,0.0,aabaccca
2010-11-05T00:00:00.000,0.0,0.0,0.0,0.0,0.0,5.0,2.0,9.0,5.0,1.0,4.0,3.0,9.0,1.0,3.0,5.0,2.0,6.0,11.0,4.0,8.0,6.0,3.0,0.0,aacbbbcb
2010-11-06T00:00:00.000,0.0,1.0,0.0,0.0,0.0,4.0,6.0,5.0,5.0,3.0,7.0,0.0,0.0,4.0,1.0,0.0,1.0,2.0,0.0,0.0,0.0,0.0,2.0,1.0,abccbbab
2010-11-07T00:00:00.000,1.0,7.0,0.0,0.0,0.0,5.0,7.0,8.0,9.0,8.0,5.0,2.0,2.0,6.0,2.0,1.0,1.0,2.0,6.0,2.0,1.0,0.0,2.0,1.0,baccbaba
2010-11-08T00:00:00.000,1.0,6.0,0.0,0.0,0.0,8.0,3.0,6.0,8.0,11.0,5.0,8.0,3.0,9.0,5.0,3.0,1.0,5.0,15.0,2.0,2.0,0.0,0.0,0.0,abbcbbca
2010-11-09T00:00:00.000,0.0,0.0,0.0,0.0,2.0,17.0,5.0,1.0,6.0,11.0,8.0,8.0,4.0,6.0,7.0,3.0,3.0,8.0,9.0,0.0,1.0,1.0,0.0,0.0,acbcbbba
2010-11-10T00:00:00.000,0.0,0.0,0.0,0.0,2.0,18.0,8.0,7.0,7.0,5.0,3.0,6.0,8.0,4.0,11.0,8.0,11.0,15.0,6.0,4.0,1.0,4.0,4.0,0.0,abbbccba
2010-11-11T00:00:00.000,0.0,0.0,0.0,0.0,1.0,10.0,9.0,13.0,8.0,2.0,0.0,16.0,8.0,10.0,10.0,8.0,11.0,12.0,7.0,6.0,4.0,3.0,4.0,0.0,aacbccba
2010-11-12T00:00:00.000,0.0,0.0,0.0,0.0,1.0,10.0,11.0,8.0,6.0,3.0,3.0,12.0,3.0,6.0,2.0,1.0,3.0,2.0,2.0,9.0,3.0,0.0,0.0,0.0,abccbbba
2010-11-13T00:00:00.000,0.0,0.0,0.0,0.0,0.0,9.0,16.0,9.0,6.0,3.0,9.0,0.0,2.0,0.0,0.0,5.0,4.0,3.0,3.0,8.0,0.0,0.0,0.0,0.0,abcbabba
2010-11-14T00:00:00.000,0.0,0.0,0.0,0.0,5.0,20.0,12.0,8.0,5.0,2.0,6.0,0.0,2.0,0.0,1.0,5.0,4.0,4.0,8.0,1.0,4.0,2.0,0.0,0.0,accbabba
2010-11-15T00:00:00.000,0.0,0.0,0.0,0.0,8.0,26.0,15.0,0.0,4.0,1.0,0.0,2.0,3.0,1.0,1.0,4.0,2.0,5.0,6.0,0.0,7.0,5.0,7.0,4.0,acbaabbb
2010-11-16T00:00:00.000,0.0,0.0,0.0,0.0,4.0,24.0,14.0,1.0,6.0,9.0,3.0,7.0,6.0,2.0,4.0,4.0,3.0,5.0,0.0,4.0,5.0,3.0,7.0,4.0,acbbbbbb
2010-11-17T00:00:00.000,0.0,0.0,0.0,0.0,9.0,26.0,2.0,9.0,9.0,12.0,4.0,5.0,4.0,2.0,9.0,8.0,1.0,1.0,10.0,8.0,3.0,3.0,0.0,0.0,acbbbbba
2010-11-18T00:00:00.000,0.0,0.0,0.0,0.0,10.0,16.0,10.0,11.0,9.0,12.0,2.0,0.0,1.0,4.0,8.0,11.0,4.0,0.0,10.0,8.0,2.0,3.0,0.0,0.0,accbbbba
2010-11-19T00:00:00.000,0.0,0.0,0.0,0.0,2.0,14.0,16.0,9.0,6.0,10.0,6.0,2.0,9.0,3.0,3.0,3.0,5.0,0.0,1.0,7.0,7.0,0.0,0.0,0.0,abcbbbba
2010-11-20T00:00:00.000,0.0,0.0,0.0,0.0,7.0,15.0,14.0,7.0,11.0,2.0,5.0,2.0,9.0,2.0,0.0,0.0,1.0,0.0,1.0,3.0,6.0,0.0,0.0,0.0,accbbaba
2010-11-21T00:00:00.000,0.0,0.0,0.0,0.0,7.0,6.0,7.0,1.0,7.0,0.0,0.0,0.0,0.0,2.0,7.0,3.0,0.0,0.0,0.0,0.0,0.0,7.0,4.0,0.0,accabbac
2010-11-22T00:00:00.000,0.0,0.0,0.0,0.0,7.0,17.0,3.0,7.0,5.0,19.0,7.0,3.0,3.0,11.0,10.0,6.0,0.0,8.0,8.0,2.0,0.0,7.0,4.0,0.0,acbccbbb
2010-11-23T00:00:00.000,0.0,0.0,0.0,0.0,15.0,34.0,5.0,19.0,11.0,21.0,12.0,4.0,6.0,12.0,4.0,6.0,3.0,11.0,8.0,2.0,8.0,1.0,5.0,0.0,acccbbba
2010-11-24T00:00:00.000,0.0,0.0,0.0,0.0,13.0,29.0,4.0,19.0,7.0,3.0,5.0,2.0,3.0,1.0,1.0,3.0,3.0,3.0,0.0,0.0,8.0,1.0,5.0,0.0,accbbbbb
2010-11-25T00:00:00.000,0.0,0.0,0.0,0.0,9.0,24.0,9.0,11.0,6.0,8.0,3.0,1.0,9.0,4.0,2.0,0.0,0.0,0.0,4.0,0.0,1.0,0.0,0.0,0.0,accbbaba
2010-11-26T00:00:00.000,0.0,0.0,0.0,0.0,4.0,21.0,19.0,10.0,15.0,9.0,6.0,0.0,9.0,5.0,6.0,11.0,2.0,7.0,7.0,0.0,1.0,0.0,0.0,0.0,accbbbaa
2010-11-27T00:00:00.000,0.0,0.0,0.0,0.0,0.0,14.0,19.0,15.0,11.0,7.0,4.0,3.0,10.0,5.0,4.0,11.0,2.0,7.0,5.0,0.0,11.0,0.0,0.0,0.0,abcbbbba
2010-11-28T00:00:00.000,0.0,0.0,0.0,0.0,4.0,18.0,8.0,18.0,12.0,13.0,5.0,15.0,21.0,9.0,3.0,5.0,2.0,4.0,3.0,1.0,11.0,0.0,0.0,0.0,abcccbba
2010-11-29T00:00:00.000,0.0,0.0,0.0,0.0,11.0,21.0,4.0,16.0,11.0,18.0,12.0,18.0,24.0,10.0,9.0,8.0,8.0,7.0,2.0,5.0,0.0,0.0,0.0,0.0,abbccbaa
2010-11-30T00:00:00.000,0.0,0.0,0.0,5.0,17.0,18.0,4.0,8.0,0.0,12.0,8.0,6.0,13.0,5.0,6.0,3.0,6.0,3.0,7.0,6.0,4.0,2.0,6.0,0.0,acbccbba
2010-12-01T00:00:00.000,0.0,0.0,0.0,5.0,10.0,23.0,7.0,12.0,8.0,2.0,4.0,3.0,4.0,7.0,6.0,2.0,7.0,1.0,6.0,3.0,4.0,2.0,6.0,0.0,accbbbba
2010-12-02T00:00:00.000,0.0,0.0,0.0,0.0,2.0,28.0,13.0,16.0,10.0,1.0,8.0,3.0,10.0,9.0,9.0,2.0,7.0,2.0,0.0,1.0,0.0,1.0,0.0,0.0,accbcbaa
2010-12-03T00:00:00.000,0.0,0.0,0.0,0.0,3.0,26.0,12.0,7.0,5.0,1.0,4.0,0.0,9.0,2.0,3.0,0.0,1.0,2.0,0.0,0.0,0.0,1.0,0.0,0.0,accbbbaa
2010-12-04T00:00:00.000,0.0,0.0,0.0,0.0,11.0,12.0,5.0,2.0,3.0,0.0,1.0,0.0,3.0,0.0,0.0,0.0,1.0,1.0,0.0,0.0,3.0,12.0,6.0,5.0,acbaaaac
2010-12-05T00:00:00.000,0.0,0.0,0.0,0.0,10.0,10.0,2.0,4.0,6.0,2.0,4.0,8.0,8.0,0.0,4.0,3.0,8.0,4.0,0.0,4.0,4.0,12.0,6.0,5.0,acbbbbac
2010-12-06T00:00:00.000,0.0,0.0,0.0,0.0,1.0,19.0,11.0,14.0,17.0,9.0,6.0,16.0,9.0,0.0,6.0,3.0,8.0,11.0,1.0,4.0,6.0,0.0,0.0,0.0,abccbbba
2010-12-07T00:00:00.000,0.0,0.0,0.0,0.0,10.0,23.0,9.0,10.0,11.0,7.0,3.0,8.0,1.0,0.0,2.0,2.0,0.0,7.0,1.0,4.0,6.0,2.0,1.0,0.0,accbabba
2010-12-08T00:00:00.000,0.0,0.0,0.0,0.0,10.0,18.0,4.0,9.0,1.0,16.0,6.0,4.0,4.0,4.0,0.0,10.0,0.0,2.0,1.0,5.0,1.0,3.0,1.0,0.0,acbcbbba
2010-12-09T00:00:00.000,0.0,0.0,0.0,0.0,1.0,13.0,13.0,14.0,3.0,21.0,13.0,7.0,5.0,8.0,3.0,9.0,0.0,2.0,1.0,1.0,0.0,1.0,0.0,2.0,abccbbaa
2010-12-10T00:00:00.000,0.0,0.0,0.0,0.0,0.0,12.0,16.0,5.0,6.0,7.0,7.0,3.0,1.0,4.0,3.0,1.0,0.0,0.0,0.0,0.0,2.0,0.0,5.0,2.0,abccbaab
2010-12-11T00:00:00.000,0.0,0.0,0.0,0.0,1.0,9.0,8.0,0.0,5.0,3.0,2.0,0.0,0.0,0.0,4.0,0.0,0.0,1.0,2.0,7.0,3.0,0.0,8.0,2.0,abcbbacb
2010-12-12T00:00:00.000,2.0,0.0,0.0,0.0,1.0,5.0,7.0,7.0,3.0,11.0,6.0,0.0,0.0,12.0,15.0,11.0,2.0,2.0,12.0,9.0,4.0,0.0,3.0,2.0,aabbcbca
2010-12-13T00:00:00.000,2.0,0.0,0.0,0.0,3.0,10.0,8.0,13.0,4.0,11.0,6.0,3.0,2.0,19.0,15.0,14.0,8.0,4.0,12.0,2.0,3.0,0.0,0.0,0.0,abcbccba
2010-12-14T00:00:00.000,0.0,0.0,0.0,0.0,3.0,23.0,4.0,23.0,6.0,7.0,4.0,7.0,5.0,9.0,13.0,3.0,6.0,4.0,2.0,0.0,0.0,0.0,0.0,0.0,accbcbaa
2010-12-15T00:00:00.000,0.0,0.0,0.0,0.0,4.0,22.0,5.0,18.0,4.0,7.0,5.0,8.0,3.0,2.0,9.0,0.0,0.0,1.0,0.0,0.0,0.0,2.0,7.0,0.0,acccbaab
2010-12-16T00:00:00.000,0.0,0.0,0.0,0.0,4.0,12.0,12.0,5.0,1.0,1.0,3.0,4.0,0.0,0.0,0.0,0.0,0.0,0.0,0.0,0.0,0.0,2.0,7.0,0.0,accbaaab
2010-12-17T00:00:00.000,0.0,0.0,0.0,0.0,0.0,3.0,9.0,6.0,8.0,1.0,0.0,0.0,0.0,0.0,2.0,0.0,0.0,0.0,0.0,1.0,1.0,0.0,0.0,0.0,abcbbaba
2010-12-18T00:00:00.000,0.0,0.0,0.0,0.0,2.0,9.0,5.0,8.0,9.0,4.0,0.0,0.0,0.0,0.0,2.0,0.0,0.0,0.0,0.0,1.0,1.0,0.0,0.0,1.0,accbbaba
2010-12-19T00:00:00.000,0.0,0.0,0.0,0.0,2.0,13.0,7.0,8.0,7.0,3.0,0.0,2.0,4.0,0.0,1.0,3.0,5.0,2.0,1.0,0.0,0.0,0.0,0.0,1.0,accbbbaa
2010-12-20T00:00:00.000,0.0,0.0,0.0,0.0,0.0,9.0,4.0,5.0,9.0,6.0,7.0,7.0,6.0,3.0,4.0,4.0,5.0,2.0,1.0,0.0,0.0,2.0,5.0,2.0,abccbbab
2010-12-21T00:00:00.000,0.0,0.0,0.0,0.0,0.0,14.0,2.0,3.0,4.0,6.0,7.0,5.0,2.0,5.0,10.0,3.0,1.0,1.0,2.0,0.0,0.0,2.0,5.0,2.0,acbccbab
2010-12-22T00:00:00.000,0.0,0.0,0.0,0.0,3.0,19.0,8.0,3.0,7.0,5.0,2.0,0.0,0.0,2.0,7.0,3.0,2.0,2.0,2.0,0.0,0.0,0.0,0.0,0.0,accbbbaa
2010-12-23T00:00:00.000,0.0,0.0,0.0,0.0,3.0,13.0,11.0,8.0,11.0,7.0,3.0,0.0,0.0,0.0,0.0,3.0,1.0,1.0,0.0,0.0,0.0,0.0,0.0,0.0,accbabaa
2010-12-24T00:00:00.000,0.0,0.0,0.0,0.0,2.0,11.0,8.0,12.0,4.0,2.0,1.0,0.0,0.0,0.0,0.0,4.0,3.0,3.0,7.0,2.0,0.0,0.0,0.0,0.0,accbabba
2010-12-25T00:00:00.000,0.0,0.0,0.0,0.0,5.0,11.0,7.0,7.0,0.0,0.0,0.0,0.0,0.0,0.0,0.0,2.0,3.0,3.0,7.0,3.0,0.0,0.0,0.0,0.0,accaabba
2010-12-26T00:00:00.000,0.0,0.0,0.0,0.0,6.0,10.0,14.0,7.0,2.0,1.0,2.0,0.0,2.0,0.0,0.0,0.0,0.0,0.0,0.0,1.0,2.0,0.0,0.0,0.0,accbbaba
2010-12-27T00:00:00.000,0.0,0.0,0.0,0.0,6.0,18.0,24.0,14.0,8.0,8.0,8.0,5.0,2.0,0.0,0.0,6.0,3.0,4.0,0.0,0.0,2.0,2.0,0.0,0.0,accbabaa
2010-12-28T00:00:00.000,0.0,0.0,0.0,5.0,9.0,28.0,30.0,21.0,9.0,11.0,15.0,5.0,0.0,0.0,0.0,8.0,9.0,4.0,0.0,0.0,2.0,2.0,0.0,0.0,accbabaa
2010-12-29T00:00:00.000,0.0,0.0,0.0,5.0,17.0,28.0,20.0,19.0,3.0,4.0,9.0,0.0,0.0,0.0,0.0,2.0,6.0,0.0,0.0,0.0,2.0,0.0,0.0,0.0,accbabaa
2010-12-30T00:00:00.000,0.0,0.0,0.0,3.0,22.0,21.0,7.0,9.0,1.0,0.0,0.0,0.0,0.0,0.0,0.0,0.0,0.0,0.0,0.0,0.0,0.0,0.0,0.0,0.0,bccbbbbb
2010-12-31T00:00:00.000,0.0,2.0,1.0,3.0,18.0,10.0,5.0,4.0,2.0,2.0,0.0,0.0,1.0,1.0,0.0,1.0,10.0,2.0,0.0,0.0,0.0,0.0,0.0,3.0,bcbaabab
2011-01-01T00:00:00.000,0.0,2.0,1.0,0.0,7.0,6.0,0.0,6.0,10.0,6.0,4.0,0.0,1.0,1.0,2.0,9.0,10.0,2.0,0.0,3.0,0.0,0.0,2.0,4.0,abcbacab
2011-01-02T00:00:00.000,1.0,0.0,0.0,0.0,0.0,6.0,4.0,10.0,10.0,4.0,4.0,0.0,0.0,2.0,8.0,8.0,0.0,0.0,1.0,3.0,1.0,0.0,2.0,1.0,abcbbbba
2011-01-03T00:00:00.000,1.0,0.0,0.0,0.0,0.0,0.0,6.0,5.0,1.0,0.0,0.0,0.0,0.0,2.0,6.0,0.0,0.0,3.0,1.0,0.0,1.0,1.0,4.0,0.0,aacacbbb
2011-01-04T00:00:00.000,0.0,0.0,0.0,0.0,0.0,0.0,10.0,4.0,5.0,0.0,3.0,1.0,0.0,4.0,0.0,1.0,0.0,3.0,0.0,0.0,0.0,1.0,4.0,0.0,aacbbbab
2011-01-05T00:00:00.000,0.0,0.0,0.0,0.0,0.0,1.0,10.0,4.0,6.0,1.0,3.0,5.0,0.0,4.0,2.0,3.0,0.0,0.0,0.0,0.0,0.0,0.0,0.0,0.0,aaccbbaa
2011-01-06T00:00:00.000,0.0,0.0,0.0,0.0,0.0,7.0,3.0,3.0,1.0,1.0,0.0,5.0,0.0,1.0,2.0,2.0,0.0,0.0,0.0,0.0,0.0,0.0,0.0,0.0,acccbbaa
2011-01-07T00:00:00.000,0.0,0.0,0.0,0.0,0.0,6.0,1.0,2.0,1.0,1.0,0.0,1.0,0.0,1.0,1.0,0.0,0.0,0.0,0.0,0.0,0.0,0.0,0.0,0.0,accbbaaa
2011-01-08T00:00:00.000,0.0,0.0,0.0,0.0,0.0,0.0,0.0,4.0,2.0,5.0,0.0,0.0,0.0,0.0,1.0,0.0,0.0,0.0,0.0,0.0,0.0,0.0,0.0,0.0,bbccbbbb
2011-01-09T00:00:00.000,0.0,0.0,0.0,0.0,0.0,0.0,0.0,4.0,1.0,4.0,0.0,0.0,0.0,0.0,0.0,0.0,0.0,0.0,0.0,0.0,0.0,0.0,0.0,0.0,bbccbbbb
2011-01-10T00:00:00.000,0.0,0.0,0.0,0.0,0.0,5.0,0.0,0.0,0.0,0.0,0.0,0.0,0.0,0.0,4.0,0.0,1.0,1.0,0.0,0.0,0.0,0.0,0.0,0.0,bcbbcbbb
2011-01-11T00:00:00.000,0.0,0.0,0.0,0.0,0.0,5.0,3.0,0.0,5.0,1.0,0.0,0.0,0.0,0.0,4.0,1.0,1.0,1.0,0.0,3.0,1.0,0.0,0.0,0.0,abcbbbba
2011-01-12T00:00:00.000,0.0,0.0,0.0,0.0,0.0,0.0,5.0,0.0,5.0,1.0,0.0,0.0,0.0,0.0,0.0,2.0,0.0,0.0,0.0,3.0,1.0,0.0,0.0,0.0,aacbabba
2011-01-13T00:00:00.000,0.0,0.0,0.0,0.0,0.0,0.0,2.0,0.0,0.0,0.0,0.0,0.0,0.0,0.0,0.0,1.0,0.0,0.0,0.0,0.0,0.0,0.0,0.0,0.0,bbcbbbbb
2011-01-14T00:00:00.000,0.0,0.0,0.0,0.0,0.0,0.0,3.0,1.0,0.0,0.0,0.0,0.0,0.0,0.0,0.0,0.0,1.0,0.0,0.0,0.0,0.0,0.0,0.0,0.0,bbcbbbbb
2011-01-15T00:00:00.000,0.0,0.0,0.0,0.0,0.0,0.0,3.0,3.0,0.0,0.0,0.0,0.0,0.0,0.0,0.0,0.0,1.0,0.0,0.0,0.0,0.0,0.0,0.0,0.0,bbcbbbbb
2011-01-16T00:00:00.000,0.0,0.0,0.0,0.0,0.0,0.0,0.0,2.0,0.0,0.0,0.0,0.0,0.0,0.0,0.0,0.0,0.0,0.0,0.0,0.0,0.0,0.0,0.0,0.0,bbcbbbbb
2011-01-17T00:00:00.000,0.0,0.0,0.0,0.0,0.0,0.0,1.0,0.0,0.0,0.0,0.0,0.0,0.0,0.0,0.0,0.0,0.0,0.0,0.0,2.0,0.0,0.0,0.0,0.0,bbbbbbcb
2011-01-18T00:00:00.000,0.0,0.0,0.0,0.0,0.0,0.0,1.0,0.0,2.0,2.0,0.0,0.0,0.0,0.0,0.0,0.0,0.0,0.0,0.0,2.0,0.0,0.0,0.0,0.0,bbccbbcb
2011-01-19T00:00:00.000,0.0,0.0,0.0,0.0,0.0,0.0,2.0,0.0,2.0,3.0,0.0,0.0,0.0,0.0,0.0,0.0,0.0,0.0,0.0,0.0,1.0,0.0,0.0,0.0,bbccbbbb
2011-01-20T00:00:00.000,0.0,0.0,0.0,0.0,0.0,0.0,5.0,2.0,1.0,1.0,0.0,0.0,0.0,0.0,0.0,0.0,0.0,0.0,0.0,0.0,1.0,0.0,0.0,0.0,bbcbbbbb
2011-01-21T00:00:00.000,0.0,0.0,0.0,0.0,0.0,0.0,3.0,2.0,1.0,0.0,0.0,0.0,0.0,0.0,0.0,0.0,0.0,1.0,0.0,0.0,2.0,0.0,0.0,0.0,aacaabba
2011-01-22T00:00:00.000,0.0,0.0,0.0,0.0,0.0,0.0,0.0,0.0,0.0,1.0,0.0,0.0,0.0,0.0,0.0,0.0,0.0,1.0,0.0,0.0,2.0,0.0,0.0,0.0,bbbbbbcb
2011-01-23T00:00:00.000,0.0,0.0,0.0,0.0,0.0,0.0,0.0,0.0,0.0,1.0,0.0,0.0,0.0,0.0,0.0,0.0,0.0,0.0,0.0,0.0,0.0,0.0,0.0,0.0,bbbbbbbb
2011-01-28T00:00:00.000,0.0,0.0,0.0,0.0,0.0,0.0,0.0,0.0,1.0,0.0,0.0,0.0,0.0,0.0,0.0,0.0,0.0,0.0,0.0,0.0,0.0,0.0,0.0,0.0,bbbbbbbb
2011-01-29T00:00:00.000,0.0,0.0,0.0,0.0,0.0,0.0,0.0,3.0,1.0,0.0,0.0,0.0,0.0,0.0,0.0,0.0,0.0,0.0,0.0,0.0,0.0,0.0,0.0,0.0,bbcbbbbb
2011-01-30T00:00:00.000,0.0,0.0,0.0,0.0,0.0,0.0,0.0,3.0,0.0,0.0,0.0,0.0,0.0,0.0,0.0,0.0,0.0,0.0,0.0,0.0,0.0,0.0,0.0,0.0,bbcbbbbb
2011-01-31T00:00:00.000,0.0,0.0,0.0,0.0,0.0,0.0,0.0,0.0,0.0,0.0,0.0,0.0,0.0,1.0,0.0,0.0,0.0,0.0,0.0,0.0,0.0,0.0,0.0,0.0,bbbbbbbb
2011-02-01T00:00:00.000,0.0,1.0,0.0,0.0,0.0,0.0,0.0,1.0,0.0,0.0,0.0,0.0,0.0,1.0,0.0,0.0,0.0,0.0,0.0,0.0,0.0,0.0,0.0,0.0,bbbbbbbb
2011-02-02T00:00:00.000,0.0,1.0,0.0,0.0,0.0,0.0,0.0,1.0,0.0,0.0,0.0,0.0,0.0,0.0,0.0,0.0,0.0,0.0,0.0,0.0,0.0,0.0,0.0,0.0,bbbbbbbb
2011-02-04T00:00:00.000,0.0,0.0,0.0,0.0,0.0,0.0,0.0,0.0,2.0,0.0,1.0,0.0,0.0,0.0,0.0,0.0,0.0,0.0,0.0,0.0,0.0,0.0,0.0,0.0,bbcbbbbb
2011-02-05T00:00:00.000,0.0,0.0,0.0,0.0,0.0,0.0,0.0,1.0,2.0,0.0,1.0,0.0,0.0,0.0,0.0,0.0,0.0,0.0,0.0,0.0,0.0,0.0,0.0,0.0,bbcbbbbb
2011-02-06T00:00:00.000,0.0,0.0,0.0,0.0,0.0,0.0,0.0,1.0,1.0,0.0,0.0,0.0,0.0,0.0,0.0,0.0,0.0,0.0,0.0,0.0,0.0,0.0,0.0,0.0,bbcbbbbb
2011-02-07T00:00:00.000,0.0,0.0,0.0,0.0,0.0,0.0,0.0,1.0,4.0,0.0,0.0,0.0,0.0,0.0,4.0,1.0,0.0,1.0,1.0,0.0,0.0,0.0,0.0,0.0,aacacbba
2011-02-08T00:00:00.000,0.0,0.0,0.0,0.0,0.0,0.0,0.0,2.0,4.0,0.0,0.0,0.0,0.0,0.0,4.0,1.0,0.0,1.0,1.0,0.0,0.0,0.0,0.0,0.0,aacacbba
2011-02-09T00:00:00.000,0.0,0.0,0.0,0.0,0.0,0.0,0.0,1.0,1.0,0.0,0.0,0.0,0.0,0.0,0.0,0.0,0.0,0.0,0.0,0.0,0.0,0.0,0.0,0.0,bbcbbbbb
2011-02-10T00:00:00.000,0.0,0.0,0.0,0.0,0.0,0.0,0.0,0.0,0.0,0.0,2.0,0.0,0.0,0.0,0.0,0.0,0.0,0.0,0.0,0.0,0.0,0.0,0.0,0.0,bbbcbbbb
2011-02-11T00:00:00.000,0.0,0.0,0.0,0.0,0.0,0.0,0.0,1.0,0.0,0.0,2.0,0.0,0.0,0.0,0.0,0.0,0.0,0.0,0.0,0.0,0.0,0.0,0.0,0.0,bbbcbbbb
2011-02-12T00:00:00.000,0.0,0.0,0.0,0.0,0.0,0.0,0.0,1.0,0.0,0.0,0.0,0.0,0.0,0.0,0.0,0.0,0.0,0.0,0.0,0.0,1.0,0.0,0.0,0.0,bbbbbbbb
2011-02-13T00:00:00.000,0.0,0.0,0.0,0.0,0.0,0.0,0.0,0.0,0.0,1.0,1.0,0.0,0.0,0.0,0.0,0.0,0.0,0.0,0.0,0.0,1.0,0.0,0.0,0.0,bbbcbbbb
2011-02-14T00:00:00.000,0.0,0.0,0.0,0.0,0.0,0.0,0.0,0.0,0.0,1.0,1.0,0.0,0.0,0.0,0.0,0.0,0.0,0.0,0.0,0.0,0.0,0.0,0.0,0.0,bbbcbbbb
2011-02-15T00:00:00.000,0.0,0.0,0.0,0.0,0.0,0.0,0.0,0.0,0.0,1.0,0.0,0.0,0.0,0.0,0.0,0.0,0.0,0.0,0.0,0.0,0.0,0.0,0.0,0.0,bbbbbbbb
2011-02-16T00:00:00.000,0.0,0.0,0.0,0.0,0.0,0.0,0.0,0.0,0.0,1.0,0.0,0.0,0.0,0.0,0.0,1.0,2.0,0.0,0.0,0.0,0.0,0.0,0.0,0.0,bbbbbcbb
2011-02-17T00:00:00.000,0.0,0.0,0.0,0.0,0.0,0.0,0.0,0.0,0.0,0.0,0.0,0.0,0.0,0.0,0.0,1.0,2.0,0.0,0.0,0.0,0.0,0.0,0.0,0.0,bbbbbcbb
2011-02-18T00:00:00.000,0.0,0.0,0.0,0.0,0.0,1.0,2.0,1.0,0.0,0.0,0.0,0.0,0.0,0.0,0.0,0.0,0.0,0.0,0.0,0.0,0.0,0.0,0.0,0.0,bbcbbbbb
2011-02-19T00:00:00.000,0.0,0.0,0.0,0.0,0.0,1.0,2.0,1.0,1.0,0.0,0.0,0.0,0.0,0.0,0.0,0.0,0.0,0.0,0.0,0.0,0.0,0.0,0.0,0.0,bbcbbbbb
2011-02-20T00:00:00.000,0.0,0.0,0.0,0.0,0.0,0.0,0.0,0.0,1.0,0.0,0.0,0.0,0.0,0.0,0.0,0.0,0.0,0.0,0.0,0.0,0.0,0.0,0.0,0.0,bbbbbbbb
2011-02-21T00:00:00.000,0.0,0.0,0.0,0.0,0.0,0.0,0.0,0.0,0.0,0.0,1.0,0.0,0.0,0.0,0.0,0.0,0.0,0.0,0.0,0.0,0.0,0.0,0.0,0.0,bbbbbbbb
2011-02-22T00:00:00.000,0.0,0.0,0.0,0.0,0.0,0.0,0.0,0.0,0.0,0.0,1.0,0.0,0.0,0.0,0.0,0.0,0.0,0.0,0.0,0.0,0.0,0.0,0.0,0.0,bbbbbbbb
2011-03-04T00:00:00.000,2.0,0.0,0.0,0.0,0.0,1.0,0.0,0.0,0.0,0.0,0.0,0.0,0.0,0.0,2.0,0.0,0.0,0.0,0.0,0.0,0.0,0.0,0.0,0.0,cbbbcbbb
2011-03-05T00:00:00.000,2.0,0.0,0.0,0.0,0.0,1.0,0.0,0.0,0.0,0.0,0.0,0.0,0.0,0.0,2.0,0.0,0.0,0.0,0.0,0.0,0.0,0.0,0.0,0.0,cbbbcbbb
2011-03-10T00:00:00.000,0.0,0.0,0.0,0.0,0.0,0.0,0.0,1.0,0.0,0.0,0.0,0.0,0.0,0.0,0.0,0.0,0.0,0.0,0.0,0.0,0.0,0.0,0.0,0.0,bbbbbbbb
2011-03-11T00:00:00.000,0.0,0.0,0.0,0.0,0.0,0.0,0.0,1.0,0.0,0.0,0.0,0.0,0.0,0.0,0.0,0.0,0.0,0.0,0.0,0.0,0.0,0.0,0.0,0.0,bbbbbbbb
2011-03-15T00:00:00.000,0.0,0.0,0.0,0.0,0.0,0.0,0.0,1.0,0.0,0.0,0.0,0.0,0.0,0.0,0.0,0.0,0.0,0.0,0.0,0.0,0.0,0.0,0.0,0.0,bbbbbbbb
2011-03-16T00:00:00.000,0.0,0.0,0.0,0.0,0.0,0.0,0.0,1.0,0.0,0.0,0.0,0.0,0.0,0.0,0.0,0.0,0.0,0.0,0.0,0.0,0.0,0.0,0.0,0.0,bbbbbbbb
2011-03-18T00:00:00.000,0.0,0.0,0.0,0.0,0.0,0.0,0.0,0.0,1.0,0.0,0.0,0.0,0.0,0.0,0.0,0.0,0.0,0.0,0.0,0.0,0.0,0.0,0.0,0.0,bbbbbbbb
2011-03-19T00:00:00.000,0.0,0.0,0.0,0.0,0.0,0.0,0.0,0.0,1.0,0.0,0.0,0.0,0.0,0.0,0.0,0.0,0.0,0.0,0.0,0.0,0.0,0.0,0.0,0.0,bbbbbbbb
2011-03-23T00:00:00.000,0.0,0.0,0.0,0.0,0.0,0.0,0.0,0.0,0.0,0.0,0.0,0.0,0.0,0.0,0.0,0.0,0.0,0.0,0.0,0.0,0.0,0.0,10.0,3.0,bbbbbbbc
2011-03-24T00:00:00.000,0.0,0.0,0.0,0.0,0.0,0.0,0.0,0.0,0.0,0.0,5.0,6.0,0.0,0.0,0.0,0.0,0.0,0.0,0.0,0.0,0.0,0.0,10.0,3.0,bbbcbbbc
2011-03-25T00:00:00.000,0.0,0.0,0.0,0.0,0.0,0.0,0.0,0.0,0.0,0.0,5.0,6.0,0.0,0.0,0.0,0.0,0.0,0.0,0.0,1.0,0.0,0.0,0.0,0.0,bbbcbbbb
2011-03-26T00:00:00.000,0.0,0.0,0.0,0.0,0.0,0.0,0.0,0.0,5.0,0.0,0.0,0.0,0.0,0.0,0.0,0.0,0.0,0.0,0.0,1.0,0.0,0.0,0.0,0.0,bbcbbbbb
2011-03-27T00:00:00.000,0.0,0.0,0.0,0.0,0.0,0.0,0.0,0.0,5.0,0.0,0.0,0.0,0.0,0.0,0.0,0.0,0.0,0.0,0.0,0.0,0.0,0.0,0.0,0.0,bbcbbbbb
2011-03-29T00:00:00.000,0.0,0.0,0.0,0.0,0.0,0.0,0.0,0.0,0.0,0.0,0.0,0.0,1.0,0.0,0.0,0.0,0.0,0.0,0.0,0.0,0.0,0.0,0.0,0.0,bbbbbbbb
2011-03-30T00:00:00.000,0.0,0.0,0.0,0.0,0.0,0.0,0.0,0.0,0.0,0.0,0.0,2.0,2.0,1.0,0.0,0.0,0.0,0.0,0.0,0.0,0.0,0.0,0.0,0.0,bbbccbbb
2011-03-31T00:00:00.000,0.0,0.0,0.0,0.0,0.0,0.0,0.0,0.0,1.0,1.0,0.0,2.0,1.0,1.0,0.0,0.0,0.0,0.0,0.0,0.0,0.0,0.0,0.0,0.0,aabccaaa
2011-04-01T00:00:00.000,0.0,0.0,0.0,0.0,0.0,0.0,0.0,0.0,1.0,1.0,0.0,0.0,0.0,0.0,0.0,0.0,0.0,0.0,0.0,0.0,0.0,0.0,0.0,0.0,bbbbbbbb
2011-04-02T00:00:00.000,0.0,0.0,0.0,0.0,0.0,0.0,0.0,0.0,1.0,0.0,0.0,0.0,0.0,0.0,0.0,0.0,0.0,0.0,0.0,0.0,0.0,0.0,0.0,0.0,bbbbbbbb
2011-04-03T00:00:00.000,0.0,0.0,0.0,0.0,0.0,0.0,0.0,0.0,1.0,0.0,0.0,0.0,0.0,0.0,0.0,0.0,0.0,0.0,0.0,0.0,0.0,0.0,0.0,0.0,bbbbbbbb
2011-04-06T00:00:00.000,0.0,0.0,0.0,0.0,0.0,0.0,0.0,0.0,0.0,0.0,0.0,0.0,0.0,0.0,0.0,0.0,0.0,0.0,0.0,0.0,0.0,0.0,0.0,3.0,bbbbbbbc
2011-04-07T00:00:00.000,1.0,0.0,0.0,0.0,0.0,0.0,0.0,0.0,0.0,0.0,0.0,0.0,0.0,0.0,0.0,0.0,0.0,0.0,0.0,0.0,0.0,0.0,0.0,3.0,bbbbbbbc
2011-04-08T00:00:00.000,1.0,0.0,0.0,0.0,0.0,0.0,0.0,0.0,0.0,0.0,0.0,0.0,0.0,0.0,0.0,0.0,0.0,0.0,0.0,0.0,0.0,0.0,0.0,0.0,bbbbbbbb
2011-04-09T00:00:00.000,0.0,0.0,0.0,0.0,0.0,0.0,2.0,7.0,2.0,1.0,0.0,0.0,0.0,0.0,0.0,0.0,0.0,0.0,0.0,0.0,0.0,0.0,0.0,0.0,bbcbbbbb
2011-04-10T00:00:00.000,0.0,0.0,0.0,0.0,0.0,0.0,2.0,7.0,2.0,1.0,0.0,0.0,0.0,0.0,0.0,0.0,0.0,0.0,0.0,0.0,0.0,0.0,0.0,0.0,bbcbbbbb
2011-04-19T00:00:00.000,0.0,0.0,0.0,0.0,0.0,0.0,0.0,1.0,0.0,0.0,0.0,0.0,0.0,0.0,0.0,0.0,0.0,0.0,0.0,0.0,0.0,0.0,0.0,0.0,bbbbbbbb
2011-04-20T00:00:00.000,0.0,0.0,0.0,0.0,0.0,0.0,0.0,1.0,0.0,0.0,3.0,0.0,0.0,0.0,1.0,0.0,0.0,0.0,0.0,0.0,0.0,0.0,0.0,0.0,bbbcbbbb
2011-04-21T00:00:00.000,0.0,0.0,0.0,0.0,0.0,0.0,0.0,0.0,0.0,0.0,3.0,0.0,0.0,0.0,1.0,0.0,0.0,0.0,0.0,0.0,0.0,0.0,0.0,0.0,bbbcbbbb
2011-04-23T00:00:00.000,0.0,0.0,0.0,0.0,0.0,0.0,0.0,0.0,0.0,4.0,2.0,0.0,0.0,0.0,0.0,0.0,0.0,0.0,0.0,0.0,0.0,0.0,0.0,0.0,bbbcbbbb
2011-04-24T00:00:00.000,0.0,0.0,0.0,0.0,0.0,0.0,0.0,0.0,0.0,4.0,2.0,0.0,0.0,0.0,0.0,0.0,0.0,0.0,0.0,0.0,1.0,0.0,0.0,0.0,bbbcbbbb
2011-04-25T00:00:00.000,0.0,0.0,0.0,0.0,0.0,0.0,0.0,0.0,0.0,0.0,0.0,0.0,0.0,0.0,0.0,0.0,0.0,0.0,0.0,0.0,1.0,0.0,0.0,0.0,bbbbbbbb
2011-04-27T00:00:00.000,0.0,0.0,0.0,0.0,0.0,0.0,0.0,0.0,1.0,0.0,0.0,0.0,0.0,0.0,0.0,0.0,0.0,0.0,0.0,0.0,0.0,0.0,0.0,0.0,bbbbbbbb
2011-04-28T00:00:00.000,0.0,0.0,0.0,0.0,0.0,0.0,0.0,0.0,1.0,0.0,0.0,0.0,0.0,0.0,0.0,0.0,0.0,0.0,0.0,0.0,0.0,0.0,0.0,0.0,bbbbbbbb
2011-04-29T00:00:00.000,0.0,0.0,0.0,0.0,0.0,0.0,0.0,2.0,0.0,0.0,0.0,0.0,0.0,0.0,0.0,0.0,0.0,0.0,0.0,0.0,0.0,0.0,0.0,0.0,bbcbbbbb
2011-04-30T00:00:00.000,0.0,1.0,3.0,4.0,1.0,0.0,0.0,2.0,0.0,0.0,0.0,0.0,0.0,0.0,0.0,0.0,2.0,2.0,0.0,0.0,0.0,0.0,0.0,0.0,ccbaacaa
2011-05-01T00:00:00.000,0.0,1.0,3.0,4.0,1.0,0.0,0.0,0.0,0.0,0.0,0.0,0.0,0.0,0.0,0.0,0.0,2.0,2.0,0.0,0.0,0.0,0.0,0.0,0.0,ccaaacaa
2011-05-11T00:00:00.000,0.0,0.0,0.0,0.0,0.0,0.0,0.0,0.0,0.0,0.0,1.0,0.0,0.0,0.0,0.0,0.0,0.0,0.0,0.0,0.0,0.0,0.0,0.0,0.0,bbbbbbbb
2011-05-12T00:00:00.000,0.0,0.0,0.0,0.0,0.0,0.0,0.0,0.0,0.0,0.0,1.0,0.0,0.0,0.0,0.0,0.0,0.0,0.0,0.0,0.0,0.0,0.0,0.0,0.0,bbbbbbbb
2011-05-13T00:00:00.000,0.0,0.0,0.0,0.0,0.0,0.0,0.0,0.0,0.0,1.0,0.0,0.0,0.0,0.0,0.0,0.0,0.0,0.0,0.0,0.0,0.0,0.0,0.0,0.0,bbbbbbbb
2011-05-14T00:00:00.000,0.0,0.0,0.0,0.0,0.0,0.0,1.0,0.0,0.0,1.0,0.0,0.0,0.0,0.0,0.0,0.0,0.0,0.0,0.0,0.0,0.0,0.0,0.0,0.0,bbbbbbbb
2011-05-15T00:00:00.000,0.0,0.0,0.0,0.0,0.0,0.0,1.0,0.0,0.0,0.0,0.0,0.0,0.0,0.0,0.0,0.0,0.0,0.0,0.0,0.0,0.0,0.0,0.0,0.0,bbbbbbbb
2011-05-17T00:00:00.000,0.0,0.0,0.0,0.0,0.0,0.0,0.0,0.0,0.0,0.0,0.0,0.0,0.0,0.0,0.0,2.0,0.0,0.0,0.0,0.0,0.0,0.0,0.0,0.0,bbbbbcbb
2011-05-18T00:00:00.000,0.0,0.0,0.0,0.0,0.0,0.0,0.0,0.0,0.0,0.0,0.0,0.0,0.0,0.0,0.0,2.0,0.0,0.0,0.0,0.0,0.0,0.0,0.0,0.0,bbbbbcbb
2011-05-24T00:00:00.000,0.0,0.0,0.0,0.0,0.0,0.0,1.0,1.0,2.0,0.0,0.0,0.0,0.0,0.0,0.0,0.0,0.0,0.0,0.0,0.0,0.0,0.0,0.0,0.0,bbcbbbbb
2011-05-25T00:00:00.000,0.0,0.0,0.0,0.0,0.0,0.0,1.0,1.0,2.0,0.0,0.0,0.0,0.0,0.0,0.0,0.0,0.0,0.0,0.0,0.0,0.0,0.0,0.0,0.0,bbcbbbbb
2011-05-29T00:00:00.000,0.0,0.0,0.0,0.0,0.0,0.0,0.0,0.0,1.0,0.0,0.0,0.0,0.0,0.0,0.0,0.0,0.0,0.0,0.0,0.0,0.0,0.0,0.0,0.0,bbbbbbbb
2011-05-30T00:00:00.000,0.0,0.0,0.0,0.0,0.0,0.0,0.0,0.0,1.0,0.0,0.0,0.0,0.0,0.0,0.0,0.0,0.0,0.0,0.0,0.0,0.0,0.0,0.0,0.0,bbbbbbbb
2011-05-31T00:00:00.000,0.0,0.0,0.0,0.0,0.0,0.0,0.0,0.0,1.0,1.0,0.0,0.0,0.0,0.0,0.0,0.0,0.0,0.0,0.0,0.0,0.0,0.0,0.0,0.0,bbbbbbbb
2011-06-01T00:00:00.000,0.0,0.0,0.0,0.0,0.0,0.0,0.0,0.0,1.0,1.0,0.0,0.0,0.0,0.0,0.0,0.0,0.0,0.0,0.0,0.0,0.0,0.0,0.0,0.0,bbbbbbbb
2011-06-02T00:00:00.000,0.0,0.0,0.0,0.0,0.0,0.0,0.0,0.0,0.0,0.0,1.0,0.0,0.0,0.0,0.0,0.0,0.0,0.0,0.0,0.0,0.0,0.0,0.0,0.0,bbbbbbbb
2011-06-03T00:00:00.000,0.0,0.0,0.0,0.0,0.0,0.0,0.0,0.0,0.0,0.0,1.0,0.0,0.0,0.0,0.0,0.0,0.0,0.0,0.0,1.0,0.0,0.0,0.0,0.0,bbbbbbbb
2011-06-04T00:00:00.000,1.0,0.0,0.0,0.0,0.0,0.0,0.0,0.0,0.0,0.0,0.0,0.0,0.0,0.0,1.0,0.0,0.0,1.0,0.0,1.0,0.0,0.0,0.0,0.0,bbbbbbbb
2011-06-05T00:00:00.000,1.0,0.0,0.0,0.0,0.0,0.0,0.0,0.0,0.0,0.0,0.0,0.0,0.0,0.0,1.0,0.0,0.0,1.0,0.0,0.0,0.0,0.0,0.0,0.0,bbbbbbbb
2011-06-07T00:00:00.000,0.0,0.0,0.0,0.0,0.0,0.0,0.0,0.0,0.0,0.0,0.0,0.0,0.0,0.0,0.0,0.0,0.0,0.0,0.0,0.0,2.0,0.0,0.0,0.0,bbbbbbcb
2011-06-08T00:00:00.000,0.0,0.0,0.0,0.0,0.0,0.0,1.0,0.0,0.0,0.0,0.0,0.0,0.0,0.0,0.0,0.0,0.0,0.0,0.0,0.0,2.0,0.0,0.0,0.0,bbbbbbcb
2011-06-09T00:00:00.000,0.0,0.0,0.0,0.0,0.0,0.0,1.0,0.0,0.0,0.0,0.0,0.0,0.0,0.0,0.0,0.0,0.0,0.0,0.0,0.0,0.0,0.0,0.0,0.0,bbbbbbbb
2011-06-11T00:00:00.000,0.0,0.0,0.0,0.0,0.0,0.0,0.0,0.0,0.0,4.0,0.0,1.0,1.0,0.0,0.0,0.0,0.0,3.0,0.0,0.0,0.0,0.0,0.0,0.0,bbbcbcbb
2011-06-12T00:00:00.000,0.0,0.0,0.0,0.0,0.0,0.0,0.0,0.0,0.0,4.0,1.0,1.0,1.0,0.0,0.0,0.0,0.0,3.0,0.0,0.0,0.0,0.0,0.0,0.0,bbbcbcbb
2011-06-13T00:00:00.000,0.0,0.0,0.0,0.0,0.0,0.0,0.0,0.0,0.0,0.0,1.0,0.0,1.0,0.0,0.0,0.0,0.0,0.0,0.0,0.0,0.0,0.0,0.0,0.0,bbbbbbbb
2011-06-14T00:00:00.000,0.0,0.0,0.0,0.0,0.0,0.0,0.0,0.0,0.0,0.0,0.0,1.0,1.0,0.0,0.0,0.0,0.0,0.0,0.0,0.0,0.0,0.0,0.0,0.0,bbbbbbbb
2011-06-15T00:00:00.000,0.0,0.0,0.0,0.0,0.0,0.0,0.0,0.0,0.0,0.0,0.0,1.0,0.0,0.0,0.0,0.0,0.0,0.0,0.0,0.0,0.0,0.0,1.0,0.0,bbbbbbbb
2011-06-16T00:00:00.000,0.0,0.0,0.0,0.0,0.0,0.0,0.0,0.0,0.0,0.0,0.0,0.0,0.0,0.0,0.0,0.0,0.0,0.0,0.0,0.0,0.0,0.0,1.0,0.0,bbbbbbbb
2011-06-17T00:00:00.000,0.0,0.0,0.0,0.0,0.0,0.0,0.0,0.0,0.0,0.0,0.0,0.0,0.0,0.0,0.0,0.0,3.0,0.0,0.0,0.0,4.0,0.0,0.0,0.0,bbbbbccb
2011-06-18T00:00:00.000,0.0,0.0,0.0,0.0,0.0,0.0,0.0,0.0,15.0,13.0,2.0,0.0,0.0,0.0,0.0,0.0,3.0,0.0,0.0,0.0,4.0,0.0,0.0,0.0,bbccbbbb
2011-06-19T00:00:00.000,0.0,0.0,0.0,0.0,0.0,0.0,0.0,0.0,15.0,14.0,2.0,0.0,0.0,0.0,0.0,0.0,0.0,0.0,0.0,0.0,0.0,0.0,0.0,0.0,bbccbbbb
2011-06-20T00:00:00.000,0.0,0.0,0.0,0.0,0.0,0.0,0.0,0.0,0.0,1.0,0.0,0.0,0.0,0.0,0.0,0.0,0.0,0.0,0.0,0.0,0.0,0.0,0.0,0.0,bbbbbbbb
2011-06-21T00:00:00.000,0.0,0.0,0.0,0.0,0.0,0.0,0.0,0.0,0.0,0.0,0.0,1.0,0.0,1.0,0.0,0.0,0.0,0.0,0.0,0.0,0.0,0.0,0.0,0.0,bbbbbbbb
2011-06-22T00:00:00.000,0.0,0.0,0.0,0.0,0.0,0.0,0.0,0.0,0.0,0.0,0.0,1.0,0.0,1.0,1.0,0.0,0.0,0.0,0.0,0.0,0.0,0.0,0.0,0.0,bbbbcbbb
2011-06-23T00:00:00.000,0.0,0.0,0.0,0.0,0.0,0.0,0.0,0.0,0.0,0.0,0.0,0.0,0.0,0.0,1.0,0.0,0.0,0.0,0.0,0.0,0.0,0.0,0.0,0.0,bbbbbbbb
2011-06-24T00:00:00.000,0.0,0.0,0.0,0.0,0.0,0.0,1.0,0.0,0.0,0.0,0.0,0.0,0.0,0.0,0.0,0.0,0.0,0.0,0.0,0.0,0.0,0.0,0.0,0.0,bbbbbbbb
2011-06-25T00:00:00.000,0.0,0.0,0.0,0.0,0.0,0.0,1.0,0.0,0.0,0.0,0.0,0.0,0.0,0.0,0.0,0.0,0.0,0.0,0.0,0.0,0.0,0.0,0.0,0.0,bbbbbbbb
2011-06-28T00:00:00.000,0.0,0.0,0.0,0.0,0.0,0.0,0.0,0.0,0.0,0.0,0.0,0.0,0.0,0.0,0.0,0.0,0.0,0.0,0.0,1.0,0.0,0.0,0.0,0.0,bbbbbbbb
2011-06-29T00:00:00.000,0.0,0.0,0.0,0.0,0.0,0.0,1.0,0.0,0.0,0.0,0.0,1.0,0.0,0.0,0.0,0.0,0.0,0.0,0.0,1.0,0.0,0.0,0.0,0.0,bbbbbbbb
2011-06-30T00:00:00.000,0.0,0.0,0.0,0.0,0.0,0.0,1.0,1.0,0.0,3.0,6.0,1.0,0.0,0.0,0.0,0.0,0.0,0.0,0.0,0.0,0.0,0.0,0.0,0.0,bbbcbbbb
2011-07-01T00:00:00.000,0.0,0.0,0.0,0.0,0.0,0.0,3.0,4.0,0.0,3.0,6.0,0.0,0.0,0.0,0.0,0.0,0.0,0.0,0.0,0.0,0.0,0.0,0.0,0.0,bbccbbbb
2011-07-02T00:00:00.000,0.0,0.0,0.0,0.0,0.0,0.0,4.0,8.0,0.0,0.0,0.0,0.0,0.0,0.0,0.0,0.0,0.0,0.0,0.0,0.0,0.0,0.0,0.0,0.0,bbcbbbbb
2011-07-03T00:00:00.000,0.0,0.0,0.0,0.0,0.0,0.0,1.0,5.0,0.0,0.0,0.0,0.0,0.0,0.0,0.0,0.0,0.0,0.0,0.0,0.0,0.0,0.0,0.0,0.0,bbcbbbbb
2011-07-04T00:00:00.000,0.0,0.0,0.0,0.0,0.0,0.0,0.0,0.0,0.0,0.0,1.0,0.0,0.0,0.0,0.0,0.0,0.0,0.0,0.0,0.0,0.0,5.0,0.0,0.0,bbbbbbbc
2011-07-05T00:00:00.000,0.0,0.0,0.0,0.0,0.0,0.0,0.0,0.0,0.0,0.0,1.0,0.0,0.0,0.0,0.0,0.0,0.0,0.0,0.0,0.0,0.0,5.0,0.0,0.0,bbbbbbbc
2011-07-08T00:00:00.000,0.0,0.0,0.0,0.0,0.0,0.0,0.0,0.0,0.0,0.0,0.0,0.0,0.0,1.0,0.0,0.0,0.0,0.0,0.0,0.0,0.0,0.0,0.0,0.0,bbbbbbbb
2011-07-09T00:00:00.000,0.0,0.0,0.0,0.0,0.0,0.0,2.0,3.0,0.0,0.0,0.0,0.0,0.0,1.0,0.0,0.0,0.0,0.0,0.0,0.0,0.0,0.0,0.0,0.0,bbcbbbbb
2011-07-10T00:00:00.000,0.0,0.0,0.0,0.0,0.0,1.0,2.0,3.0,0.0,0.0,0.0,0.0,0.0,0.0,0.0,0.0,0.0,0.0,0.0,0.0,0.0,0.0,0.0,0.0,bbcbbbbb
2011-07-11T00:00:00.000,0.0,0.0,0.0,0.0,0.0,1.0,0.0,0.0,0.0,1.0,1.0,0.0,1.0,0.0,0.0,0.0,0.0,0.0,0.0,0.0,0.0,0.0,0.0,0.0,bbbcbbbb
2011-07-12T00:00:00.000,0.0,0.0,0.0,0.0,0.0,0.0,0.0,0.0,0.0,1.0,2.0,0.0,1.0,0.0,0.0,0.0,0.0,0.0,0.0,0.0,0.0,0.0,0.0,0.0,bbbcbbbb
2011-07-13T00:00:00.000,0.0,0.0,0.0,0.0,0.0,0.0,0.0,0.0,0.0,0.0,1.0,0.0,0.0,0.0,0.0,0.0,0.0,0.0,0.0,0.0,0.0,0.0,0.0,0.0,bbbbbbbb
2011-07-14T00:00:00.000,0.0,0.0,0.0,0.0,0.0,0.0,1.0,0.0,0.0,0.0,0.0,0.0,0.0,0.0,0.0,0.0,0.0,0.0,0.0,0.0,0.0,0.0,0.0,0.0,bbbbbbbb
2011-07-15T00:00:00.000,0.0,0.0,0.0,0.0,0.0,0.0,1.0,0.0,0.0,0.0,0.0,0.0,0.0,0.0,0.0,0.0,0.0,0.0,0.0,0.0,0.0,0.0,0.0,0.0,bbbbbbbb
2011-07-19T00:00:00.000,0.0,0.0,0.0,0.0,0.0,0.0,0.0,3.0,2.0,0.0,0.0,0.0,0.0,0.0,0.0,0.0,0.0,0.0,0.0,0.0,0.0,0.0,0.0,0.0,bbcbbbbb
2011-07-20T00:00:00.000,0.0,0.0,0.0,0.0,0.0,0.0,0.0,3.0,2.0,1.0,0.0,0.0,0.0,0.0,0.0,0.0,0.0,0.0,0.0,0.0,0.0,0.0,0.0,0.0,bbcbbbbb
2011-07-21T00:00:00.000,0.0,0.0,0.0,0.0,0.0,0.0,0.0,0.0,0.0,1.0,1.0,0.0,0.0,0.0,0.0,0.0,0.0,0.0,0.0,0.0,0.0,0.0,0.0,0.0,bbbcbbbb
2011-07-22T00:00:00.000,0.0,0.0,0.0,0.0,0.0,0.0,0.0,0.0,0.0,0.0,1.0,0.0,0.0,0.0,0.0,0.0,0.0,0.0,0.0,0.0,0.0,0.0,0.0,0.0,bbbbbbbb
2011-07-27T00:00:00.000,0.0,0.0,0.0,0.0,0.0,0.0,0.0,0.0,0.0,0.0,1.0,0.0,0.0,0.0,0.0,0.0,0.0,0.0,0.0,0.0,0.0,0.0,0.0,0.0,bbbbbbbb
2011-07-28T00:00:00.000,0.0,0.0,0.0,0.0,0.0,0.0,0.0,0.0,0.0,0.0,1.0,0.0,0.0,0.0,0.0,0.0,0.0,0.0,0.0,0.0,0.0,0.0,0.0,0.0,bbbbbbbb
2011-08-10T00:00:00.000,0.0,0.0,0.0,0.0,0.0,0.0,0.0,1.0,0.0,0.0,0.0,0.0,0.0,0.0,0.0,0.0,0.0,0.0,0.0,0.0,0.0,0.0,0.0,0.0,bbbbbbbb
2011-08-11T00:00:00.000,0.0,0.0,0.0,0.0,0.0,0.0,2.0,1.0,0.0,0.0,0.0,0.0,0.0,0.0,0.0,0.0,0.0,0.0,0.0,0.0,0.0,0.0,0.0,0.0,bbcbbbbb
2011-08-12T00:00:00.000,0.0,0.0,0.0,0.0,0.0,0.0,2.0,0.0,0.0,0.0,0.0,0.0,0.0,0.0,0.0,0.0,0.0,0.0,0.0,0.0,0.0,0.0,0.0,1.0,bbcbbbbb
2011-08-13T00:00:00.000,0.0,0.0,0.0,0.0,0.0,0.0,0.0,0.0,0.0,0.0,0.0,0.0,0.0,0.0,0.0,0.0,0.0,0.0,0.0,0.0,0.0,0.0,0.0,1.0,bbbbbbbb
2011-08-18T00:00:00.000,0.0,0.0,0.0,0.0,0.0,0.0,0.0,1.0,0.0,0.0,0.0,0.0,0.0,0.0,0.0,0.0,0.0,0.0,0.0,0.0,0.0,0.0,0.0,0.0,bbbbbbbb
2011-08-19T00:00:00.000,0.0,0.0,0.0,0.0,0.0,0.0,0.0,1.0,0.0,0.0,0.0,0.0,0.0,0.0,0.0,0.0,0.0,0.0,0.0,0.0,0.0,0.0,0.0,0.0,bbbbbbbb
2011-08-20T00:00:00.000,0.0,0.0,0.0,0.0,0.0,0.0,0.0,0.0,2.0,0.0,0.0,0.0,0.0,0.0,0.0,0.0,0.0,0.0,0.0,0.0,0.0,0.0,0.0,0.0,bbcbbbbb
2011-08-21T00:00:00.000,0.0,0.0,0.0,0.0,0.0,0.0,0.0,0.0,2.0,0.0,0.0,0.0,0.0,0.0,0.0,0.0,0.0,0.0,0.0,0.0,0.0,0.0,0.0,0.0,bbcbbbbb
2011-08-23T00:00:00.000,0.0,0.0,0.0,0.0,0.0,0.0,0.0,0.0,0.0,0.0,0.0,0.0,0.0,0.0,0.0,0.0,0.0,0.0,0.0,0.0,1.0,0.0,0.0,0.0,bbbbbbbb
2011-08-24T00:00:00.000,0.0,0.0,0.0,0.0,0.0,0.0,1.0,0.0,0.0,0.0,0.0,0.0,0.0,0.0,0.0,0.0,0.0,0.0,0.0,0.0,1.0,0.0,0.0,0.0,bbbbbbbb
2011-08-25T00:00:00.000,0.0,0.0,0.0,0.0,0.0,0.0,1.0,0.0,0.0,0.0,0.0,0.0,0.0,0.0,0.0,0.0,0.0,0.0,1.0,0.0,0.0,0.0,0.0,0.0,bbbbbbbb
2011-08-26T00:00:00.000,0.0,0.0,0.0,0.0,0.0,0.0,0.0,0.0,0.0,0.0,0.0,0.0,0.0,0.0,0.0,0.0,0.0,0.0,1.0,0.0,0.0,0.0,0.0,0.0,bbbbbbbb
2011-08-27T00:00:00.000,0.0,0.0,0.0,0.0,0.0,0.0,0.0,0.0,1.0,0.0,0.0,0.0,0.0,0.0,0.0,0.0,0.0,0.0,0.0,0.0,0.0,0.0,0.0,0.0,bbbbbbbb
2011-08-28T00:00:00.000,0.0,0.0,0.0,0.0,0.0,0.0,0.0,0.0,1.0,0.0,0.0,0.0,0.0,0.0,0.0,0.0,0.0,0.0,0.0,0.0,0.0,0.0,0.0,0.0,bbbbbbbb
2011-08-29T00:00:00.000,0.0,0.0,0.0,0.0,0.0,0.0,0.0,0.0,0.0,0.0,0.0,0.0,0.0,0.0,0.0,0.0,0.0,0.0,1.0,0.0,0.0,0.0,0.0,0.0,bbbbbbbb
2011-08-30T00:00:00.000,0.0,0.0,0.0,0.0,0.0,0.0,0.0,0.0,0.0,0.0,0.0,0.0,0.0,0.0,0.0,0.0,0.0,0.0,1.0,0.0,0.0,0.0,0.0,0.0,bbbbbbbb
2011-08-31T00:00:00.000,0.0,0.0,0.0,0.0,0.0,0.0,1.0,0.0,0.0,0.0,0.0,0.0,0.0,0.0,0.0,0.0,0.0,0.0,0.0,0.0,0.0,0.0,0.0,0.0,bbbbbbbb
2011-09-01T00:00:00.000,0.0,0.0,0.0,0.0,0.0,0.0,2.0,0.0,0.0,1.0,0.0,0.0,0.0,0.0,0.0,0.0,0.0,0.0,0.0,0.0,0.0,0.0,0.0,0.0,bbcbbbbb
2011-09-02T00:00:00.000,0.0,0.0,0.0,0.0,0.0,0.0,1.0,0.0,0.0,1.0,0.0,0.0,0.0,0.0,0.0,0.0,0.0,0.0,0.0,0.0,0.0,0.0,0.0,0.0,bbbbbbbb
2011-09-03T00:00:00.000,0.0,0.0,0.0,0.0,0.0,0.0,0.0,0.0,0.0,0.0,1.0,0.0,0.0,0.0,0.0,0.0,0.0,0.0,0.0,0.0,0.0,0.0,0.0,0.0,bbbbbbbb
2011-09-04T00:00:00.000,0.0,0.0,0.0,0.0,0.0,0.0,0.0,0.0,0.0,0.0,1.0,0.0,0.0,0.0,0.0,0.0,0.0,0.0,0.0,0.0,0.0,0.0,0.0,0.0,bbbbbbbb
2011-09-12T00:00:00.000,0.0,0.0,0.0,0.0,0.0,0.0,1.0,0.0,0.0,0.0,0.0,0.0,0.0,0.0,0.0,0.0,0.0,0.0,0.0,0.0,0.0,0.0,0.0,0.0,bbbbbbbb
2011-09-13T00:00:00.000,0.0,0.0,0.0,0.0,0.0,0.0,1.0,0.0,0.0,0.0,0.0,0.0,0.0,0.0,0.0,0.0,0.0,0.0,5.0,0.0,0.0,0.0,0.0,0.0,bbbbbbcb
2011-09-14T00:00:00.000,0.0,0.0,0.0,0.0,0.0,0.0,0.0,0.0,0.0,0.0,0.0,0.0,0.0,0.0,0.0,0.0,0.0,0.0,5.0,0.0,0.0,0.0,0.0,0.0,bbbbbbcb
2011-09-17T00:00:00.000,0.0,0.0,0.0,0.0,0.0,0.0,0.0,2.0,4.0,1.0,0.0,0.0,0.0,0.0,0.0,0.0,0.0,0.0,0.0,0.0,0.0,0.0,0.0,0.0,bbcbbbbb
2011-09-18T00:00:00.000,0.0,0.0,0.0,0.0,0.0,0.0,0.0,2.0,4.0,1.0,0.0,0.0,0.0,0.0,0.0,0.0,0.0,0.0,0.0,0.0,0.0,0.0,0.0,0.0,bbcbbbbb
2011-09-22T00:00:00.000,0.0,0.0,0.0,0.0,0.0,0.0,0.0,0.0,0.0,0.0,0.0,0.0,0.0,0.0,1.0,0.0,0.0,0.0,0.0,0.0,0.0,0.0,0.0,0.0,bbbbbbbb
2011-09-23T00:00:00.000,0.0,0.0,0.0,0.0,0.0,0.0,0.0,0.0,0.0,0.0,0.0,0.0,0.0,0.0,1.0,0.0,0.0,0.0,0.0,0.0,0.0,0.0,0.0,0.0,bbbbbbbb
2011-09-27T00:00:00.000,0.0,0.0,0.0,0.0,0.0,0.0,0.0,0.0,0.0,0.0,0.0,0.0,0.0,0.0,0.0,0.0,0.0,0.0,1.0,0.0,0.0,0.0,0.0,0.0,bbbbbbbb
2011-09-28T00:00:00.000,0.0,0.0,0.0,0.0,0.0,0.0,0.0,0.0,0.0,0.0,0.0,0.0,0.0,0.0,0.0,0.0,0.0,0.0,1.0,0.0,0.0,0.0,0.0,0.0,bbbbbbbb
2011-10-02T00:00:00.000,0.0,0.0,0.0,0.0,0.0,0.0,0.0,0.0,1.0,0.0,0.0,0.0,0.0,0.0,0.0,0.0,0.0,0.0,0.0,0.0,0.0,0.0,0.0,0.0,bbbbbbbb
2011-10-03T00:00:00.000,0.0,0.0,0.0,0.0,0.0,0.0,0.0,0.0,1.0,0.0,0.0,0.0,0.0,0.0,0.0,1.0,0.0,0.0,0.0,0.0,0.0,0.0,0.0,0.0,bbbbbbbb
2011-10-04T00:00:00.000,0.0,0.0,0.0,0.0,0.0,0.0,0.0,0.0,0.0,0.0,0.0,0.0,0.0,0.0,0.0,1.0,0.0,0.0,0.0,0.0,0.0,0.0,0.0,0.0,bbbbbbbb
2011-10-08T00:00:00.000,0.0,0.0,0.0,0.0,0.0,0.0,0.0,0.0,2.0,1.0,0.0,0.0,0.0,0.0,0.0,0.0,0.0,0.0,0.0,0.0,0.0,0.0,0.0,0.0,bbcbbbbb
2011-10-09T00:00:00.000,0.0,0.0,0.0,0.0,0.0,0.0,0.0,0.0,2.0,1.0,0.0,0.0,0.0,0.0,0.0,0.0,0.0,0.0,0.0,0.0,0.0,0.0,0.0,0.0,bbcbbbbb
2011-10-18T00:00:00.000,0.0,0.0,0.0,0.0,0.0,0.0,0.0,0.0,0.0,0.0,0.0,0.0,0.0,0.0,0.0,0.0,0.0,0.0,0.0,0.0,0.0,0.0,1.0,0.0,bbbbbbbb
2011-10-19T00:00:00.000,0.0,0.0,0.0,0.0,0.0,0.0,1.0,0.0,0.0,0.0,0.0,0.0,0.0,0.0,0.0,0.0,0.0,0.0,0.0,0.0,0.0,0.0,1.0,0.0,bbbbbbbb
2011-10-20T00:00:00.000,0.0,0.0,0.0,0.0,0.0,0.0,1.0,0.0,0.0,0.0,0.0,0.0,0.0,0.0,0.0,0.0,0.0,0.0,0.0,0.0,0.0,0.0,0.0,0.0,bbbbbbbb
2011-10-23T00:00:00.000,0.0,0.0,0.0,0.0,0.0,0.0,1.0,0.0,0.0,0.0,0.0,0.0,0.0,0.0,0.0,0.0,0.0,0.0,0.0,0.0,0.0,0.0,0.0,0.0,bbbbbbbb
2011-10-24T00:00:00.000,0.0,0.0,0.0,0.0,0.0,0.0,1.0,0.0,0.0,0.0,0.0,0.0,0.0,0.0,0.0,0.0,1.0,0.0,0.0,0.0,0.0,0.0,0.0,0.0,bbbbbbbb
2011-10-25T00:00:00.000,0.0,0.0,0.0,0.0,0.0,0.0,0.0,0.0,0.0,0.0,0.0,0.0,0.0,0.0,0.0,0.0,1.0,0.0,0.0,0.0,0.0,0.0,0.0,0.0,bbbbbbbb
2011-10-30T00:00:00.000,0.0,0.0,0.0,0.0,0.0,0.0,0.0,0.0,0.0,0.0,0.0,1.0,0.0,0.0,0.0,0.0,0.0,0.0,0.0,0.0,0.0,0.0,0.0,0.0,bbbbbbbb
2011-10-31T00:00:00.000,0.0,0.0,0.0,0.0,0.0,0.0,0.0,0.0,0.0,0.0,0.0,1.0,0.0,0.0,0.0,0.0,0.0,0.0,0.0,0.0,0.0,0.0,0.0,0.0,bbbbbbbb
2011-11-03T00:00:00.000,0.0,0.0,0.0,0.0,0.0,0.0,0.0,0.0,0.0,0.0,1.0,0.0,0.0,0.0,0.0,0.0,0.0,0.0,0.0,0.0,0.0,0.0,0.0,0.0,bbbbbbbb
2011-11-04T00:00:00.000,0.0,0.0,0.0,0.0,0.0,0.0,0.0,0.0,0.0,0.0,1.0,0.0,0.0,0.0,0.0,0.0,0.0,0.0,0.0,0.0,0.0,0.0,0.0,0.0,bbbbbbbb
2011-11-05T00:00:00.000,0.0,0.0,0.0,0.0,0.0,0.0,2.0,5.0,1.0,0.0,0.0,0.0,0.0,0.0,0.0,0.0,0.0,0.0,0.0,0.0,0.0,0.0,0.0,0.0,bbcbbbbb
2011-11-06T00:00:00.000,0.0,0.0,0.0,0.0,0.0,1.0,3.0,5.0,1.0,0.0,0.0,0.0,0.0,0.0,0.0,0.0,0.0,0.0,0.0,0.0,0.0,0.0,0.0,0.0,bbcbbbbb
2011-11-07T00:00:00.000,0.0,0.0,0.0,0.0,0.0,1.0,1.0,0.0,0.0,0.0,0.0,0.0,0.0,0.0,0.0,0.0,0.0,0.0,0.0,0.0,0.0,0.0,0.0,0.0,bbbbbbbb
2011-11-15T00:00:00.000,0.0,0.0,0.0,0.0,0.0,0.0,0.0,0.0,0.0,0.0,0.0,0.0,0.0,0.0,0.0,0.0,0.0,0.0,0.0,1.0,0.0,0.0,0.0,0.0,bbbbbbbb
2011-11-16T00:00:00.000,0.0,0.0,0.0,0.0,0.0,0.0,0.0,0.0,0.0,0.0,0.0,0.0,0.0,0.0,0.0,0.0,0.0,0.0,0.0,1.0,0.0,0.0,0.0,0.0,bbbbbbbb
2011-11-18T00:00:00.000,0.0,0.0,0.0,0.0,0.0,0.0,0.0,0.0,0.0,1.0,0.0,0.0,0.0,0.0,0.0,0.0,0.0,0.0,0.0,0.0,0.0,1.0,0.0,0.0,bbbbbbbb
2011-11-19T00:00:00.000,0.0,0.0,0.0,0.0,0.0,0.0,0.0,0.0,0.0,1.0,0.0,0.0,0.0,0.0,0.0,0.0,0.0,0.0,0.0,0.0,0.0,1.0,0.0,0.0,bbbbbbbb
2011-11-27T00:00:00.000,0.0,0.0,0.0,0.0,0.0,1.0,0.0,0.0,0.0,0.0,0.0,0.0,0.0,0.0,0.0,0.0,0.0,0.0,0.0,0.0,0.0,0.0,0.0,0.0,bbbbbbbb
2011-11-28T00:00:00.000,0.0,0.0,0.0,0.0,0.0,1.0,0.0,0.0,0.0,0.0,0.0,0.0,0.0,0.0,0.0,0.0,0.0,0.0,0.0,0.0,0.0,0.0,0.0,0.0,bbbbbbbb
2011-12-01T00:00:00.000,0.0,0.0,0.0,0.0,0.0,0.0,0.0,0.0,0.0,0.0,1.0,0.0,0.0,1.0,0.0,0.0,0.0,0.0,0.0,0.0,0.0,0.0,0.0,0.0,bbbbbbbb
2011-12-02T00:00:00.000,0.0,0.0,0.0,0.0,0.0,0.0,0.0,0.0,0.0,0.0,1.0,0.0,0.0,1.0,0.0,0.0,0.0,0.0,0.0,0.0,0.0,0.0,0.0,0.0,bbbbbbbb
2011-12-12T00:00:00.000,0.0,0.0,0.0,0.0,0.0,0.0,0.0,0.0,0.0,1.0,0.0,0.0,0.0,0.0,0.0,0.0,0.0,0.0,0.0,0.0,0.0,0.0,0.0,0.0,bbbbbbbb
2011-12-13T00:00:00.000,0.0,0.0,0.0,0.0,0.0,0.0,0.0,0.0,0.0,1.0,0.0,0.0,0.0,0.0,0.0,0.0,0.0,0.0,0.0,0.0,0.0,0.0,0.0,0.0,bbbbbbbb
2011-12-14T00:00:00.000,0.0,0.0,0.0,0.0,0.0,1.0,0.0,0.0,0.0,0.0,0.0,0.0,0.0,0.0,0.0,0.0,0.0,0.0,0.0,0.0,0.0,0.0,0.0,0.0,bbbbbbbb
2011-12-15T00:00:00.000,0.0,0.0,0.0,0.0,0.0,1.0,0.0,0.0,0.0,0.0,0.0,0.0,0.0,0.0,0.0,0.0,0.0,0.0,0.0,0.0,0.0,0.0,0.0,0.0,bbbbbbbb
2011-12-26T00:00:00.000,0.0,0.0,0.0,0.0,0.0,0.0,0.0,0.0,0.0,0.0,0.0,0.0,0.0,0.0,0.0,0.0,0.0,0.0,0.0,0.0,1.0,0.0,0.0,0.0,bbbbbbbb
2011-12-27T00:00:00.000,0.0,0.0,0.0,0.0,0.0,0.0,0.0,0.0,0.0,0.0,0.0,0.0,0.0,0.0,0.0,0.0,0.0,0.0,0.0,0.0,1.0,0.0,0.0,0.0,bbbbbbbb
2012-01-10T00:00:00.000,0.0,0.0,0.0,0.0,0.0,0.0,1.0,0.0,0.0,0.0,0.0,0.0,0.0,0.0,0.0,0.0,0.0,0.0,0.0,0.0,0.0,0.0,0.0,0.0,bbbbbbbb
2012-01-11T00:00:00.000,0.0,0.0,0.0,0.0,0.0,0.0,1.0,0.0,0.0,1.0,0.0,0.0,0.0,0.0,0.0,0.0,0.0,0.0,0.0,0.0,0.0,0.0,0.0,0.0,bbbbbbbb
2012-01-12T00:00:00.000,0.0,0.0,0.0,0.0,0.0,0.0,0.0,0.0,0.0,1.0,0.0,0.0,0.0,0.0,0.0,0.0,0.0,0.0,0.0,0.0,0.0,0.0,0.0,0.0,bbbbbbbb
2012-01-17T00:00:00.000,0.0,0.0,0.0,0.0,0.0,0.0,0.0,0.0,0.0,0.0,0.0,0.0,1.0,0.0,0.0,0.0,0.0,0.0,0.0,0.0,0.0,0.0,0.0,0.0,bbbbbbbb
2012-01-18T00:00:00.000,0.0,0.0,0.0,0.0,0.0,0.0,1.0,0.0,0.0,1.0,0.0,0.0,1.0,0.0,0.0,0.0,0.0,0.0,0.0,0.0,0.0,0.0,0.0,0.0,bbbbbbbb
2012-01-19T00:00:00.000,0.0,0.0,0.0,0.0,0.0,1.0,1.0,0.0,0.0,1.0,0.0,0.0,0.0,0.0,0.0,0.0,0.0,0.0,0.0,0.0,0.0,0.0,0.0,0.0,bbbbbbbb
2012-01-20T00:00:00.000,0.0,0.0,0.0,0.0,0.0,2.0,0.0,0.0,0.0,0.0,0.0,0.0,0.0,0.0,0.0,0.0,0.0,0.0,0.0,0.0,0.0,0.0,0.0,0.0,bcbbbbbb
2012-01-21T00:00:00.000,0.0,0.0,0.0,0.0,0.0,1.0,0.0,0.0,0.0,0.0,0.0,0.0,0.0,0.0,0.0,0.0,0.0,0.0,0.0,0.0,0.0,0.0,0.0,0.0,bbbbbbbb
2012-01-23T00:00:00.000,0.0,0.0,0.0,0.0,0.0,0.0,1.0,0.0,0.0,0.0,0.0,0.0,0.0,0.0,0.0,0.0,0.0,0.0,0.0,0.0,0.0,0.0,0.0,0.0,bbbbbbbb
2012-01-24T00:00:00.000,0.0,0.0,0.0,0.0,0.0,0.0,1.0,0.0,0.0,0.0,0.0,0.0,0.0,0.0,0.0,0.0,0.0,0.0,0.0,0.0,0.0,0.0,0.0,0.0,bbbbbbbb
2012-02-05T00:00:00.000,0.0,0.0,0.0,0.0,0.0,0.0,0.0,0.0,0.0,1.0,0.0,0.0,0.0,0.0,0.0,0.0,0.0,0.0,0.0,0.0,0.0,0.0,0.0,0.0,bbbbbbbb
2012-02-06T00:00:00.000,0.0,0.0,0.0,0.0,0.0,0.0,0.0,0.0,0.0,1.0,0.0,0.0,0.0,0.0,0.0,0.0,0.0,0.0,0.0,0.0,0.0,0.0,0.0,0.0,bbbbbbbb
2012-02-15T00:00:00.000,0.0,0.0,0.0,0.0,0.0,0.0,1.0,0.0,0.0,0.0,0.0,1.0,0.0,0.0,0.0,0.0,0.0,0.0,0.0,0.0,0.0,0.0,0.0,0.0,bbbbbbbb
2012-02-16T00:00:00.000,0.0,0.0,0.0,0.0,0.0,0.0,2.0,0.0,0.0,0.0,0.0,1.0,0.0,0.0,0.0,0.0,0.0,0.0,0.0,0.0,0.0,0.0,0.0,0.0,bbcbbbbb
2012-02-17T00:00:00.000,0.0,0.0,0.0,0.0,0.0,0.0,1.0,0.0,0.0,0.0,0.0,0.0,0.0,0.0,0.0,0.0,0.0,0.0,0.0,0.0,0.0,0.0,0.0,0.0,bbbbbbbb
2012-03-10T00:00:00.000,0.0,0.0,0.0,0.0,0.0,0.0,0.0,0.0,0.0,0.0,0.0,0.0,0.0,0.0,0.0,2.0,1.0,0.0,0.0,0.0,0.0,0.0,0.0,0.0,bbbbbcbb
2012-03-11T00:00:00.000,0.0,0.0,0.0,0.0,0.0,0.0,0.0,0.0,0.0,0.0,0.0,0.0,0.0,0.0,0.0,2.0,1.0,0.0,0.0,0.0,0.0,0.0,0.0,0.0,bbbbbcbb
2012-03-21T00:00:00.000,0.0,0.0,0.0,0.0,0.0,0.0,0.0,0.0,0.0,0.0,0.0,0.0,0.0,0.0,0.0,0.0,0.0,0.0,0.0,0.0,0.0,1.0,0.0,0.0,bbbbbbbb
2012-03-22T00:00:00.000,0.0,0.0,0.0,0.0,0.0,0.0,0.0,0.0,0.0,0.0,0.0,0.0,0.0,0.0,0.0,0.0,0.0,0.0,0.0,0.0,0.0,1.0,0.0,0.0,bbbbbbbb
2012-03-30T00:00:00.000,0.0,0.0,0.0,0.0,0.0,0.0,1.0,0.0,0.0,0.0,0.0,0.0,0.0,0.0,0.0,0.0,0.0,0.0,0.0,0.0,0.0,0.0,0.0,0.0,bbbbbbbb
2012-03-31T00:00:00.000,0.0,0.0,0.0,0.0,0.0,0.0,1.0,0.0,0.0,0.0,0.0,0.0,0.0,0.0,0.0,0.0,0.0,0.0,0.0,0.0,0.0,0.0,0.0,0.0,bbbbbbbb
2012-04-02T00:00:00.000,0.0,0.0,0.0,0.0,0.0,0.0,0.0,0.0,0.0,0.0,0.0,0.0,0.0,0.0,0.0,0.0,0.0,0.0,0.0,0.0,0.0,1.0,0.0,0.0,bbbbbbbb
2012-04-03T00:00:00.000,0.0,0.0,0.0,0.0,0.0,0.0,0.0,0.0,0.0,0.0,0.0,0.0,0.0,0.0,0.0,0.0,0.0,0.0,0.0,0.0,0.0,1.0,0.0,0.0,bbbbbbbb
2012-04-10T00:00:00.000,0.0,0.0,0.0,0.0,0.0,0.0,0.0,0.0,0.0,0.0,0.0,0.0,0.0,0.0,0.0,0.0,0.0,0.0,1.0,0.0,0.0,0.0,0.0,0.0,bbbbbbbb
2012-04-11T00:00:00.000,0.0,0.0,0.0,0.0,0.0,0.0,0.0,0.0,0.0,0.0,0.0,0.0,0.0,0.0,0.0,0.0,0.0,0.0,1.0,0.0,0.0,0.0,0.0,0.0,bbbbbbbb
2012-04-20T00:00:00.000,0.0,0.0,0.0,0.0,0.0,0.0,0.0,0.0,0.0,0.0,0.0,0.0,0.0,0.0,0.0,1.0,0.0,0.0,0.0,0.0,0.0,0.0,0.0,0.0,bbbbbbbb
2012-04-21T00:00:00.000,0.0,0.0,0.0,0.0,0.0,0.0,0.0,0.0,0.0,0.0,0.0,0.0,0.0,0.0,0.0,1.0,0.0,0.0,0.0,0.0,0.0,0.0,0.0,0.0,bbbbbbbb
2012-04-24T00:00:00.000,0.0,0.0,0.0,0.0,0.0,0.0,0.0,0.0,0.0,0.0,0.0,0.0,0.0,0.0,0.0,0.0,0.0,0.0,0.0,0.0,0.0,0.0,0.0,1.0,bbbbbbbb
2012-04-25T00:00:00.000,0.0,0.0,0.0,0.0,0.0,0.0,0.0,0.0,0.0,0.0,0.0,0.0,0.0,0.0,0.0,0.0,0.0,0.0,0.0,0.0,0.0,0.0,0.0,1.0,bbbbbbbb
2012-06-09T00:00:00.000,0.0,0.0,0.0,0.0,0.0,0.0,1.0,0.0,0.0,0.0,0.0,0.0,0.0,0.0,0.0,0.0,0.0,0.0,0.0,0.0,0.0,0.0,0.0,0.0,bbbbbbbb
2012-06-10T00:00:00.000,0.0,0.0,0.0,0.0,0.0,0.0,1.0,0.0,0.0,0.0,0.0,0.0,0.0,0.0,0.0,0.0,0.0,0.0,0.0,0.0,0.0,0.0,0.0,0.0,bbbbbbbb
2012-06-25T00:00:00.000,0.0,0.0,0.0,0.0,0.0,0.0,0.0,1.0,0.0,0.0,0.0,0.0,0.0,0.0,0.0,0.0,0.0,0.0,0.0,0.0,0.0,0.0,0.0,0.0,bbbbbbbb
2012-06-26T00:00:00.000,0.0,0.0,0.0,0.0,0.0,0.0,0.0,1.0,0.0,0.0,0.0,0.0,0.0,0.0,0.0,0.0,0.0,0.0,0.0,0.0,0.0,0.0,0.0,0.0,bbbbbbbb
2012-07-08T00:00:00.000,0.0,0.0,0.0,0.0,0.0,0.0,0.0,0.0,1.0,0.0,0.0,0.0,0.0,0.0,0.0,0.0,0.0,0.0,0.0,0.0,0.0,0.0,0.0,0.0,bbbbbbbb
2012-07-09T00:00:00.000,0.0,0.0,0.0,0.0,0.0,0.0,0.0,0.0,1.0,0.0,0.0,0.0,0.0,0.0,0.0,0.0,0.0,0.0,0.0,0.0,0.0,0.0,0.0,0.0,bbbbbbbb
2012-07-12T00:00:00.000,0.0,0.0,0.0,0.0,0.0,0.0,0.0,0.0,0.0,1.0,0.0,0.0,0.0,0.0,0.0,0.0,0.0,0.0,0.0,0.0,0.0,0.0,0.0,0.0,bbbbbbbb
2012-07-13T00:00:00.000,0.0,0.0,0.0,0.0,0.0,0.0,0.0,0.0,0.0,1.0,0.0,0.0,0.0,0.0,0.0,0.0,0.0,0.0,0.0,0.0,0.0,0.0,0.0,0.0,bbbbbbbb
2012-07-15T00:00:00.000,0.0,0.0,0.0,0.0,0.0,0.0,0.0,0.0,0.0,0.0,0.0,0.0,0.0,0.0,0.0,0.0,0.0,0.0,0.0,0.0,0.0,1.0,0.0,0.0,bbbbbbbb
2012-07-16T00:00:00.000,0.0,0.0,0.0,0.0,0.0,0.0,0.0,0.0,0.0,0.0,0.0,0.0,0.0,0.0,0.0,0.0,0.0,0.0,0.0,0.0,0.0,1.0,0.0,0.0,bbbbbbbb
2012-07-18T00:00:00.000,0.0,0.0,0.0,0.0,0.0,0.0,0.0,0.0,0.0,0.0,2.0,0.0,0.0,0.0,0.0,0.0,0.0,0.0,0.0,0.0,0.0,0.0,0.0,0.0,bbbcbbbb
2012-07-19T00:00:00.000,0.0,0.0,0.0,0.0,0.0,0.0,0.0,0.0,0.0,0.0,2.0,0.0,0.0,0.0,0.0,0.0,0.0,0.0,0.0,0.0,0.0,0.0,0.0,0.0,bbbcbbbb
