2009-03-05T00:00:00.000,0.0,0.0,0.0,0.0,0.0,1.0,0.0,0.0,1.0,1.0,1.0,0.0,1.0,0.0,0.0,0.0,0.0,0.0,0.0,0.0,0.0,1.0,0.0,0.0,bbbcbbbb
2009-03-06T00:00:00.000,0.0,0.0,0.0,0.0,0.0,0.0,0.0,0.0,0.0,0.0,0.0,0.0,0.0,0.0,0.0,0.0,0.0,0.0,0.0,0.0,0.0,1.0,0.0,2.0,bbbbbbbc
2009-03-07T00:00:00.000,1.0,0.0,0.0,0.0,0.0,0.0,0.0,0.0,0.0,0.0,0.0,0.0,0.0,0.0,0.0,0.0,0.0,0.0,0.0,0.0,0.0,0.0,0.0,2.0,bbbbbbbc
2009-03-08T00:00:00.000,1.0,0.0,0.0,0.0,0.0,0.0,0.0,0.0,0.0,0.0,0.0,0.0,0.0,0.0,0.0,0.0,0.0,1.0,0.0,0.0,0.0,0.0,0.0,0.0,bbbbbbbb
2009-03-09T00:00:00.000,0.0,0.0,0.0,0.0,0.0,2.0,0.0,0.0,0.0,0.0,0.0,0.0,0.0,0.0,0.0,0.0,0.0,1.0,0.0,0.0,0.0,0.0,0.0,0.0,bcbbbbbb
2009-03-10T00:00:00.000,0.0,0.0,0.0,0.0,0.0,2.0,0.0,0.0,0.0,0.0,0.0,0.0,0.0,0.0,0.0,0.0,0.0,1.0,1.0,0.0,2.0,1.0,0.0,0.0,acaaabcb
2009-03-11T00:00:00.000,0.0,0.0,1.0,0.0,3.0,0.0,1.0,0.0,1.0,0.0,0.0,0.0,0.0,1.0,3.0,2.0,0.0,1.0,1.0,0.0,2.0,1.0,0.0,0.0,bbbacbbb
2009-03-12T00:00:00.000,1.0,0.0,1.0,0.0,3.0,0.0,1.0,0.0,1.0,0.0,0.0,0.0,0.0,1.0,3.0,2.0,0.0,1.0,1.0,0.0,1.0,0.0,0.0,0.0,bbbacbba
2009-03-13T00:00:00.000,1.0,1.0,0.0,1.0,0.0,0.0,1.0,1.0,2.0,2.0,0.0,1.0,0.0,0.0,1.0,2.0,1.0,1.0,2.0,0.0,1.0,0.0,0.0,0.0,bacbacba
2009-03-14T00:00:00.000,0.0,1.0,0.0,2.0,0.0,0.0,1.0,1.0,2.0,2.0,0.0,1.0,0.0,0.0,1.0,2.0,1.0,0.0,1.0,0.0,0.0,0.0,0.0,0.0,bbccbcba
2009-03-15T00:00:00.000,0.0,0.0,0.0,1.0,0.0,0.0,0.0,0.0,0.0,0.0,0.0,0.0,0.0,0.0,0.0,0.0,0.0,0.0,0.0,0.0,0.0,0.0,0.0,0.0,bbbbbbbb
2009-03-16T00:00:00.000,0.0,0.0,0.0,0.0,0.0,0.0,0.0,0.0,0.0,0.0,0.0,0.0,0.0,0.0,0.0,0.0,0.0,0.0,0.0,0.0,0.0,0.0,1.0,0.0,bbbbbbbb
2009-03-17T00:00:00.000,0.0,0.0,0.0,0.0,0.0,0.0,0.0,0.0,0.0,0.0,0.0,0.0,0.0,0.0,0.0,0.0,0.0,0.0,0.0,0.0,0.0,0.0,1.0,0.0,bbbbbbbb
2009-03-24T00:00:00.000,0.0,0.0,0.0,0.0,0.0,0.0,0.0,0.0,0.0,0.0,1.0,0.0,0.0,0.0,0.0,0.0,0.0,0.0,0.0,0.0,0.0,1.0,0.0,0.0,bbbbbbbb
2009-03-25T00:00:00.000,0.0,0.0,0.0,0.0,0.0,0.0,0.0,0.0,0.0,0.0,1.0,0.0,0.0,0.0,0.0,0.0,0.0,0.0,0.0,0.0,0.0,1.0,0.0,0.0,bbbbbbbb
2009-09-06T00:00:00.000,0.0,0.0,0.0,0.0,0.0,0.0,0.0,0.0,0.0,0.0,0.0,0.0,0.0,0.0,0.0,0.0,0.0,2.0,0.0,0.0,0.0,0.0,0.0,0.0,bbbbbcbb
2009-09-07T00:00:00.000,0.0,0.0,0.0,0.0,1.0,0.0,1.0,0.0,0.0,0.0,0.0,0.0,0.0,0.0,1.0,1.0,0.0,2.0,0.0,0.0,0.0,0.0,0.0,0.0,abbabcaa
2009-09-08T00:00:00.000,0.0,0.0,0.0,0.0,1.0,0.0,1.0,1.0,0.0,0.0,0.0,0.0,0.0,0.0,2.0,3.0,3.0,3.0,1.0,0.0,0.0,0.0,0.0,0.0,abbabcba
2009-09-09T00:00:00.000,0.0,0.0,0.0,0.0,0.0,2.0,0.0,4.0,0.0,3.0,4.0,0.0,1.0,0.0,1.0,2.0,5.0,3.0,1.0,2.0,0.0,0.0,0.0,0.0,abbcbcba
2009-09-10T00:00:00.000,0.0,0.0,0.0,0.0,0.0,7.0,0.0,6.0,2.0,5.0,6.0,0.0,1.0,0.0,1.0,1.0,4.0,1.0,0.0,3.0,0.0,0.0,0.0,0.0,abccbbba
2009-09-11T00:00:00.000,0.0,0.0,0.0,0.0,0.0,5.0,0.0,3.0,4.0,4.0,4.0,0.0,0.0,0.0,2.0,1.0,2.0,1.0,0.0,1.0,0.0,0.0,0.0,0.0,abccbbaa
2009-09-12T00:00:00.000,0.0,0.0,0.0,0.0,0.0,0.0,0.0,0.0,2.0,2.0,3.0,2.0,3.0,1.0,1.0,1.0,1.0,0.0,0.0,0.0,0.0,0.0,0.0,0.0,aabccbaa
2009-09-13T00:00:00.000,0.0,0.0,0.0,0.0,0.0,0.0,2.0,5.0,4.0,1.0,3.0,3.0,7.0,1.0,1.0,2.0,1.0,0.0,3.0,4.0,0.0,0.0,0.0,0.0,aacbcbba
2009-09-14T00:00:00.000,0.0,0.0,0.0,0.0,0.0,0.0,2.0,5.0,4.0,2.0,4.0,2.0,4.0,1.0,4.0,5.0,2.0,2.0,6.0,5.0,0.0,1.0,0.0,0.0,aacbccca
2009-09-15T00:00:00.000,0.0,0.0,0.0,0.0,0.0,0.0,0.0,1.0,2.0,2.0,3.0,7.0,2.0,1.0,5.0,6.0,4.0,2.0,3.0,1.0,4.0,1.0,1.0,2.0,aaacbcbb
2009-09-16T00:00:00.000,0.0,0.0,0.0,0.0,0.0,3.0,0.0,3.0,7.0,2.0,3.0,6.0,2.0,1.0,4.0,2.0,3.0,5.0,2.0,1.0,5.0,1.0,2.0,2.0,aaccbcbb
2009-09-17T00:00:00.000,0.0,0.0,0.0,0.0,2.0,5.0,2.0,4.0,8.0,5.0,4.0,1.0,1.0,1.0,3.0,2.0,3.0,7.0,2.0,2.0,3.0,1.0,1.0,0.0,abccbcba
2009-09-18T00:00:00.000,0.0,0.0,0.0,0.0,2.0,2.0,2.0,3.0,4.0,5.0,2.0,4.0,1.0,0.0,2.0,2.0,2.0,2.0,2.0,1.0,3.0,0.0,1.0,0.0,abccabba
2009-09-19T00:00:00.000,3.0,0.0,0.0,0.0,0.0,0.0,0.0,1.0,1.0,3.0,0.0,3.0,0.0,0.0,1.0,2.0,2.0,0.0,2.0,3.0,3.0,2.0,4.0,0.0,babcabcc
2009-09-20T00:00:00.000,3.0,0.0,0.0,0.0,0.0,0.0,0.0,0.0,0.0,2.0,0.0,1.0,1.0,0.0,0.0,4.0,3.0,1.0,5.0,3.0,2.0,3.0,3.0,0.0,baabaccc
2009-09-21T00:00:00.000,0.0,0.0,0.0,0.0,0.0,1.0,1.0,1.0,0.0,0.0,0.0,1.0,1.0,0.0,0.0,2.0,1.0,1.0,6.0,2.0,2.0,1.0,0.0,4.0,aabaabcc
2009-09-22T00:00:00.000,2.0,0.0,0.0,0.0,0.0,1.0,1.0,1.0,1.0,1.0,4.0,1.0,0.0,0.0,2.0,1.0,3.0,1.0,2.0,6.0,3.0,1.0,0.0,4.0,aabbabcb
2009-09-23T00:00:00.000,2.0,0.0,0.0,0.0,0.0,1.0,3.0,2.0,3.0,3.0,5.0,1.0,1.0,0.0,4.0,3.0,7.0,2.0,2.0,5.0,2.0,1.0,0.0,0.0,aabcbcca
2009-09-24T00:00:00.000,0.0,0.0,0.0,0.0,0.0,2.0,3.0,2.0,3.0,3.0,1.0,1.0,1.0,0.0,2.0,4.0,7.0,1.0,2.0,1.0,2.0,1.0,1.0,0.0,aacbbcba
2009-09-25T00:00:00.000,0.0,0.0,0.0,0.0,0.0,1.0,0.0,0.0,1.0,1.0,0.0,2.0,0.0,0.0,0.0,2.0,3.0,0.0,1.0,0.0,1.0,1.0,1.0,0.0,abbcacbb
2009-09-26T00:00:00.000,0.0,0.0,0.0,0.0,0.0,0.0,0.0,0.0,0.0,0.0,0.0,1.0,0.0,0.0,0.0,0.0,0.0,0.0,0.0,0.0,0.0,0.0,0.0,0.0,bbbbbbbb
2009-09-27T00:00:00.000,0.0,0.0,0.0,0.0,0.0,2.0,2.0,1.0,0.0,0.0,0.0,0.0,2.0,1.0,0.0,0.0,0.0,1.0,0.0,0.0,0.0,0.0,0.0,0.0,abcacbaa
2009-09-28T00:00:00.000,0.0,0.0,1.0,0.0,2.0,4.0,3.0,5.0,0.0,0.0,0.0,3.0,3.0,2.0,0.0,0.0,0.0,1.0,0.0,1.0,2.0,0.0,1.0,1.0,accbbabb
2009-09-29T00:00:00.000,2.0,3.0,1.0,0.0,2.0,4.0,3.0,4.0,0.0,0.0,0.0,3.0,2.0,2.0,3.0,0.0,0.0,0.0,0.0,1.0,2.0,1.0,1.0,1.0,bbcbcabb
2009-09-30T00:00:00.000,2.0,3.0,0.0,0.0,0.0,4.0,2.0,1.0,0.0,0.0,0.0,0.0,1.0,1.0,3.0,1.0,1.0,2.0,3.0,1.0,1.0,1.0,0.0,0.0,cbbacbca
2009-10-01T00:00:00.000,0.0,0.0,0.0,0.0,0.0,4.0,0.0,2.0,1.0,2.0,2.0,0.0,4.0,1.0,1.0,3.0,3.0,5.0,5.0,2.0,2.0,0.0,0.0,0.0,abbbbcca
2009-10-02T00:00:00.000,0.0,0.0,0.0,0.0,0.0,2.0,0.0,1.0,1.0,3.0,3.0,1.0,5.0,2.0,3.0,4.0,4.0,6.0,6.0,3.0,3.0,0.0,1.0,1.0,aaabccca
2009-10-03T00:00:00.000,1.0,0.0,0.0,0.0,0.0,0.0,0.0,0.0,0.0,1.0,1.0,1.0,1.0,1.0,2.0,4.0,3.0,7.0,6.0,2.0,2.0,0.0,1.0,1.0,aaabbccb
2009-10-04T00:00:00.000,1.0,0.0,0.0,0.0,1.0,0.0,0.0,0.0,0.0,1.0,1.0,2.0,2.0,2.0,2.0,4.0,1.0,4.0,2.0,3.0,2.0,1.0,0.0,0.0,aaabccca
2009-10-05T00:00:00.000,0.0,0.0,0.0,0.0,2.0,6.0,1.0,2.0,0.0,1.0,1.0,2.0,3.0,4.0,4.0,3.0,1.0,2.0,0.0,7.0,4.0,1.0,4.0,1.0,ababcbcb
2009-10-06T00:00:00.000,0.0,0.0,0.0,0.0,1.0,6.0,1.0,4.0,1.0,1.0,2.0,1.0,2.0,4.0,4.0,4.0,3.0,3.0,1.0,4.0,2.0,0.0,5.0,3.0,abbaccbb
2009-10-07T00:00:00.000,1.0,0.0,1.0,0.0,0.0,1.0,0.0,2.0,1.0,1.0,2.0,1.0,2.0,7.0,3.0,6.0,4.0,2.0,4.0,1.0,0.0,0.0,1.0,2.0,aabbccbb
2009-10-08T00:00:00.000,1.0,0.0,2.0,0.0,0.0,1.0,3.0,1.0,3.0,1.0,7.0,4.0,1.0,5.0,1.0,5.0,4.0,3.0,4.0,1.0,0.0,0.0,0.0,0.0,aabcbcba
2009-10-09T00:00:00.000,0.0,0.0,1.0,0.0,0.0,0.0,3.0,2.0,8.0,2.0,7.0,6.0,4.0,0.0,2.0,2.0,3.0,3.0,4.0,0.0,0.0,0.0,3.0,0.0,aaccbbba
2009-10-10T00:00:00.000,0.0,0.0,0.0,0.0,0.0,0.0,0.0,2.0,6.0,6.0,1.0,2.0,6.0,2.0,2.0,1.0,2.0,2.0,4.0,0.0,1.0,0.0,3.0,0.0,aacccbbb
2009-10-11T00:00:00.000,0.0,0.0,0.0,4.0,2.0,1.0,1.0,3.0,1.0,7.0,3.0,2.0,3.0,2.0,2.0,1.0,1.0,1.0,1.0,0.0,1.0,0.0,0.0,0.0,acbccbaa
2009-10-12T00:00:00.000,0.0,0.0,0.0,4.0,2.0,4.0,3.0,6.0,2.0,3.0,3.0,2.0,2.0,1.0,7.0,1.0,2.0,2.0,0.0,2.0,1.0,1.0,0.0,0.0,accbcbaa
2009-10-13T00:00:00.000,0.0,0.0,0.0,0.0,0.0,3.0,2.0,4.0,5.0,1.0,1.0,0.0,3.0,2.0,5.0,2.0,2.0,3.0,6.0,2.0,5.0,2.0,0.0,0.0,aacacbca
2009-10-14T00:00:00.000,0.0,0.0,1.0,0.0,1.0,0.0,0.0,6.0,4.0,4.0,3.0,3.0,11.0,2.0,0.0,2.0,2.0,2.0,6.0,0.0,4.0,1.0,0.0,0.0,aacccbca
2009-10-15T00:00:00.000,0.0,0.0,1.0,0.0,1.0,1.0,3.0,6.0,6.0,8.0,4.0,7.0,12.0,1.0,0.0,1.0,2.0,1.0,0.0,0.0,0.0,1.0,0.0,0.0,aacccbaa
2009-10-16T00:00:00.000,0.0,0.0,0.0,1.0,0.0,1.0,3.0,0.0,6.0,4.0,3.0,4.0,4.0,1.0,0.0,0.0,0.0,3.0,2.0,1.0,0.0,1.0,0.0,0.0,abccbbba
2009-10-17T00:00:00.000,0.0,0.0,0.0,1.0,5.0,0.0,2.0,0.0,2.0,3.0,2.0,5.0,4.0,3.0,1.0,2.0,0.0,4.0,2.0,1.0,0.0,0.0,0.0,0.0,abbccbba
2009-10-18T00:00:00.000,0.0,0.0,0.0,1.0,5.0,0.0,4.0,0.0,3.0,6.0,1.0,6.0,4.0,3.0,1.0,4.0,0.0,2.0,2.0,1.0,0.0,0.0,0.0,0.0,abbcbbba
2009-10-19T00:00:00.000,0.0,0.0,0.0,1.0,4.0,1.0,3.0,3.0,4.0,8.0,4.0,1.0,1.0,2.0,0.0,4.0,1.0,1.0,2.0,1.0,0.0,0.0,0.0,0.0,abccbbba
2009-10-20T00:00:00.000,0.0,0.0,0.0,0.0,4.0,1.0,2.0,5.0,2.0,5.0,4.0,3.0,2.0,4.0,2.0,4.0,3.0,0.0,4.0,3.0,2.0,2.0,0.0,0.0,abccbbca
2009-10-21T00:00:00.000,0.0,0.0,0.0,1.0,4.0,1.0,5.0,5.0,7.0,1.0,4.0,5.0,4.0,5.0,2.0,4.0,5.0,1.0,5.0,4.0,5.0,5.0,0.0,0.0,aacbbbca
2009-10-22T00:00:00.000,0.0,0.0,0.0,1.0,4.0,2.0,6.0,4.0,9.0,2.0,6.0,5.0,4.0,2.0,2.0,5.0,6.0,1.0,1.0,1.0,3.0,3.0,0.0,0.0,abccbcaa
2009-10-23T00:00:00.000,0.0,0.0,0.0,0.0,0.0,1.0,2.0,1.0,2.0,1.0,5.0,6.0,5.0,2.0,2.0,6.0,4.0,0.0,0.0,0.0,0.0,0.0,1.0,0.0,aabcccaa
2009-10-24T00:00:00.000,0.0,0.0,0.0,0.0,0.0,0.0,0.0,0.0,0.0,0.0,2.0,3.0,5.0,3.0,0.0,7.0,3.0,2.0,2.0,2.0,2.0,0.0,1.0,0.0,aaabccba
2009-10-25T00:00:00.000,0.0,0.0,0.0,0.0,0.0,1.0,2.0,0.0,1.0,1.0,2.0,4.0,5.0,3.0,0.0,4.0,3.0,3.0,4.0,7.0,5.0,0.0,3.0,0.0,aaabbcca
2009-10-26T00:00:00.000,0.0,0.0,0.0,0.0,0.0,2.0,5.0,0.0,1.0,1.0,2.0,4.0,5.0,2.0,0.0,0.0,1.0,2.0,2.0,6.0,4.0,1.0,4.0,0.0,aabbbbcb
2009-10-27T00:00:00.000,0.0,0.0,0.0,0.0,0.0,1.0,3.0,0.0,3.0,1.0,0.0,0.0,7.0,2.0,6.0,0.0,0.0,1.0,1.0,3.0,5.0,1.0,5.0,2.0,aabacacc
2009-10-28T00:00:00.000,0.0,0.0,0.0,0.0,0.0,0.0,1.0,0.0,3.0,2.0,1.0,1.0,5.0,2.0,6.0,0.0,0.0,6.0,3.0,4.0,4.0,1.0,5.0,2.0,aabbcbcb
2009-10-29T00:00:00.000,0.0,0.0,0.0,0.0,0.0,1.0,2.0,0.0,0.0,1.0,4.0,1.0,3.0,2.0,2.0,0.0,1.0,7.0,7.0,2.0,0.0,1.0,1.0,0.0,aabbcccb
2009-10-30T00:00:00.000,0.0,0.0,0.0,0.0,0.0,1.0,1.0,0.0,0.0,2.0,6.0,2.0,4.0,2.0,4.0,2.0,2.0,1.0,6.0,0.0,0.0,0.0,0.0,0.0,aaaccbba
2009-10-31T00:00:00.000,0.0,0.0,0.0,0.0,0.0,0.0,0.0,0.0,0.0,2.0,4.0,3.0,2.0,2.0,4.0,4.0,5.0,5.0,2.0,2.0,0.0,2.0,1.0,0.0,aaacccbb
2009-11-01T00:00:00.000,2.0,0.0,0.0,1.0,1.0,1.0,0.0,2.0,0.0,0.0,1.0,1.0,3.0,3.0,2.0,4.0,5.0,7.0,3.0,5.0,3.0,2.0,4.0,3.0,aaaabccb
2009-11-02T00:00:00.000,4.0,0.0,0.0,3.0,2.0,4.0,1.0,3.0,0.0,0.0,0.0,0.0,2.0,1.0,2.0,3.0,3.0,5.0,3.0,4.0,7.0,1.0,3.0,5.0,abaabccb
2009-11-03T00:00:00.000,2.0,0.0,0.0,2.0,1.0,3.0,1.0,1.0,0.0,0.0,1.0,2.0,1.0,2.0,4.0,2.0,7.0,6.0,1.0,3.0,6.0,2.0,1.0,5.0,abaabccb
2009-11-04T00:00:00.000,0.0,0.0,0.0,0.0,1.0,0.0,0.0,0.0,0.0,0.0,1.0,2.0,3.0,3.0,5.0,3.0,6.0,3.0,0.0,3.0,3.0,4.0,1.0,3.0,aaabccbc
2009-11-05T00:00:00.000,1.0,0.0,0.0,0.0,3.0,2.0,1.0,0.0,0.0,0.0,0.0,0.0,2.0,1.0,5.0,6.0,3.0,2.0,0.0,2.0,2.0,3.0,0.0,0.0,abaaccbb
2009-11-06T00:00:00.000,3.0,0.0,0.0,0.0,2.0,2.0,1.0,0.0,0.0,0.0,0.0,0.0,0.0,0.0,2.0,6.0,3.0,2.0,1.0,1.0,5.0,1.0,0.0,0.0,bbaabcca
2009-11-07T00:00:00.000,2.0,0.0,2.0,1.0,4.0,1.0,0.0,1.0,3.0,0.0,3.0,3.0,0.0,0.0,0.0,3.0,1.0,0.0,1.0,0.0,5.0,1.0,1.0,0.0,bcbcabca
2009-11-08T00:00:00.000,3.0,2.0,2.0,1.0,4.0,3.0,0.0,1.0,3.0,0.0,3.0,3.0,0.0,0.0,0.0,1.0,0.0,1.0,2.0,0.0,3.0,2.0,4.0,4.0,bcbbaabc
2009-11-09T00:00:00.000,6.0,4.0,0.0,0.0,1.0,3.0,4.0,6.0,1.0,3.0,0.0,0.0,0.0,0.0,0.0,0.0,0.0,1.0,3.0,2.0,2.0,4.0,4.0,6.0,cbcaaabc
2009-11-10T00:00:00.000,4.0,3.0,3.0,1.0,1.0,2.0,7.0,7.0,4.0,5.0,0.0,0.0,3.0,5.0,3.0,2.0,0.0,0.0,1.0,2.0,0.0,2.0,1.0,2.0,cacbcaab
2009-11-11T00:00:00.000,2.0,2.0,3.0,1.0,1.0,3.0,5.0,4.0,4.0,5.0,2.0,0.0,4.0,5.0,5.0,2.0,0.0,0.0,0.0,0.0,0.0,0.0,0.0,0.0,bbcbcaaa
2009-11-12T00:00:00.000,1.0,1.0,0.0,0.0,2.0,3.0,3.0,5.0,3.0,5.0,4.0,2.0,6.0,2.0,4.0,2.0,0.0,0.0,0.0,0.0,0.0,0.0,0.0,0.0,abcccaaa
2009-11-13T00:00:00.000,0.0,3.0,1.0,2.0,4.0,2.0,3.0,3.0,5.0,4.0,2.0,5.0,6.0,2.0,3.0,3.0,0.0,1.0,0.0,0.0,0.0,0.0,0.0,0.0,bbcccbaa
2009-11-14T00:00:00.000,0.0,3.0,2.0,2.0,4.0,1.0,2.0,2.0,3.0,2.0,0.0,3.0,1.0,0.0,1.0,3.0,1.0,2.0,0.0,0.0,0.0,0.0,0.0,0.0,bccbacaa
2009-11-15T00:00:00.000,0.0,0.0,1.0,0.0,1.0,1.0,1.0,3.0,1.0,1.0,2.0,2.0,0.0,0.0,1.0,2.0,3.0,2.0,0.0,0.0,0.0,0.0,0.0,0.0,abccacaa
2009-11-16T00:00:00.000,0.0,0.0,0.0,1.0,3.0,2.0,3.0,4.0,3.0,4.0,4.0,4.0,0.0,0.0,1.0,3.0,3.0,3.0,0.0,0.0,0.0,0.0,0.0,0.0,abccacaa
2009-11-17T00:00:00.000,0.0,0.0,0.0,2.0,4.0,3.0,3.0,6.0,4.0,5.0,5.0,5.0,2.0,1.0,1.0,5.0,1.0,2.0,0.0,0.0,0.0,0.0,0.0,0.0,acccbbaa
2009-11-18T00:00:00.000,0.0,0.0,0.0,1.0,1.0,6.0,4.0,6.0,6.0,5.0,5.0,4.0,8.0,2.0,3.0,5.0,2.0,4.0,0.0,1.0,0.0,0.0,0.0,0.0,abcccbaa
2009-11-19T00:00:00.000,0.0,0.0,0.0,1.0,0.0,4.0,6.0,3.0,6.0,6.0,3.0,3.0,10.0,2.0,2.0,5.0,3.0,10.0,0.0,1.0,0.0,0.0,0.0,0.0,abcbccaa
2009-11-20T00:00:00.000,0.0,0.0,0.0,1.0,0.0,0.0,3.0,1.0,3.0,3.0,3.0,2.0,5.0,1.0,1.0,3.0,6.0,8.0,2.0,3.0,0.0,0.0,0.0,0.0,aabbbcba
2009-11-21T00:00:00.000,0.0,0.0,0.0,0.0,0.0,0.0,1.0,1.0,1.0,1.0,3.0,4.0,4.0,0.0,3.0,4.0,6.0,4.0,2.0,3.0,0.0,0.0,0.0,0.0,aabcbcba
2009-11-22T00:00:00.000,0.0,0.0,0.0,1.0,0.0,0.0,2.0,1.0,3.0,3.0,3.0,6.0,4.0,3.0,4.0,7.0,4.0,4.0,4.0,0.0,0.0,0.0,0.0,0.0,aabcccba
2009-11-23T00:00:00.000,0.0,0.0,0.0,1.0,1.0,2.0,4.0,5.0,7.0,5.0,3.0,4.0,3.0,5.0,3.0,5.0,7.0,4.0,5.0,1.0,0.0,0.0,0.0,0.0,aaccbcba
2009-11-24T00:00:00.000,0.0,0.0,0.0,0.0,1.0,2.0,4.0,7.0,4.0,4.0,2.0,3.0,2.0,3.0,2.0,5.0,9.0,4.0,2.0,1.0,0.0,1.0,0.0,0.0,aacbbcaa
2009-11-25T00:00:00.000,0.0,0.0,0.0,0.0,0.0,1.0,3.0,4.0,8.0,3.0,2.0,1.0,2.0,1.0,2.0,6.0,6.0,5.0,4.0,0.0,0.0,1.0,0.0,0.0,aacbbcba
2009-11-26T00:00:00.000,0.0,0.0,0.0,0.0,0.0,1.0,2.0,2.0,8.0,4.0,2.0,2.0,5.0,0.0,3.0,3.0,2.0,3.0,6.0,0.0,2.0,0.0,0.0,4.0,aacbbbbb
2009-11-27T00:00:00.000,0.0,0.0,0.0,0.0,1.0,0.0,0.0,0.0,0.0,2.0,3.0,3.0,4.0,2.0,3.0,2.0,4.0,3.0,3.0,0.0,2.0,0.0,0.0,5.0,aaacccbb
2009-11-28T00:00:00.000,0.0,0.0,0.0,0.0,1.0,0.0,0.0,0.0,0.0,2.0,5.0,1.0,2.0,3.0,2.0,5.0,5.0,4.0,2.0,1.0,3.0,2.0,0.0,3.0,aaacbcbb
2009-11-29T00:00:00.000,0.0,1.0,0.0,1.0,3.0,1.0,0.0,0.0,0.0,2.0,3.0,0.0,1.0,1.0,1.0,4.0,4.0,4.0,5.0,1.0,5.0,5.0,0.0,3.0,ababaccc
2009-11-30T00:00:00.000,1.0,1.0,0.0,2.0,3.0,1.0,0.0,0.0,0.0,0.0,0.0,0.0,1.0,1.0,1.0,1.0,5.0,3.0,5.0,1.0,2.0,3.0,0.0,1.0,acaabccb
2009-12-01T00:00:00.000,1.0,1.0,1.0,2.0,0.0,0.0,0.0,0.0,0.0,0.0,0.0,0.0,4.0,2.0,2.0,2.0,5.0,4.0,4.0,1.0,0.0,2.0,0.0,1.0,bbaaccbb
2009-12-02T00:00:00.000,0.0,6.0,1.0,1.0,0.0,2.0,0.0,0.0,0.0,0.0,0.0,0.0,3.0,1.0,1.0,1.0,2.0,4.0,2.0,0.0,0.0,2.0,0.0,1.0,cbaabcbb
2009-12-03T00:00:00.000,0.0,5.0,0.0,1.0,0.0,2.0,0.0,0.0,0.0,0.0,0.0,0.0,0.0,0.0,0.0,0.0,2.0,3.0,3.0,0.0,0.0,0.0,0.0,0.0,cbaaacba
2009-12-04T00:00:00.000,0.0,0.0,2.0,1.0,1.0,1.0,0.0,1.0,2.0,0.0,0.0,0.0,1.0,0.0,1.0,1.0,4.0,3.0,3.0,0.0,0.0,0.0,0.0,0.0,bbbabcba
2009-12-05T00:00:00.000,0.0,0.0,2.0,0.0,1.0,3.0,3.0,2.0,2.0,0.0,4.0,0.0,2.0,1.0,1.0,1.0,2.0,0.0,0.0,0.0,0.0,0.0,0.0,0.0,bbcbbbaa
2009-12-06T00:00:00.000,0.0,0.0,2.0,1.0,0.0,6.0,3.0,1.0,0.0,2.0,8.0,1.0,1.0,1.0,4.0,3.0,0.0,0.0,0.0,0.0,0.0,0.0,0.0,0.0,bcbcbbaa
2009-12-07T00:00:00.000,1.0,1.0,2.0,2.0,0.0,4.0,0.0,0.0,0.0,2.0,5.0,4.0,0.0,0.0,6.0,6.0,1.0,0.0,0.0,0.0,0.0,0.0,0.0,0.0,bbacbcaa
2009-12-08T00:00:00.000,1.0,2.0,0.0,1.0,2.0,1.0,1.0,2.0,1.0,3.0,3.0,7.0,2.0,0.0,3.0,3.0,1.0,0.0,0.0,0.0,0.0,0.0,0.0,0.0,bbbcbbaa
2009-12-09T00:00:00.000,0.0,1.0,2.0,0.0,4.0,2.0,3.0,4.0,5.0,6.0,4.0,5.0,3.0,0.0,1.0,0.0,3.0,0.0,0.0,0.0,0.0,0.0,0.0,0.0,bbccbbaa
2009-12-10T00:00:00.000,0.0,0.0,2.0,1.0,4.0,1.0,4.0,6.0,11.0,4.0,4.0,2.0,1.0,1.0,1.0,1.0,4.0,1.0,0.0,0.0,0.0,0.0,0.0,0.0,abccbbaa
2009-12-11T00:00:00.000,0.0,0.0,0.0,1.0,2.0,0.0,4.0,4.0,8.0,1.0,3.0,1.0,2.0,1.0,1.0,3.0,3.0,2.0,2.0,0.0,0.0,0.0,0.0,0.0,abcbbcaa
2009-12-12T00:00:00.000,0.0,0.0,0.0,0.0,1.0,1.0,2.0,1.0,2.0,2.0,3.0,4.0,6.0,1.0,3.0,5.0,3.0,1.0,2.0,1.0,0.0,0.0,0.0,0.0,aabcccba
2009-12-13T00:00:00.000,0.0,0.0,3.0,0.0,1.0,4.0,0.0,2.0,1.0,3.0,2.0,5.0,5.0,2.0,3.0,3.0,3.0,3.0,1.0,1.0,0.0,0.0,0.0,0.0,abacccaa
2009-12-14T00:00:00.000,0.0,0.0,3.0,0.0,0.0,3.0,0.0,1.0,0.0,1.0,0.0,1.0,1.0,2.0,0.0,2.0,3.0,4.0,2.0,0.0,0.0,0.0,0.0,0.0,bbabbcba
2009-12-15T00:00:00.000,0.0,0.0,0.0,0.0,0.0,1.0,0.0,0.0,0.0,0.0,2.0,0.0,1.0,3.0,0.0,4.0,2.0,4.0,2.0,3.0,1.0,0.0,0.0,0.0,aaabbcca
2009-12-16T00:00:00.000,0.0,0.0,0.0,0.0,1.0,1.0,0.0,0.0,0.0,0.0,2.0,0.0,3.0,4.0,3.0,2.0,3.0,4.0,2.0,3.0,2.0,0.0,0.0,0.0,ababccca
2009-12-17T00:00:00.000,0.0,0.0,0.0,0.0,1.0,1.0,0.0,0.0,0.0,0.0,0.0,0.0,4.0,3.0,5.0,1.0,3.0,3.0,2.0,3.0,1.0,2.0,0.0,0.0,abaacccb
2009-12-18T00:00:00.000,0.0,0.0,0.0,0.0,0.0,1.0,0.0,0.0,1.0,0.0,0.0,3.0,4.0,6.0,3.0,2.0,2.0,6.0,2.0,3.0,0.0,2.0,0.0,1.0,aaabccbb
2009-12-19T00:00:00.000,0.0,0.0,0.0,0.0,0.0,0.0,0.0,0.0,1.0,0.0,1.0,4.0,4.0,6.0,3.0,1.0,1.0,6.0,2.0,0.0,0.0,0.0,0.0,1.0,aaabccba
2009-12-20T00:00:00.000,2.0,3.0,0.0,0.0,0.0,0.0,0.0,0.0,0.0,0.0,1.0,1.0,2.0,1.0,3.0,0.0,2.0,2.0,1.0,0.0,0.0,0.0,0.0,0.0,caabccba
2009-12-21T00:00:00.000,2.0,3.0,0.0,0.0,0.0,0.0,0.0,0.0,0.0,0.0,0.0,0.0,3.0,0.0,2.0,2.0,3.0,4.0,1.0,0.0,1.0,0.0,0.0,0.0,caaaccba
2009-12-22T00:00:00.000,0.0,1.0,0.0,0.0,0.0,0.0,0.0,0.0,0.0,0.0,0.0,0.0,3.0,2.0,1.0,2.0,3.0,4.0,1.0,0.0,1.0,0.0,0.0,0.0,baaaccba
2009-12-23T00:00:00.000,0.0,1.0,2.0,0.0,0.0,0.0,0.0,0.0,0.0,1.0,2.0,0.0,3.0,4.0,1.0,0.0,4.0,0.0,0.0,0.0,0.0,0.0,2.0,0.0,baabcbab
2009-12-24T00:00:00.000,1.0,2.0,5.0,0.0,0.0,0.0,0.0,0.0,0.0,1.0,2.0,0.0,3.0,2.0,2.0,0.0,2.0,1.0,3.0,1.0,0.0,1.0,4.0,0.0,caabcbbb
2009-12-25T00:00:00.000,1.0,2.0,3.0,0.0,0.0,0.0,0.0,0.0,0.0,0.0,0.0,0.0,0.0,0.0,1.0,0.0,0.0,1.0,4.0,1.0,0.0,1.0,2.0,0.0,caaabbcb
2009-12-26T00:00:00.000,0.0,0.0,0.0,1.0,0.0,1.0,0.0,0.0,0.0,0.0,1.0,2.0,0.0,1.0,0.0,0.0,1.0,2.0,3.0,0.0,0.0,0.0,1.0,1.0,abacbccb
2009-12-27T00:00:00.000,2.0,1.0,1.0,2.0,0.0,2.0,1.0,2.0,1.0,1.0,2.0,2.0,0.0,1.0,0.0,1.0,2.0,4.0,3.0,0.0,0.0,0.0,1.0,1.0,bbbbacba
2009-12-28T00:00:00.000,2.0,1.0,1.0,1.0,0.0,2.0,3.0,2.0,1.0,1.0,2.0,0.0,1.0,0.0,1.0,3.0,5.0,5.0,2.0,1.0,0.0,0.0,0.0,0.0,bbbbacba
2009-12-29T00:00:00.000,0.0,0.0,0.0,0.0,2.0,1.0,4.0,1.0,2.0,2.0,2.0,0.0,1.0,1.0,2.0,6.0,6.0,3.0,1.0,1.0,0.0,0.0,0.0,0.0,abcbbcaa
2009-12-30T00:00:00.000,1.0,1.0,2.0,0.0,3.0,2.0,4.0,4.0,2.0,2.0,1.0,0.0,0.0,1.0,1.0,4.0,2.0,0.0,0.0,0.0,0.0,0.0,0.0,0.0,bbcbbcaa
2009-12-31T00:00:00.000,1.0,1.0,2.0,0.0,1.0,2.0,2.0,3.0,0.0,0.0,0.0,0.0,0.0,0.0,0.0,0.0,0.0,0.0,0.0,0.0,0.0,0.0,0.0,0.0,cccaaaaa
2010-01-01T00:00:00.000,0.0,0.0,2.0,4.0,2.0,4.0,1.0,0.0,0.0,0.0,0.0,0.0,0.0,0.0,2.0,0.0,0.0,0.0,0.0,0.0,0.0,0.0,0.0,0.0,bcbabaaa
2010-01-02T00:00:00.000,0.0,0.0,4.0,4.0,2.0,4.0,2.0,0.0,0.0,0.0,0.0,2.0,0.0,0.0,3.0,1.0,3.0,0.0,0.0,0.0,0.0,0.0,0.0,0.0,bcbbbbaa
2010-01-03T00:00:00.000,0.0,0.0,2.0,0.0,0.0,0.0,1.0,0.0,0.0,0.0,0.0,2.0,0.0,1.0,1.0,2.0,6.0,3.0,2.0,0.0,0.0,0.0,0.0,0.0,babbbcba
2010-01-04T00:00:00.000,0.0,0.0,0.0,0.0,1.0,0.0,0.0,1.0,0.0,0.0,0.0,1.0,2.0,3.0,2.0,2.0,7.0,6.0,2.0,0.0,0.0,0.0,0.0,0.0,abbbccba
2010-01-05T00:00:00.000,0.0,0.0,0.0,0.0,1.0,2.0,0.0,5.0,3.0,3.0,1.0,2.0,3.0,3.0,4.0,2.0,9.0,7.0,1.0,0.0,0.0,0.0,0.0,0.0,abbbccaa
2010-01-06T00:00:00.000,0.0,0.0,0.0,0.0,0.0,5.0,1.0,6.0,8.0,3.0,2.0,5.0,2.0,2.0,3.0,4.0,7.0,5.0,3.0,0.0,3.0,0.0,0.0,0.0,abcbbcba
2010-01-07T00:00:00.000,0.0,0.0,0.0,0.0,0.0,3.0,2.0,5.0,5.0,2.0,4.0,4.0,1.0,3.0,5.0,4.0,3.0,2.0,6.0,2.0,3.0,0.0,0.0,0.0,aaccbbca
2010-01-08T00:00:00.000,0.0,0.0,0.0,0.0,0.0,0.0,2.0,7.0,2.0,4.0,3.0,2.0,0.0,2.0,4.0,2.0,5.0,4.0,6.0,2.0,0.0,0.0,0.0,0.0,aaccbcba
2010-01-09T00:00:00.000,0.0,0.0,0.0,0.0,0.0,0.0,1.0,4.0,2.0,3.0,2.0,4.0,3.0,0.0,1.0,2.0,6.0,5.0,3.0,2.0,0.0,0.0,0.0,0.0,aabcbcba
2010-01-10T00:00:00.000,0.0,0.0,0.0,0.0,0.0,1.0,0.0,1.0,2.0,6.0,6.0,4.0,4.0,0.0,1.0,4.0,4.0,4.0,4.0,2.0,0.0,0.0,0.0,0.0,aabcbcba
2010-01-11T00:00:00.000,0.0,0.0,0.0,0.0,0.0,4.0,0.0,3.0,5.0,5.0,5.0,3.0,1.0,1.0,2.0,5.0,5.0,5.0,6.0,0.0,0.0,0.0,0.0,0.0,abbcbcba
2010-01-12T00:00:00.000,0.0,0.0,0.0,0.0,0.0,3.0,0.0,3.0,5.0,3.0,4.0,1.0,0.0,3.0,3.0,4.0,4.0,3.0,3.0,2.0,2.0,2.0,4.0,1.0,aabbbcbb
2010-01-13T00:00:00.000,2.0,0.0,0.0,0.0,0.0,0.0,0.0,2.0,5.0,4.0,3.0,0.0,2.0,4.0,2.0,5.0,5.0,1.0,3.0,3.0,2.0,3.0,6.0,1.0,aabbbcbc
2010-01-14T00:00:00.000,2.0,0.0,0.0,0.0,0.0,0.0,0.0,2.0,5.0,2.0,1.0,0.0,4.0,3.0,1.0,4.0,5.0,4.0,7.0,1.0,0.0,1.0,2.0,0.0,aabbbcbb
2010-01-15T00:00:00.000,0.0,0.0,0.0,0.0,0.0,0.0,0.0,1.0,2.0,1.0,1.0,2.0,4.0,4.0,0.0,4.0,3.0,3.0,5.0,1.0,0.0,1.0,0.0,2.0,aabbccbb
2010-01-16T00:00:00.000,0.0,3.0,2.0,0.0,0.0,0.0,0.0,0.0,0.0,1.0,2.0,4.0,2.0,3.0,0.0,3.0,2.0,0.0,1.0,2.0,1.0,3.0,0.0,2.0,baacbbbb
2010-01-17T00:00:00.000,0.0,5.0,6.0,0.0,1.0,1.0,0.0,0.0,0.0,1.0,2.0,2.0,0.0,0.0,0.0,0.0,3.0,0.0,0.0,1.0,3.0,4.0,2.0,0.0,cbababbb
2010-01-18T00:00:00.000,1.0,3.0,5.0,1.0,2.0,3.0,2.0,0.0,3.0,0.0,0.0,0.0,0.0,0.0,0.0,1.0,4.0,1.0,2.0,1.0,4.0,2.0,2.0,1.0,cbbaabcb
2010-01-19T00:00:00.000,2.0,1.0,6.0,4.0,4.0,4.0,2.0,0.0,3.0,0.0,0.0,0.0,0.0,0.0,0.0,2.0,3.0,3.0,3.0,1.0,3.0,0.0,1.0,1.0,ccbaacba
2010-01-20T00:00:00.000,1.0,4.0,5.0,4.0,7.0,4.0,1.0,4.0,1.0,3.0,0.0,0.0,0.0,0.0,0.0,2.0,3.0,3.0,1.0,1.0,3.0,1.0,2.0,0.0,ccbaabba
2010-01-21T00:00:00.000,2.0,6.0,1.0,2.0,8.0,3.0,3.0,4.0,2.0,3.0,0.0,0.0,0.0,0.0,0.0,1.0,1.0,1.0,0.0,1.0,5.0,2.0,2.0,1.0,cccaaabb
2010-01-22T00:00:00.000,4.0,2.0,1.0,1.0,6.0,1.0,3.0,2.0,1.0,0.0,1.0,0.0,2.0,2.0,0.0,1.0,0.0,0.0,0.0,0.0,3.0,1.0,3.0,4.0,ccbababc
2010-01-23T00:00:00.000,3.0,0.0,2.0,1.0,3.0,0.0,3.0,2.0,1.0,0.0,1.0,0.0,2.0,2.0,0.0,1.0,0.0,2.0,0.0,1.0,1.0,0.0,2.0,4.0,bbcabbac
2010-01-24T00:00:00.000,1.0,5.0,5.0,3.0,2.0,2.0,3.0,3.0,1.0,0.0,1.0,0.0,0.0,0.0,0.0,0.0,0.0,2.0,0.0,5.0,1.0,2.0,1.0,6.0,cbbaaabc
2010-01-25T00:00:00.000,3.0,7.0,5.0,2.0,1.0,2.0,1.0,4.0,1.0,3.0,6.0,4.0,2.0,0.0,0.0,0.0,0.0,0.0,0.0,4.0,0.0,2.0,1.0,5.0,cbbcaabb
2010-01-26T00:00:00.000,4.0,3.0,3.0,3.0,1.0,2.0,0.0,3.0,1.0,6.0,5.0,5.0,2.0,2.0,2.0,1.0,1.0,1.0,0.0,0.0,0.0,0.0,0.0,0.0,cbbcbaaa
2010-01-27T00:00:00.000,1.0,1.0,2.0,4.0,5.0,2.0,2.0,4.0,0.0,4.0,2.0,1.0,2.0,2.0,2.0,1.0,1.0,1.0,0.0,0.0,0.0,0.0,0.0,0.0,bcbcbbaa
2010-01-28T00:00:00.000,0.0,1.0,2.0,1.0,6.0,2.0,4.0,5.0,2.0,4.0,5.0,3.0,4.0,1.0,2.0,2.0,0.0,0.0,0.0,0.0,0.0,0.0,0.0,0.0,acccbaaa
2010-01-29T00:00:00.000,0.0,2.0,2.0,1.0,3.0,5.0,3.0,3.0,6.0,6.0,4.0,4.0,3.0,2.0,2.0,2.0,0.0,0.0,0.0,0.0,0.0,0.0,0.0,0.0,bcccbaaa
2010-01-30T00:00:00.000,0.0,1.0,1.0,1.0,1.0,3.0,1.0,0.0,4.0,4.0,2.0,3.0,2.0,2.0,0.0,1.0,2.0,1.0,2.0,0.0,0.0,0.0,0.0,0.0,abbcbbaa
2010-01-31T00:00:00.000,0.0,0.0,0.0,2.0,2.0,2.0,4.0,1.0,4.0,2.0,1.0,4.0,3.0,2.0,0.0,1.0,5.0,1.0,2.0,0.0,0.0,0.0,0.0,0.0,abccbcaa
2010-02-01T00:00:00.000,0.0,0.0,0.0,2.0,3.0,5.0,5.0,4.0,5.0,4.0,4.0,2.0,3.0,1.0,1.0,1.0,4.0,7.0,1.0,2.0,2.0,0.0,0.0,0.0,acccbcba
2010-02-02T00:00:00.000,0.0,0.0,0.0,0.0,1.0,5.0,1.0,6.0,1.0,7.0,5.0,4.0,2.0,1.0,2.0,3.0,2.0,8.0,3.0,2.0,2.0,0.0,0.0,0.0,abbcbcba
2010-02-03T00:00:00.000,0.0,0.0,0.0,0.0,1.0,5.0,1.0,8.0,3.0,6.0,3.0,7.0,2.0,1.0,1.0,4.0,4.0,2.0,4.0,3.0,0.0,0.0,0.0,0.0,abccbbba
2010-02-04T00:00:00.000,0.0,0.0,0.0,0.0,1.0,3.0,2.0,8.0,4.0,3.0,6.0,3.0,1.0,0.0,1.0,3.0,4.0,1.0,4.0,3.0,1.0,0.0,3.0,0.0,abccabba
2010-02-05T00:00:00.000,0.0,0.0,0.0,0.0,0.0,0.0,1.0,4.0,4.0,3.0,5.0,1.0,0.0,1.0,1.0,2.0,1.0,0.0,3.0,1.0,3.0,1.0,3.0,2.0,aaccabcb
2010-02-06T00:00:00.000,1.0,0.0,0.0,0.0,0.0,0.0,0.0,2.0,3.0,2.0,1.0,1.0,3.0,4.0,0.0,1.0,1.0,1.0,1.0,1.0,2.0,1.0,0.0,2.0,aacbcbbb
2010-02-07T00:00:00.000,1.0,0.0,0.0,0.0,0.0,0.0,0.0,1.0,0.0,0.0,2.0,2.0,3.0,4.0,1.0,0.0,5.0,2.0,1.0,0.0,1.0,0.0,2.0,0.0,aaabccbb
2010-02-08T00:00:00.000,0.0,0.0,0.0,0.0,0.0,0.0,1.0,3.0,1.0,1.0,7.0,4.0,0.0,3.0,3.0,0.0,4.0,2.0,3.0,2.0,4.0,2.0,2.0,0.0,aabcbbcb
2010-02-09T00:00:00.000,2.0,2.0,0.0,0.0,0.0,0.0,1.0,3.0,4.0,4.0,8.0,5.0,3.0,7.0,3.0,2.0,3.0,2.0,4.0,3.0,3.0,4.0,1.0,1.0,aabccbbb
2010-02-10T00:00:00.000,2.0,2.0,0.0,0.0,0.0,0.0,0.0,0.0,3.0,5.0,6.0,5.0,8.0,5.0,3.0,3.0,7.0,3.0,3.0,7.0,5.0,4.0,7.0,4.0,aaaccbcc
2010-02-11T00:00:00.000,1.0,3.0,1.0,2.0,2.0,1.0,0.0,3.0,0.0,2.0,3.0,2.0,6.0,3.0,5.0,2.0,4.0,3.0,2.0,6.0,5.0,2.0,6.0,3.0,aaabcbcc
2010-02-12T00:00:00.000,1.0,3.0,1.0,2.0,2.0,1.0,0.0,3.0,0.0,4.0,2.0,0.0,2.0,5.0,4.0,1.0,1.0,2.0,3.0,2.0,4.0,3.0,2.0,1.0,bbabcacb
2010-02-13T00:00:00.000,0.0,1.0,2.0,2.0,0.0,0.0,0.0,0.0,0.0,4.0,2.0,0.0,2.0,2.0,1.0,3.0,2.0,2.0,2.0,3.0,5.0,6.0,4.0,2.0,aaabbbcc
2010-02-14T00:00:00.000,1.0,1.0,2.0,2.0,4.0,0.0,2.0,2.0,0.0,0.0,0.0,0.0,4.0,0.0,0.0,5.0,3.0,5.0,0.0,1.0,1.0,3.0,2.0,1.0,bbbabcab
2010-02-15T00:00:00.000,2.0,0.0,0.0,1.0,4.0,0.0,2.0,5.0,3.0,1.0,1.0,0.0,3.0,1.0,0.0,4.0,4.0,4.0,0.0,0.0,0.0,0.0,0.0,0.0,abcabcaa
2010-02-16T00:00:00.000,1.0,0.0,0.0,1.0,0.0,3.0,1.0,5.0,6.0,6.0,4.0,2.0,1.0,3.0,1.0,2.0,3.0,1.0,1.0,0.0,0.0,4.0,0.0,0.0,abccbbab
2010-02-17T00:00:00.000,0.0,0.0,0.0,0.0,4.0,6.0,1.0,5.0,5.0,5.0,5.0,2.0,1.0,2.0,1.0,0.0,2.0,1.0,1.0,0.0,0.0,6.0,0.0,0.0,acccbaab
2010-02-18T00:00:00.000,2.0,0.0,2.0,4.0,4.0,4.0,0.0,5.0,5.0,0.0,2.0,0.0,0.0,0.0,0.0,0.0,1.0,0.0,0.0,0.0,0.0,2.0,0.0,0.0,bccbaaab
2010-02-19T00:00:00.000,4.0,2.0,6.0,4.0,1.0,2.0,1.0,2.0,3.0,1.0,0.0,1.0,0.0,7.0,3.0,0.0,1.0,3.0,0.0,0.0,0.0,0.0,0.0,0.0,cbbacbaa
2010-02-20T00:00:00.000,2.0,2.0,4.0,0.0,1.0,1.0,1.0,0.0,0.0,1.0,0.0,1.0,5.0,8.0,3.0,3.0,3.0,3.0,0.0,0.0,0.0,0.0,0.0,0.0,caaaccaa
2010-02-21T00:00:00.000,0.0,1.0,2.0,0.0,1.0,3.0,4.0,6.0,3.0,4.0,3.0,2.0,7.0,1.0,0.0,3.0,2.0,1.0,2.0,0.0,0.0,0.0,0.0,0.0,abccbbaa
2010-02-22T00:00:00.000,0.0,1.0,9.0,3.0,4.0,6.0,7.0,7.0,7.0,6.0,5.0,3.0,7.0,1.0,0.0,0.0,0.0,1.0,2.0,2.0,0.0,0.0,0.0,0.0,bcccbaaa
2010-02-23T00:00:00.000,0.0,0.0,8.0,4.0,3.0,4.0,4.0,1.0,11.0,3.0,2.0,3.0,8.0,3.0,1.0,0.0,2.0,1.0,0.0,4.0,0.0,0.0,0.0,0.0,bbcbcaba
2010-02-24T00:00:00.000,0.0,0.0,1.0,1.0,2.0,5.0,2.0,2.0,11.0,2.0,2.0,2.0,4.0,3.0,2.0,1.0,3.0,2.0,0.0,2.0,0.0,0.0,0.0,0.0,abcbcbaa
2010-02-25T00:00:00.000,0.0,0.0,0.0,5.0,4.0,7.0,2.0,2.0,6.0,3.0,5.0,0.0,1.0,1.0,1.0,2.0,1.0,2.0,1.0,1.0,1.0,2.0,0.0,0.0,accbabaa
2010-02-26T00:00:00.000,0.0,0.0,0.0,5.0,4.0,7.0,1.0,1.0,3.0,4.0,6.0,0.0,4.0,3.0,0.0,3.0,1.0,1.0,1.0,1.0,1.0,2.0,0.0,0.0,acbcbbaa
2010-02-27T00:00:00.000,0.0,0.0,0.0,1.0,4.0,4.0,1.0,2.0,2.0,4.0,3.0,1.0,5.0,3.0,0.0,2.0,4.0,1.0,0.0,0.0,0.0,0.0,0.0,0.0,acbcccaa
2010-02-28T00:00:00.000,0.0,0.0,0.0,1.0,2.0,3.0,1.0,3.0,3.0,3.0,2.0,4.0,1.0,1.0,0.0,3.0,5.0,6.0,0.0,1.0,1.0,1.0,0.0,0.0,abbcacaa
2010-03-01T00:00:00.000,0.0,0.0,0.0,0.0,2.0,5.0,0.0,3.0,2.0,3.0,4.0,5.0,1.0,2.0,0.0,4.0,5.0,6.0,0.0,1.0,1.0,1.0,0.0,0.0,abbcacaa
2010-03-02T00:00:00.000,0.0,0.0,0.0,0.0,3.0,2.0,1.0,5.0,2.0,3.0,3.0,3.0,1.0,1.0,1.0,2.0,5.0,1.0,0.0,1.0,0.0,0.0,0.0,0.0,abccbcaa
2010-03-03T00:00:00.000,0.0,0.0,0.0,0.0,1.0,0.0,1.0,4.0,3.0,5.0,1.0,2.0,1.0,0.0,2.0,5.0,3.0,2.0,1.0,2.0,0.0,0.0,0.0,0.0,aaccbcba
2010-03-04T00:00:00.000,0.0,0.0,0.0,0.0,0.0,0.0,0.0,0.0,3.0,6.0,1.0,2.0,3.0,2.0,3.0,5.0,1.0,3.0,2.0,5.0,0.0,2.0,0.0,0.0,aabcccba
2010-03-05T00:00:00.000,0.0,0.0,0.0,0.0,0.0,0.0,1.0,0.0,2.0,3.0,1.0,1.0,3.0,2.0,2.0,2.0,4.0,2.0,4.0,4.0,3.0,2.0,0.0,0.0,aabbccca
2010-03-06T00:00:00.000,0.0,0.0,0.0,0.0,0.0,0.0,1.0,0.0,3.0,3.0,2.0,0.0,2.0,3.0,1.0,2.0,5.0,3.0,3.0,1.0,4.0,3.0,1.0,0.0,aabbbccb
2010-03-07T00:00:00.000,0.0,0.0,0.0,0.0,0.0,0.0,0.0,1.0,6.0,6.0,5.0,5.0,2.0,3.0,5.0,1.0,2.0,4.0,0.0,2.0,3.0,5.0,1.0,0.0,aabccbbb
2010-03-08T00:00:00.000,0.0,0.0,0.0,0.0,0.0,0.0,1.0,2.0,5.0,7.0,6.0,9.0,3.0,2.0,6.0,0.0,3.0,3.0,0.0,1.0,2.0,2.0,0.0,0.0,aabccbaa
2010-03-09T00:00:00.000,0.0,0.0,0.0,0.0,0.0,0.0,1.0,2.0,4.0,7.0,4.0,6.0,5.0,3.0,4.0,0.0,5.0,2.0,3.0,1.0,3.0,0.0,0.0,0.0,aabccbba
2010-03-10T00:00:00.000,0.0,0.0,0.0,0.0,0.0,0.0,0.0,1.0,2.0,7.0,4.0,3.0,5.0,1.0,5.0,3.0,5.0,1.0,3.0,1.0,3.0,2.0,1.0,0.0,aaacccba
2010-03-11T00:00:00.000,2.0,0.0,0.0,0.0,0.0,0.0,0.0,0.0,4.0,7.0,5.0,4.0,3.0,1.0,3.0,5.0,3.0,6.0,4.0,0.0,2.0,2.0,1.0,0.0,aabcbcba
2010-03-12T00:00:00.000,3.0,0.0,0.0,0.0,0.0,0.0,0.0,0.0,4.0,5.0,3.0,4.0,3.0,2.0,2.0,5.0,1.0,7.0,8.0,0.0,3.0,1.0,0.0,0.0,aabcbcca
2010-03-13T00:00:00.000,3.0,0.0,0.0,0.0,0.0,0.0,0.0,0.0,0.0,4.0,2.0,4.0,3.0,2.0,3.0,3.0,2.0,4.0,6.0,1.0,1.0,6.0,2.0,3.0,aaacbcbc
2010-03-14T00:00:00.000,3.0,0.0,0.0,0.0,0.0,0.0,0.0,0.0,1.0,8.0,4.0,6.0,3.0,2.0,2.0,3.0,2.0,7.0,3.0,1.0,4.0,7.0,4.0,4.0,aaacbcbc
2010-03-15T00:00:00.000,3.0,2.0,1.0,0.0,0.0,0.0,0.0,0.0,1.0,5.0,4.0,4.0,4.0,2.0,1.0,4.0,2.0,5.0,3.0,0.0,6.0,4.0,3.0,3.0,baacbcbc
2010-03-16T00:00:00.000,3.0,2.0,2.0,0.0,0.0,0.0,0.0,0.0,0.0,0.0,4.0,2.0,4.0,2.0,0.0,2.0,3.0,3.0,6.0,1.0,2.0,2.0,1.0,4.0,baabbccb
2010-03-17T00:00:00.000,1.0,2.0,5.0,4.0,1.0,0.0,0.0,0.0,0.0,4.0,4.0,1.0,2.0,2.0,1.0,2.0,3.0,2.0,7.0,3.0,0.0,0.0,0.0,2.0,bbacbbca
2010-03-18T00:00:00.000,0.0,2.0,4.0,4.0,4.0,0.0,0.0,2.0,0.0,4.0,1.0,1.0,3.0,1.0,1.0,2.0,2.0,0.0,4.0,2.0,0.0,0.0,1.0,0.0,bcabbbba
2010-03-19T00:00:00.000,0.0,0.0,0.0,0.0,3.0,0.0,0.0,2.0,0.0,0.0,1.0,3.0,6.0,0.0,1.0,1.0,1.0,3.0,3.0,0.0,0.0,0.0,1.0,1.0,abbbcbbb
2010-03-20T00:00:00.000,0.0,3.0,0.0,0.0,0.0,0.0,0.0,0.0,0.0,0.0,1.0,2.0,4.0,2.0,3.0,2.0,3.0,6.0,4.0,0.0,0.0,0.0,0.0,3.0,baabccbb
2010-03-21T00:00:00.000,3.0,3.0,1.0,1.0,2.0,0.0,0.0,0.0,0.0,1.0,1.0,2.0,4.0,2.0,2.0,2.0,2.0,3.0,3.0,0.0,1.0,3.0,1.0,7.0,baabcbbc
2010-03-22T00:00:00.000,7.0,2.0,1.0,1.0,4.0,4.0,0.0,0.0,0.0,1.0,1.0,2.0,3.0,1.0,1.0,1.0,3.0,5.0,2.0,1.0,1.0,3.0,3.0,6.0,cbaabbac
2010-03-23T00:00:00.000,5.0,2.0,1.0,0.0,2.0,4.0,0.0,0.0,0.0,0.0,0.0,1.0,4.0,2.0,2.0,1.0,6.0,7.0,1.0,3.0,0.0,0.0,2.0,6.0,bbaabcbb
2010-03-24T00:00:00.000,1.0,1.0,4.0,1.0,1.0,3.0,2.0,3.0,4.0,1.0,3.0,2.0,4.0,2.0,1.0,2.0,3.0,2.0,0.0,2.0,0.0,0.0,0.0,5.0,bbcbbbab
2010-03-25T00:00:00.000,0.0,2.0,8.0,6.0,3.0,4.0,4.0,4.0,7.0,4.0,7.0,5.0,0.0,4.0,5.0,2.0,1.0,2.0,0.0,0.0,0.0,0.0,0.0,0.0,bcccbaaa
2010-03-26T00:00:00.000,0.0,1.0,8.0,7.0,3.0,2.0,4.0,3.0,3.0,3.0,5.0,4.0,0.0,3.0,5.0,1.0,3.0,4.0,2.0,1.0,0.0,0.0,0.0,0.0,bcbcbbaa
2010-03-27T00:00:00.000,0.0,2.0,3.0,3.0,3.0,2.0,2.0,2.0,3.0,2.0,2.0,2.0,2.0,1.0,2.0,2.0,2.0,2.0,2.0,1.0,0.0,0.0,0.0,0.0,bccbbbaa
2010-03-28T00:00:00.000,0.0,3.0,3.0,5.0,6.0,3.0,1.0,0.0,4.0,4.0,2.0,2.0,2.0,1.0,2.0,2.0,0.0,1.0,1.0,0.0,0.0,0.0,0.0,0.0,bcbcbbaa
2010-03-29T00:00:00.000,0.0,1.0,5.0,6.0,6.0,5.0,3.0,1.0,3.0,3.0,2.0,0.0,0.0,0.0,0.0,5.0,0.0,1.0,1.0,0.0,0.0,0.0,0.0,0.0,bcbbabaa
2010-03-30T00:00:00.000,0.0,2.0,4.0,3.0,4.0,6.0,2.0,4.0,6.0,6.0,5.0,1.0,1.0,2.0,1.0,7.0,1.0,0.0,2.0,0.0,0.0,0.0,0.0,0.0,bcccabaa
2010-03-31T00:00:00.000,0.0,2.0,3.0,3.0,2.0,3.0,2.0,3.0,5.0,6.0,4.0,3.0,2.0,3.0,4.0,5.0,4.0,3.0,2.0,0.0,0.0,0.0,0.0,0.0,abccbcaa
2010-04-01T00:00:00.000,0.0,0.0,1.0,7.0,2.0,1.0,3.0,1.0,3.0,2.0,0.0,4.0,1.0,1.0,3.0,4.0,7.0,3.0,2.0,1.0,2.0,0.0,0.0,0.0,acbbbcba
2010-04-02T00:00:00.000,0.0,0.0,0.0,5.0,2.0,2.0,1.0,3.0,2.0,2.0,1.0,3.0,1.0,0.0,1.0,3.0,4.0,0.0,2.0,1.0,2.0,0.0,0.0,0.0,acbbacba
2010-04-03T00:00:00.000,0.0,0.0,0.0,0.0,3.0,1.0,0.0,2.0,0.0,1.0,1.0,1.0,1.0,0.0,1.0,1.0,1.0,2.0,0.0,0.0,0.0,0.0,0.0,0.0,acbcbcaa
2010-04-04T00:00:00.000,0.0,0.0,0.0,0.0,3.0,2.0,0.0,1.0,1.0,1.0,1.0,0.0,0.0,2.0,2.0,0.0,1.0,4.0,1.0,0.0,3.0,0.0,0.0,0.0,acbbbcba
2010-04-05T00:00:00.000,0.0,0.0,0.0,0.0,0.0,2.0,0.0,2.0,1.0,2.0,2.0,4.0,2.0,2.0,3.0,3.0,2.0,2.0,1.0,0.0,3.0,0.0,0.0,0.0,aabcccba
2010-04-06T00:00:00.000,0.0,0.0,0.0,0.0,0.0,0.0,0.0,1.0,0.0,1.0,2.0,4.0,7.0,0.0,2.0,4.0,4.0,2.0,1.0,2.0,1.0,0.0,0.0,0.0,aaacccba
2010-04-07T00:00:00.000,0.0,0.0,0.0,0.0,0.0,0.0,0.0,0.0,0.0,0.0,3.0,0.0,8.0,1.0,1.0,2.0,6.0,5.0,6.0,3.0,4.0,1.0,0.0,0.0,aaabccca
2010-04-08T00:00:00.000,0.0,0.0,0.0,0.0,0.0,0.0,1.0,3.0,3.0,2.0,5.0,4.0,3.0,1.0,1.0,3.0,6.0,7.0,8.0,1.0,5.0,2.0,2.0,2.0,aabcbccb
2010-04-09T00:00:00.000,1.0,1.0,0.0,0.0,0.0,0.0,1.0,3.0,5.0,3.0,3.0,4.0,1.0,0.0,3.0,5.0,4.0,4.0,5.0,0.0,5.0,3.0,3.0,2.0,aabcaccb
2010-04-10T00:00:00.000,1.0,1.0,0.0,0.0,0.0,0.0,4.0,2.0,2.0,2.0,1.0,1.0,3.0,1.0,2.0,6.0,5.0,2.0,5.0,3.0,3.0,4.0,2.0,4.0,aababccc
2010-04-11T00:00:00.000,2.0,0.0,0.0,0.0,0.0,0.0,4.0,2.0,1.0,1.0,1.0,3.0,3.0,1.0,2.0,4.0,8.0,3.0,5.0,3.0,1.0,4.0,2.0,5.0,aabbbcbc
2010-04-12T00:00:00.000,2.0,3.0,2.0,2.0,1.0,0.0,0.0,0.0,1.0,0.0,0.0,3.0,1.0,3.0,3.0,3.0,6.0,4.0,5.0,0.0,2.0,3.0,1.0,1.0,baaabcbb
2010-04-13T00:00:00.000,0.0,3.0,2.0,2.0,1.0,0.0,0.0,0.0,2.0,1.0,5.0,6.0,6.0,5.0,3.0,3.0,4.0,6.0,11.0,2.0,2.0,2.0,0.0,0.0,baacccca
2010-04-14T00:00:00.000,1.0,1.0,0.0,0.0,0.0,0.0,0.0,1.0,4.0,3.0,11.0,7.0,7.0,2.0,3.0,1.0,3.0,3.0,10.0,3.0,2.0,1.0,2.0,1.0,aabcbbca
2010-04-15T00:00:00.000,3.0,2.0,2.0,2.0,2.0,0.0,0.0,1.0,2.0,8.0,7.0,2.0,2.0,0.0,1.0,0.0,0.0,2.0,3.0,1.0,1.0,0.0,2.0,1.0,bbbcbabb
2010-04-16T00:00:00.000,2.0,2.0,3.0,2.0,2.0,0.0,0.0,0.0,0.0,6.0,4.0,0.0,2.0,2.0,2.0,3.0,0.0,2.0,3.0,0.0,0.0,1.0,1.0,0.0,cbacbbba
2010-04-17T00:00:00.000,0.0,1.0,1.0,0.0,0.0,0.0,0.0,0.0,0.0,0.0,3.0,3.0,2.0,3.0,3.0,4.0,0.0,1.0,5.0,0.0,0.0,1.0,1.0,0.0,baaccbbb
2010-04-18T00:00:00.000,0.0,0.0,0.0,0.0,0.0,0.0,0.0,0.0,3.0,1.0,0.0,3.0,3.0,1.0,2.0,1.0,1.0,1.0,3.0,0.0,0.0,0.0,0.0,0.0,aabccbba
2010-04-19T00:00:00.000,0.0,0.0,0.0,0.0,0.0,0.0,0.0,0.0,3.0,1.0,0.0,3.0,2.0,1.0,4.0,6.0,2.0,5.0,3.0,0.0,0.0,0.0,0.0,0.0,aabbccba
2010-04-20T00:00:00.000,0.0,0.0,0.0,0.0,0.0,0.0,0.0,0.0,0.0,4.0,1.0,3.0,1.0,2.0,7.0,9.0,7.0,6.0,6.0,0.0,0.0,0.0,1.0,2.0,aaabccbb
2010-04-21T00:00:00.000,0.0,0.0,0.0,0.0,0.0,0.0,0.0,0.0,1.0,5.0,2.0,0.0,1.0,2.0,4.0,5.0,7.0,3.0,7.0,3.0,1.0,0.0,1.0,3.0,aaabbccb
2010-04-22T00:00:00.000,1.0,0.0,0.0,0.0,0.0,0.0,0.0,0.0,1.0,4.0,2.0,5.0,0.0,2.0,1.0,4.0,4.0,3.0,5.0,3.0,2.0,0.0,0.0,1.0,aaacbcca
2010-04-23T00:00:00.000,1.0,0.0,0.0,0.0,0.0,0.0,0.0,0.0,0.0,4.0,3.0,6.0,0.0,1.0,3.0,3.0,5.0,2.0,1.0,0.0,1.0,0.0,0.0,0.0,aaacbcba
2010-04-24T00:00:00.000,0.0,2.0,0.0,1.0,1.0,0.0,0.0,0.0,0.0,1.0,2.0,1.0,1.0,1.0,2.0,3.0,2.0,4.0,3.0,4.0,0.0,0.0,0.0,0.0,bbabbcca
2010-04-25T00:00:00.000,2.0,2.0,3.0,3.0,1.0,0.0,0.0,0.0,0.0,0.0,0.0,1.0,4.0,1.0,0.0,7.0,2.0,5.0,5.0,6.0,0.0,2.0,0.0,0.0,bbaabcca
2010-04-26T00:00:00.000,2.0,0.0,6.0,2.0,3.0,2.0,2.0,0.0,0.0,0.0,0.0,1.0,9.0,2.0,1.0,6.0,3.0,4.0,2.0,2.0,1.0,4.0,0.0,2.0,bbaaccbb
2010-04-27T00:00:00.000,3.0,2.0,5.0,0.0,3.0,2.0,2.0,0.0,0.0,1.0,2.0,1.0,7.0,4.0,4.0,2.0,2.0,2.0,4.0,0.0,1.0,2.0,0.0,2.0,cbaacbba
2010-04-28T00:00:00.000,3.0,2.0,2.0,0.0,0.0,0.0,0.0,1.0,2.0,4.0,3.0,3.0,2.0,3.0,3.0,1.0,4.0,0.0,6.0,1.0,1.0,1.0,0.0,4.0,baaccbcb
2010-04-29T00:00:00.000,1.0,0.0,3.0,2.0,2.0,0.0,0.0,1.0,2.0,3.0,1.0,3.0,2.0,3.0,1.0,1.0,4.0,0.0,4.0,4.0,3.0,1.0,0.0,4.0,bbabbbcb
2010-04-30T00:00:00.000,1.0,1.0,3.0,2.0,2.0,0.0,0.0,0.0,0.0,0.0,1.0,1.0,2.0,4.0,2.0,1.0,1.0,1.0,3.0,5.0,4.0,0.0,0.0,0.0,bbaacbca
2010-05-01T00:00:00.000,0.0,1.0,0.0,0.0,0.0,0.0,0.0,0.0,0.0,2.0,1.0,1.0,1.0,2.0,3.0,1.0,1.0,1.0,3.0,2.0,2.0,0.0,0.0,0.0,aaaccbca
2010-05-02T00:00:00.000,0.0,0.0,2.0,1.0,0.0,2.0,3.0,0.0,0.0,2.0,0.0,4.0,2.0,0.0,3.0,2.0,5.0,4.0,2.0,0.0,0.0,0.0,0.0,0.0,bbbbbcba
2010-05-03T00:00:00.000,0.0,0.0,4.0,2.0,3.0,4.0,6.0,4.0,2.0,0.0,0.0,5.0,2.0,2.0,4.0,1.0,5.0,4.0,0.0,0.0,2.0,1.0,0.0,0.0,bccbbcaa
2010-05-04T00:00:00.000,1.0,3.0,2.0,1.0,3.0,2.0,3.0,4.0,2.0,0.0,0.0,3.0,1.0,3.0,4.0,3.0,4.0,2.0,3.0,0.0,3.0,3.0,0.0,0.0,bbcabcba
2010-05-05T00:00:00.000,2.0,6.0,3.0,6.0,2.0,2.0,3.0,4.0,1.0,0.0,0.0,1.0,3.0,4.0,3.0,6.0,6.0,2.0,3.0,0.0,1.0,2.0,0.0,0.0,cbbabcaa
2010-05-06T00:00:00.000,3.0,3.0,5.0,6.0,4.0,2.0,7.0,5.0,3.0,1.0,2.0,2.0,2.0,6.0,3.0,4.0,4.0,2.0,0.0,0.0,0.0,0.0,0.0,0.0,cccacbaa
2010-05-07T00:00:00.000,2.0,0.0,2.0,0.0,4.0,1.0,4.0,4.0,3.0,1.0,2.0,2.0,0.0,3.0,1.0,1.0,1.0,3.0,0.0,2.0,1.0,0.0,0.0,1.0,bbcbbbaa
2010-05-08T00:00:00.000,2.0,0.0,0.0,3.0,4.0,1.0,0.0,4.0,1.0,0.0,0.0,0.0,0.0,0.0,1.0,0.0,2.0,2.0,0.0,2.0,1.0,0.0,0.0,1.0,bccaabba
2010-05-09T00:00:00.000,2.0,1.0,1.0,5.0,5.0,2.0,0.0,1.0,2.0,2.0,2.0,2.0,1.0,2.0,1.0,0.0,2.0,1.0,0.0,0.0,0.0,0.0,0.0,1.0,bcbcbbaa
2010-05-10T00:00:00.000,4.0,2.0,4.0,2.0,3.0,5.0,0.0,0.0,4.0,4.0,3.0,7.0,3.0,2.0,2.0,0.0,0.0,0.0,0.0,0.0,0.0,0.0,1.0,2.0,ccbcbaaa
2010-05-11T00:00:00.000,5.0,3.0,5.0,0.0,3.0,6.0,1.0,0.0,4.0,3.0,1.0,7.0,2.0,1.0,3.0,0.0,0.0,0.0,0.0,0.0,0.0,0.0,1.0,1.0,ccbcbaaa
2010-05-12T00:00:00.000,2.0,2.0,3.0,0.0,3.0,3.0,3.0,1.0,3.0,3.0,2.0,3.0,3.0,4.0,4.0,0.0,3.0,0.0,0.0,0.0,0.0,0.0,0.0,0.0,bbbccaaa
2010-05-13T00:00:00.000,1.0,0.0,3.0,3.0,2.0,0.0,4.0,1.0,3.0,4.0,3.0,3.0,3.0,4.0,3.0,2.0,3.0,1.0,0.0,0.0,0.0,0.0,0.0,0.0,bbcccbaa
2010-05-14T00:00:00.000,0.0,0.0,2.0,3.0,3.0,2.0,4.0,1.0,5.0,6.0,2.0,3.0,0.0,7.0,1.0,5.0,2.0,1.0,0.0,0.0,0.0,0.0,0.0,0.0,abccbbaa
2010-05-15T00:00:00.000,0.0,0.0,0.0,2.0,2.0,4.0,6.0,2.0,3.0,7.0,4.0,1.0,0.0,12.0,1.0,6.0,3.0,0.0,1.0,0.0,0.0,0.0,0.0,0.0,abcccbaa
2010-05-16T00:00:00.000,0.0,0.0,0.0,5.0,4.0,4.0,4.0,1.0,1.0,3.0,4.0,0.0,0.0,6.0,1.0,5.0,6.0,2.0,1.0,0.0,0.0,0.0,0.0,0.0,acbbbcaa
2010-05-17T00:00:00.000,0.0,0.0,0.0,5.0,9.0,4.0,1.0,3.0,3.0,3.0,4.0,1.0,1.0,1.0,2.0,5.0,6.0,3.0,2.0,0.0,1.0,1.0,0.0,1.0,acbbacaa
2010-05-18T00:00:00.000,0.0,0.0,0.0,2.0,6.0,2.0,1.0,5.0,8.0,6.0,4.0,2.0,5.0,1.0,2.0,5.0,2.0,4.0,7.0,0.0,1.0,1.0,0.0,1.0,abccbbba
2010-05-19T00:00:00.000,0.0,0.0,0.0,0.0,0.0,1.0,0.0,2.0,7.0,5.0,2.0,3.0,5.0,1.0,4.0,6.0,2.0,6.0,5.0,0.0,2.0,1.0,2.0,0.0,aabcccba
2010-05-20T00:00:00.000,0.0,0.0,0.0,0.0,0.0,2.0,0.0,0.0,1.0,2.0,2.0,3.0,6.0,2.0,7.0,4.0,1.0,6.0,1.0,0.0,2.0,1.0,2.0,0.0,aaabccbb
2010-05-21T00:00:00.000,0.0,0.0,0.0,0.0,0.0,1.0,0.0,0.0,0.0,1.0,2.0,3.0,6.0,1.0,6.0,3.0,1.0,4.0,1.0,0.0,0.0,0.0,0.0,0.0,aaabccaa
2010-05-22T00:00:00.000,0.0,0.0,0.0,0.0,0.0,1.0,1.0,1.0,0.0,2.0,2.0,3.0,4.0,1.0,2.0,5.0,4.0,2.0,2.0,0.0,0.0,0.0,0.0,0.0,aabcccba
2010-05-23T00:00:00.000,0.0,0.0,0.0,0.0,0.0,2.0,6.0,2.0,3.0,4.0,1.0,3.0,3.0,3.0,7.0,3.0,5.0,3.0,5.0,3.0,0.0,0.0,0.0,0.0,aacbccba
2010-05-24T00:00:00.000,0.0,0.0,0.0,0.0,0.0,1.0,9.0,4.0,4.0,8.0,5.0,4.0,1.0,3.0,11.0,4.0,5.0,4.0,4.0,3.0,0.0,0.0,0.0,0.0,aaccccba
2010-05-25T00:00:00.000,0.0,0.0,0.0,0.0,0.0,0.0,6.0,6.0,5.0,10.0,9.0,3.0,3.0,2.0,6.0,3.0,7.0,4.0,4.0,0.0,2.0,3.0,0.0,2.0,aaccbcba
2010-05-26T00:00:00.000,0.0,0.0,0.0,0.0,0.0,0.0,2.0,3.0,7.0,5.0,5.0,1.0,3.0,2.0,3.0,3.0,6.0,4.0,4.0,0.0,2.0,3.0,0.0,2.0,aaccbcbb
2010-05-27T00:00:00.000,0.0,0.0,0.0,0.0,0.0,0.0,0.0,0.0,5.0,1.0,4.0,0.0,2.0,2.0,5.0,3.0,2.0,3.0,4.0,0.0,0.0,0.0,0.0,0.0,aabbccba
2010-05-28T00:00:00.000,0.0,0.0,0.0,0.0,0.0,0.0,0.0,0.0,2.0,3.0,6.0,1.0,2.0,1.0,5.0,0.0,2.0,3.0,7.0,0.0,0.0,1.0,0.0,0.0,aabccbca
2010-05-29T00:00:00.000,3.0,0.0,0.0,0.0,0.0,0.0,0.0,0.0,0.0,2.0,4.0,1.0,1.0,2.0,3.0,2.0,4.0,5.0,6.0,1.0,0.0,4.0,0.0,0.0,baabbcbb
2010-05-30T00:00:00.000,3.0,0.0,0.0,0.0,0.0,0.0,0.0,2.0,5.0,3.0,4.0,3.0,0.0,3.0,2.0,3.0,4.0,6.0,4.0,1.0,0.0,4.0,1.0,0.0,aabcbcbb
2010-05-31T00:00:00.000,0.0,0.0,0.0,0.0,0.0,0.0,1.0,3.0,5.0,4.0,6.0,4.0,0.0,1.0,2.0,2.0,8.0,4.0,3.0,0.0,0.0,1.0,1.0,0.0,aaccbcba
2010-06-01T00:00:00.000,0.0,0.0,0.0,0.0,0.0,0.0,1.0,6.0,2.0,7.0,4.0,4.0,1.0,0.0,5.0,3.0,7.0,1.0,2.0,2.0,1.0,1.0,0.0,0.0,aaccbcba
2010-06-02T00:00:00.000,0.0,0.0,0.0,0.0,0.0,0.0,0.0,5.0,4.0,8.0,3.0,7.0,4.0,1.0,5.0,3.0,3.0,4.0,6.0,2.0,1.0,1.0,0.0,0.0,aabcbbba
2010-06-03T00:00:00.000,0.0,0.0,0.0,0.0,0.0,0.0,0.0,1.0,7.0,6.0,3.0,7.0,6.0,1.0,2.0,3.0,3.0,5.0,7.0,4.0,1.0,2.0,0.0,0.0,aabcbcca
2010-06-04T00:00:00.000,0.0,0.0,0.0,0.0,0.0,0.0,0.0,1.0,7.0,5.0,2.0,5.0,4.0,2.0,1.0,4.0,1.0,6.0,8.0,6.0,1.0,3.0,1.0,0.0,aabcbccb
2010-06-05T00:00:00.000,0.0,0.0,0.0,0.0,0.0,0.0,0.0,0.0,3.0,5.0,4.0,3.0,1.0,2.0,2.0,2.0,4.0,8.0,7.0,2.0,0.0,1.0,1.0,0.0,aabcbcca
2010-06-06T00:00:00.000,0.0,0.0,0.0,0.0,0.0,0.0,0.0,0.0,5.0,6.0,4.0,3.0,1.0,2.0,1.0,2.0,6.0,3.0,3.0,0.0,0.0,0.0,0.0,0.0,aabcbcba
2010-06-07T00:00:00.000,0.0,0.0,0.0,0.0,0.0,0.0,0.0,2.0,4.0,2.0,2.0,6.0,2.0,2.0,3.0,4.0,7.0,1.0,2.0,0.0,0.0,0.0,0.0,0.0,aabcbcaa
2010-06-08T00:00:00.000,0.0,0.0,0.0,2.0,4.0,5.0,3.0,4.0,0.0,0.0,3.0,6.0,2.0,0.0,5.0,5.0,7.0,3.0,0.0,3.0,1.0,2.0,1.0,0.0,acbbbcaa
2010-06-09T00:00:00.000,0.0,0.0,0.0,2.0,4.0,5.0,3.0,3.0,2.0,4.0,7.0,6.0,4.0,1.0,2.0,5.0,7.0,5.0,3.0,5.0,1.0,2.0,1.0,0.0,abbcbcba
2010-06-10T00:00:00.000,0.0,0.0,0.0,0.0,0.0,0.0,0.0,5.0,2.0,7.0,8.0,7.0,7.0,2.0,1.0,3.0,7.0,5.0,7.0,2.0,1.0,2.0,0.0,0.0,aabcbcba
2010-06-11T00:00:00.000,0.0,0.0,0.0,0.0,0.0,0.0,1.0,7.0,0.0,4.0,5.0,3.0,4.0,1.0,1.0,1.0,3.0,2.0,7.0,2.0,3.0,2.0,0.0,0.0,aabcbbca
2010-06-12T00:00:00.000,0.0,0.0,0.0,0.0,0.0,0.0,1.0,4.0,2.0,3.0,6.0,4.0,2.0,1.0,1.0,1.0,2.0,1.0,4.0,7.0,3.0,1.0,0.0,0.0,aabcbbca
2010-06-13T00:00:00.000,0.0,0.0,0.0,0.0,2.0,0.0,1.0,3.0,3.0,3.0,5.0,5.0,2.0,2.0,2.0,5.0,6.0,1.0,1.0,5.0,1.0,1.0,0.0,0.0,aabcbcba
2010-06-14T00:00:00.000,0.0,0.0,0.0,0.0,2.0,0.0,1.0,5.0,3.0,2.0,3.0,5.0,0.0,3.0,3.0,7.0,7.0,0.0,3.0,0.0,0.0,0.0,0.0,0.0,aaccbcba
2010-06-15T00:00:00.000,0.0,0.0,1.0,1.0,4.0,3.0,4.0,9.0,3.0,4.0,2.0,5.0,1.0,2.0,4.0,6.0,6.0,1.0,10.0,0.0,0.0,0.0,0.0,0.0,abcbbcba
2010-06-16T00:00:00.000,0.0,0.0,1.0,1.0,4.0,3.0,4.0,6.0,7.0,6.0,3.0,5.0,2.0,2.0,5.0,6.0,6.0,1.0,7.0,3.0,0.0,0.0,0.0,0.0,abccbcba
2010-06-17T00:00:00.000,0.0,0.0,0.0,0.0,0.0,2.0,1.0,1.0,9.0,3.0,5.0,7.0,3.0,3.0,3.0,4.0,3.0,0.0,0.0,3.0,0.0,0.0,0.0,0.0,aaccbbba
2010-06-18T00:00:00.000,0.0,0.0,0.0,0.0,0.0,2.0,1.0,2.0,3.0,2.0,2.0,5.0,2.0,2.0,2.0,5.0,5.0,3.0,3.0,0.0,0.0,1.0,0.0,0.0,aabcbcba
2010-06-19T00:00:00.000,0.0,0.0,0.0,0.0,0.0,0.0,0.0,1.0,2.0,3.0,3.0,3.0,0.0,2.0,4.0,5.0,6.0,4.0,6.0,2.0,0.0,2.0,0.0,0.0,aabcbcba
2010-06-20T00:00:00.000,0.0,0.0,0.0,0.0,0.0,0.0,0.0,4.0,3.0,2.0,6.0,2.0,1.0,1.0,4.0,3.0,3.0,1.0,3.0,2.0,0.0,1.0,0.0,0.0,aaccbcba
2010-06-21T00:00:00.000,0.0,0.0,0.0,0.0,0.0,0.0,0.0,6.0,3.0,1.0,4.0,2.0,1.0,0.0,2.0,3.0,1.0,1.0,3.0,1.0,1.0,2.0,0.0,0.0,aaccbbbb
2010-06-22T00:00:00.000,0.0,0.0,0.0,0.0,0.0,0.0,3.0,4.0,3.0,6.0,9.0,6.0,2.0,0.0,2.0,7.0,3.0,1.0,3.0,1.0,1.0,4.0,1.0,0.0,aabcbcbb
2010-06-23T00:00:00.000,0.0,0.0,0.0,0.0,0.0,0.0,5.0,2.0,3.0,7.0,10.0,7.0,5.0,2.0,3.0,8.0,7.0,2.0,0.0,0.0,4.0,2.0,1.0,0.0,aabcbcaa
2010-06-24T00:00:00.000,0.0,0.0,0.0,0.0,2.0,2.0,3.0,0.0,2.0,2.0,5.0,4.0,3.0,2.0,1.0,2.0,4.0,3.0,4.0,0.0,4.0,2.0,0.0,0.0,abbcbcca
2010-06-25T00:00:00.000,0.0,0.0,0.0,0.0,2.0,2.0,1.0,0.0,2.0,1.0,4.0,3.0,2.0,0.0,0.0,0.0,1.0,1.0,6.0,1.0,1.0,2.0,0.0,1.0,abbcbbcb
2010-06-26T00:00:00.000,0.0,0.0,0.0,0.0,0.0,0.0,0.0,0.0,2.0,4.0,3.0,4.0,3.0,1.0,1.0,0.0,2.0,1.0,2.0,1.0,4.0,3.0,0.0,2.0,aaacbbcb
2010-06-27T00:00:00.000,0.0,0.0,0.0,0.0,0.0,0.0,0.0,3.0,1.0,8.0,5.0,4.0,2.0,1.0,5.0,3.0,3.0,1.0,0.0,0.0,3.0,5.0,0.0,1.0,aabcbbbb
2010-06-28T00:00:00.000,0.0,0.0,0.0,0.0,0.0,0.0,0.0,5.0,7.0,9.0,6.0,4.0,7.0,1.0,8.0,3.0,5.0,2.0,1.0,0.0,0.0,2.0,0.0,0.0,aacccbaa
2010-06-29T00:00:00.000,0.0,0.0,0.0,0.0,0.0,0.0,0.0,4.0,10.0,8.0,6.0,6.0,8.0,2.0,5.0,1.0,4.0,2.0,1.0,0.0,1.0,1.0,1.0,1.0,aacccbaa
2010-06-30T00:00:00.000,0.0,0.0,0.0,0.0,0.0,0.0,0.0,5.0,9.0,7.0,4.0,8.0,4.0,3.0,3.0,1.0,4.0,0.0,1.0,0.0,1.0,1.0,1.0,1.0,aaccbbaa
2010-07-01T00:00:00.000,0.0,0.0,0.0,0.0,0.0,0.0,0.0,3.0,6.0,6.0,2.0,5.0,4.0,5.0,2.0,4.0,7.0,1.0,5.0,1.0,1.0,0.0,0.0,0.0,aabcccba
2010-07-02T00:00:00.000,0.0,0.0,0.0,0.0,0.0,1.0,0.0,0.0,4.0,5.0,3.0,0.0,3.0,6.0,3.0,4.0,4.0,1.0,4.0,1.0,1.0,0.0,0.0,0.0,aabcccba
2010-07-03T00:00:00.000,0.0,0.0,0.0,0.0,0.0,2.0,1.0,1.0,5.0,4.0,3.0,0.0,2.0,4.0,3.0,5.0,1.0,2.0,2.0,0.0,0.0,0.0,0.0,0.0,aaccccaa
2010-07-04T00:00:00.000,0.0,0.0,0.0,5.0,2.0,4.0,3.0,3.0,3.0,9.0,4.0,0.0,5.0,1.0,0.0,5.0,1.0,2.0,2.0,0.0,0.0,0.0,0.0,0.0,acbcbbaa
2010-07-05T00:00:00.000,0.0,3.0,2.0,9.0,3.0,7.0,3.0,6.0,4.0,10.0,6.0,1.0,7.0,3.0,2.0,1.0,4.0,1.0,2.0,0.0,0.0,0.0,0.0,0.0,acbcbbaa
2010-07-06T00:00:00.000,0.0,3.0,2.0,4.0,1.0,4.0,1.0,4.0,4.0,3.0,5.0,3.0,3.0,5.0,3.0,8.0,5.0,1.0,3.0,2.0,2.0,1.0,3.0,2.0,abbbbcba
2010-07-07T00:00:00.000,0.0,0.0,0.0,0.0,0.0,0.0,0.0,0.0,4.0,3.0,5.0,7.0,5.0,3.0,1.0,11.0,4.0,1.0,1.0,4.0,5.0,1.0,4.0,4.0,aaacbcbb
2010-07-08T00:00:00.000,1.0,3.0,0.0,0.0,0.0,0.0,0.0,1.0,6.0,3.0,4.0,6.0,7.0,3.0,0.0,7.0,5.0,7.0,5.0,6.0,4.0,0.0,2.0,2.0,aabcbcca
2010-07-09T00:00:00.000,1.0,4.0,2.0,1.0,0.0,0.0,0.0,2.0,5.0,2.0,1.0,1.0,3.0,3.0,1.0,5.0,4.0,6.0,6.0,4.0,1.0,0.0,1.0,0.0,bababcca
2010-07-10T00:00:00.000,0.0,1.0,2.0,1.0,0.0,0.0,2.0,1.0,2.0,1.0,0.0,1.0,1.0,2.0,1.0,3.0,5.0,3.0,4.0,2.0,2.0,0.0,0.0,0.0,bababcca
2010-07-11T00:00:00.000,0.0,0.0,0.0,3.0,2.0,3.0,3.0,0.0,1.0,1.0,3.0,2.0,0.0,1.0,0.0,2.0,6.0,4.0,3.0,2.0,2.0,0.0,0.0,0.0,acbbacca
2010-07-12T00:00:00.000,0.0,0.0,2.0,3.0,2.0,5.0,4.0,1.0,1.0,2.0,6.0,4.0,1.0,3.0,0.0,1.0,5.0,6.0,3.0,0.0,0.0,0.0,0.0,0.0,acbcbcaa
2010-07-13T00:00:00.000,0.0,0.0,2.0,0.0,0.0,2.0,3.0,3.0,2.0,3.0,6.0,6.0,4.0,4.0,1.0,1.0,3.0,7.0,7.0,0.0,0.0,3.0,0.0,0.0,aabcbcba
2010-07-14T00:00:00.000,0.0,0.0,1.0,0.0,0.0,0.0,0.0,3.0,2.0,2.0,3.0,3.0,3.0,1.0,6.0,4.0,7.0,2.0,8.0,0.0,1.0,3.0,0.0,0.0,aabbccba
2010-07-15T00:00:00.000,0.0,0.0,1.0,0.0,0.0,0.0,0.0,1.0,3.0,4.0,1.0,0.0,1.0,0.0,5.0,4.0,8.0,0.0,5.0,0.0,2.0,1.0,1.0,0.0,aabbbcbb
2010-07-16T00:00:00.000,0.0,0.0,0.0,0.0,0.0,0.0,0.0,2.0,4.0,4.0,5.0,0.0,2.0,1.0,0.0,3.0,4.0,1.0,4.0,1.0,1.0,1.0,1.0,0.0,aabcbcba
2010-07-17T00:00:00.000,0.0,0.0,0.0,0.0,0.0,0.0,0.0,2.0,4.0,0.0,4.0,0.0,2.0,2.0,3.0,6.0,3.0,2.0,6.0,1.0,0.0,0.0,1.0,3.0,aabbbcbb
2010-07-18T00:00:00.000,0.0,0.0,0.0,0.0,0.0,0.0,1.0,2.0,7.0,2.0,4.0,2.0,1.0,2.0,8.0,6.0,3.0,3.0,4.0,2.0,0.0,2.0,6.0,3.0,aabbccbc
2010-07-19T00:00:00.000,0.0,0.0,0.0,0.0,0.0,0.0,1.0,3.0,5.0,3.0,5.0,4.0,3.0,2.0,7.0,5.0,3.0,4.0,1.0,2.0,1.0,2.0,7.0,1.0,aabcccab
2010-07-20T00:00:00.000,1.0,0.0,0.0,0.0,0.0,0.0,0.0,1.0,2.0,5.0,3.0,4.0,5.0,2.0,4.0,4.0,2.0,2.0,5.0,0.0,2.0,0.0,2.0,1.0,aaacccba
2010-07-21T00:00:00.000,1.0,0.0,0.0,0.0,0.0,0.0,0.0,0.0,1.0,7.0,4.0,8.0,4.0,1.0,4.0,3.0,2.0,1.0,10.0,1.0,1.0,2.0,0.0,0.0,aaacbbca
2010-07-22T00:00:00.000,2.0,2.0,2.0,3.0,0.0,0.0,0.0,0.0,3.0,4.0,5.0,6.0,2.0,1.0,4.0,2.0,3.0,2.0,8.0,3.0,0.0,2.0,0.0,0.0,baacbbca
2010-07-23T00:00:00.000,2.0,2.0,2.0,3.0,0.0,0.0,0.0,0.0,3.0,1.0,3.0,0.0,2.0,3.0,2.0,1.0,3.0,4.0,7.0,3.0,1.0,0.0,0.0,1.0,baabbcca
2010-07-24T00:00:00.000,0.0,0.0,0.0,0.0,0.0,0.0,0.0,0.0,0.0,0.0,0.0,1.0,3.0,5.0,3.0,3.0,1.0,4.0,8.0,3.0,1.0,1.0,0.0,3.0,aaaacccb
2010-07-25T00:00:00.000,1.0,1.0,3.0,2.0,0.0,0.0,0.0,0.0,0.0,0.0,0.0,1.0,1.0,4.0,5.0,4.0,7.0,4.0,8.0,2.0,0.0,1.0,0.0,2.0,baaacccb
2010-07-26T00:00:00.000,1.0,1.0,7.0,2.0,0.0,0.0,0.0,0.0,0.0,0.0,0.0,2.0,3.0,3.0,3.0,4.0,11.0,5.0,8.0,3.0,3.0,4.0,0.0,1.0,baaabccb
2010-07-27T00:00:00.000,4.0,0.0,7.0,3.0,1.0,0.0,0.0,0.0,0.0,0.0,0.0,2.0,4.0,4.0,1.0,7.0,5.0,4.0,6.0,6.0,4.0,7.0,4.0,1.0,baaabccb
2010-07-28T00:00:00.000,4.0,3.0,7.0,6.0,1.0,0.0,0.0,0.0,0.0,0.0,0.0,0.0,1.0,3.0,1.0,6.0,4.0,5.0,6.0,5.0,1.0,4.0,4.0,0.0,cbaabccb
2010-07-29T00:00:00.000,1.0,3.0,6.0,4.0,4.0,2.0,2.0,0.0,0.0,0.0,0.0,0.0,2.0,1.0,2.0,6.0,4.0,3.0,6.0,5.0,1.0,3.0,5.0,1.0,bbaabccb
2010-07-30T00:00:00.000,1.0,0.0,5.0,1.0,4.0,2.0,2.0,0.0,0.0,0.0,0.0,0.0,2.0,0.0,1.0,5.0,1.0,0.0,2.0,3.0,1.0,2.0,5.0,1.0,bcaabbbc
2010-07-31T00:00:00.000,0.0,0.0,5.0,0.0,0.0,0.0,0.0,0.0,0.0,0.0,0.0,0.0,0.0,0.0,0.0,0.0,0.0,2.0,1.0,0.0,1.0,0.0,0.0,1.0,cbbbbbbb
2010-08-01T00:00:00.000,0.0,0.0,2.0,0.0,1.0,1.0,1.0,1.0,1.0,2.0,3.0,0.0,1.0,0.0,0.0,0.0,0.0,2.0,1.0,0.0,1.0,0.0,3.0,4.0,bbbcabbc
2010-08-02T00:00:00.000,2.0,2.0,0.0,3.0,6.0,3.0,3.0,1.0,1.0,2.0,4.0,0.0,5.0,1.0,5.0,1.0,0.0,0.0,0.0,0.0,0.0,1.0,4.0,4.0,bcbbcaac
2010-08-03T00:00:00.000,3.0,2.0,5.0,4.0,6.0,3.0,2.0,2.0,1.0,2.0,2.0,3.0,5.0,2.0,6.0,2.0,3.0,0.0,0.0,0.0,0.0,1.0,1.0,1.0,ccbbcbaa
2010-08-04T00:00:00.000,1.0,1.0,6.0,2.0,3.0,6.0,1.0,3.0,1.0,6.0,2.0,8.0,2.0,2.0,2.0,2.0,7.0,1.0,1.0,0.0,0.0,0.0,0.0,0.0,bcbcbbaa
2010-08-05T00:00:00.000,0.0,3.0,3.0,3.0,5.0,6.0,2.0,1.0,3.0,8.0,6.0,7.0,4.0,1.0,1.0,3.0,7.0,3.0,3.0,2.0,0.0,0.0,0.0,0.0,bcbcbcaa
2010-08-06T00:00:00.000,0.0,2.0,2.0,2.0,5.0,1.0,2.0,1.0,4.0,7.0,6.0,5.0,4.0,2.0,1.0,4.0,4.0,5.0,4.0,2.0,0.0,0.0,0.0,0.0,abbcbcba
2010-08-07T00:00:00.000,0.0,0.0,0.0,0.0,2.0,2.0,2.0,2.0,2.0,3.0,2.0,3.0,3.0,3.0,2.0,5.0,2.0,4.0,4.0,0.0,0.0,0.0,0.0,0.0,abbcccba
2010-08-08T00:00:00.000,0.0,0.0,0.0,0.0,2.0,3.0,2.0,2.0,4.0,3.0,3.0,0.0,4.0,3.0,1.0,3.0,2.0,3.0,4.0,2.0,0.0,0.0,0.0,0.0,abcbccba
2010-08-09T00:00:00.000,0.0,0.0,0.0,0.0,7.0,5.0,2.0,2.0,5.0,6.0,2.0,2.0,2.0,2.0,2.0,4.0,2.0,2.0,2.0,2.0,0.0,0.0,0.0,0.0,acccbbba
2010-08-10T00:00:00.000,0.0,0.0,0.0,3.0,7.0,4.0,2.0,1.0,3.0,6.0,3.0,4.0,1.0,0.0,2.0,5.0,5.0,2.0,3.0,0.0,0.0,0.0,0.0,0.0,acbcacaa
2010-08-11T00:00:00.000,0.0,0.0,0.0,3.0,2.0,0.0,1.0,0.0,5.0,7.0,5.0,4.0,4.0,1.0,3.0,2.0,5.0,4.0,8.0,0.0,2.0,1.0,4.0,6.0,aabcbbbb
2010-08-12T00:00:00.000,1.0,1.0,0.0,0.0,0.0,0.0,2.0,3.0,8.0,10.0,3.0,6.0,4.0,1.0,4.0,1.0,4.0,4.0,8.0,1.0,3.0,1.0,4.0,6.0,aabcbbbb
2010-08-13T00:00:00.000,1.0,1.0,0.0,0.0,0.0,0.0,2.0,4.0,4.0,10.0,4.0,4.0,2.0,1.0,1.0,0.0,4.0,3.0,5.0,2.0,1.0,2.0,0.0,0.0,aaccbbba
2010-08-14T00:00:00.000,0.0,0.0,0.0,0.0,0.0,0.0,0.0,1.0,1.0,6.0,4.0,1.0,1.0,3.0,1.0,2.0,4.0,2.0,3.0,1.0,0.0,2.0,0.0,0.0,aabcbcbb
2010-08-15T00:00:00.000,0.0,0.0,0.0,0.0,1.0,2.0,3.0,1.0,3.0,6.0,1.0,2.0,2.0,3.0,1.0,5.0,4.0,1.0,2.0,1.0,0.0,0.0,1.0,2.0,aabcbcaa
2010-08-16T00:00:00.000,2.0,1.0,0.0,0.0,1.0,2.0,3.0,1.0,4.0,5.0,6.0,4.0,4.0,5.0,3.0,5.0,3.0,3.0,4.0,1.0,0.0,0.0,1.0,4.0,aabcccaa
2010-08-17T00:00:00.000,2.0,2.0,2.0,5.0,0.0,0.0,0.0,0.0,2.0,3.0,8.0,7.0,8.0,6.0,5.0,5.0,2.0,8.0,7.0,5.0,1.0,2.0,0.0,4.0,aaacccba
2010-08-18T00:00:00.000,4.0,2.0,7.0,8.0,2.0,5.0,0.0,0.0,0.0,2.0,4.0,5.0,8.0,2.0,4.0,3.0,1.0,8.0,7.0,5.0,2.0,5.0,1.0,3.0,bcabbbbb
2010-08-19T00:00:00.000,4.0,2.0,5.0,4.0,2.0,5.0,0.0,0.0,2.0,2.0,5.0,1.0,3.0,1.0,7.0,2.0,1.0,3.0,3.0,0.0,1.0,3.0,1.0,1.0,ccabcbab
2010-08-20T00:00:00.000,0.0,1.0,0.0,1.0,2.0,1.0,2.0,1.0,5.0,3.0,4.0,0.0,1.0,2.0,10.0,2.0,4.0,7.0,3.0,0.0,3.0,1.0,0.0,1.0,abbbccba
2010-08-21T00:00:00.000,0.0,0.0,0.0,0.0,2.0,1.0,2.0,1.0,3.0,1.0,3.0,1.0,1.0,3.0,5.0,2.0,7.0,11.0,4.0,1.0,4.0,1.0,0.0,1.0,aabbbcba
2010-08-22T00:00:00.000,0.0,2.0,4.0,2.0,2.0,1.0,0.0,0.0,0.0,3.0,5.0,3.0,7.0,6.0,2.0,3.0,4.0,8.0,3.0,1.0,1.0,2.0,1.0,1.0,bbacccba
2010-08-23T00:00:00.000,3.0,6.0,4.0,3.0,2.0,1.0,0.0,0.0,0.0,3.0,5.0,8.0,7.0,7.0,2.0,5.0,2.0,6.0,4.0,2.0,2.0,3.0,4.0,1.0,caacccbb
2010-08-24T00:00:00.000,4.0,6.0,0.0,2.0,0.0,0.0,0.0,0.0,0.0,0.0,2.0,10.0,3.0,4.0,1.0,6.0,3.0,3.0,5.0,5.0,4.0,2.0,3.0,1.0,baacbccb
2010-08-25T00:00:00.000,1.0,3.0,2.0,4.0,1.0,3.0,2.0,0.0,0.0,0.0,0.0,4.0,5.0,3.0,2.0,5.0,5.0,4.0,4.0,4.0,4.0,3.0,0.0,2.0,bbaaccca
2010-08-26T00:00:00.000,1.0,1.0,5.0,3.0,1.0,3.0,2.0,0.0,0.0,0.0,0.0,4.0,6.0,4.0,4.0,6.0,4.0,6.0,4.0,2.0,3.0,7.0,0.0,2.0,bbaaccbb
2010-08-27T00:00:00.000,1.0,0.0,3.0,5.0,1.0,4.0,0.0,1.0,0.0,0.0,0.0,6.0,3.0,2.0,4.0,4.0,3.0,5.0,7.0,1.0,3.0,5.0,1.0,3.0,ababbccb
2010-08-28T00:00:00.000,1.0,1.0,9.0,7.0,1.0,4.0,0.0,1.0,0.0,0.0,0.0,2.0,2.0,1.0,1.0,1.0,3.0,4.0,5.0,2.0,3.0,0.0,5.0,2.0,ccaabbcb
2010-08-29T00:00:00.000,6.0,3.0,10.0,5.0,0.0,0.0,1.0,0.0,0.0,0.0,0.0,1.0,4.0,2.0,4.0,1.0,3.0,5.0,3.0,6.0,3.0,0.0,5.0,0.0,cbaabbcb
2010-08-30T00:00:00.000,5.0,2.0,1.0,3.0,0.0,0.0,1.0,0.0,4.0,4.0,0.0,2.0,3.0,3.0,5.0,7.0,5.0,6.0,3.0,6.0,5.0,1.0,1.0,0.0,baabbcca
2010-08-31T00:00:00.000,0.0,3.0,2.0,3.0,0.0,3.0,0.0,0.0,10.0,8.0,3.0,4.0,1.0,2.0,1.0,6.0,4.0,4.0,2.0,8.0,5.0,1.0,0.0,0.0,abbcacca
2010-09-01T00:00:00.000,0.0,3.0,2.0,3.0,0.0,3.0,0.0,4.0,9.0,8.0,6.0,7.0,1.0,3.0,2.0,4.0,5.0,1.0,2.0,7.0,3.0,2.0,2.0,2.0,aabcabba
2010-09-02T00:00:00.000,2.0,1.0,2.0,5.0,0.0,0.0,0.0,4.0,3.0,5.0,5.0,8.0,3.0,6.0,3.0,5.0,4.0,3.0,3.0,2.0,4.0,3.0,5.0,3.0,aaacbbbb
2010-09-03T00:00:00.000,3.0,1.0,3.0,5.0,0.0,0.0,0.0,0.0,0.0,1.0,2.0,6.0,4.0,3.0,3.0,2.0,3.0,6.0,4.0,2.0,4.0,3.0,4.0,1.0,baabcccb
2010-09-04T00:00:00.000,2.0,0.0,2.0,3.0,1.0,1.0,0.0,0.0,0.0,0.0,0.0,2.0,2.0,0.0,2.0,3.0,6.0,7.0,4.0,1.0,1.0,6.0,3.0,3.0,bbaabcbc
2010-09-05T00:00:00.000,1.0,0.0,4.0,3.0,1.0,1.0,0.0,0.0,0.0,0.0,0.0,0.0,0.0,0.0,5.0,4.0,4.0,6.0,6.0,1.0,1.0,6.0,4.0,7.0,bbaabcbc
2010-09-06T00:00:00.000,1.0,2.0,8.0,5.0,2.0,3.0,3.0,1.0,0.0,0.0,0.0,1.0,3.0,0.0,7.0,2.0,1.0,2.0,6.0,3.0,1.0,3.0,5.0,6.0,bbaababc
2010-09-07T00:00:00.000,1.0,2.0,6.0,6.0,5.0,4.0,3.0,1.0,0.0,0.0,0.0,1.0,3.0,0.0,2.0,4.0,4.0,1.0,4.0,3.0,2.0,4.0,3.0,5.0,bcaaabbc
2010-09-08T00:00:00.000,4.0,2.0,2.0,2.0,6.0,3.0,2.0,3.0,3.0,1.0,2.0,0.0,3.0,0.0,2.0,4.0,4.0,1.0,2.0,1.0,2.0,3.0,0.0,4.0,bcbaacab
2010-09-09T00:00:00.000,5.0,6.0,3.0,4.0,7.0,4.0,2.0,3.0,5.0,5.0,5.0,4.0,6.0,1.0,3.0,0.0,1.0,0.0,0.0,0.0,0.0,0.0,2.0,4.0,ccbcbaab
2010-09-10T00:00:00.000,4.0,5.0,5.0,4.0,6.0,5.0,0.0,0.0,5.0,4.0,4.0,4.0,5.0,3.0,2.0,0.0,1.0,0.0,0.0,0.0,1.0,0.0,2.0,4.0,ccacbaab
2010-09-11T00:00:00.000,3.0,2.0,5.0,1.0,7.0,4.0,1.0,1.0,3.0,0.0,4.0,3.0,2.0,4.0,1.0,0.0,0.0,0.0,0.0,0.0,1.0,0.0,0.0,1.0,ccbbbaaa
2010-09-12T00:00:00.000,0.0,3.0,4.0,5.0,6.0,3.0,1.0,2.0,1.0,1.0,7.0,6.0,2.0,4.0,0.0,3.0,2.0,1.0,0.0,0.0,0.0,0.0,0.0,0.0,bcbcbbaa
2010-09-13T00:00:00.000,0.0,3.0,3.0,8.0,2.0,3.0,0.0,5.0,3.0,1.0,8.0,6.0,5.0,2.0,2.0,3.0,2.0,1.0,0.0,0.0,0.0,0.0,0.0,0.0,bcbcbbaa
2010-09-14T00:00:00.000,0.0,3.0,1.0,9.0,3.0,4.0,0.0,6.0,3.0,1.0,6.0,6.0,7.0,3.0,5.0,2.0,2.0,2.0,5.0,0.0,4.0,0.0,0.0,0.0,acbccbba
2010-09-15T00:00:00.000,0.0,2.0,1.0,15.0,7.0,7.0,0.0,2.0,3.0,2.0,2.0,4.0,4.0,3.0,5.0,2.0,2.0,2.0,5.0,0.0,4.0,0.0,0.0,0.0,acbbbbba
2010-09-16T00:00:00.000,0.0,0.0,4.0,12.0,8.0,4.0,1.0,2.0,4.0,6.0,2.0,3.0,2.0,0.0,2.0,0.0,7.0,2.0,4.0,1.0,0.0,0.0,0.0,0.0,acbbabba
2010-09-17T00:00:00.000,0.0,0.0,4.0,6.0,3.0,0.0,3.0,7.0,4.0,7.0,4.0,2.0,3.0,2.0,5.0,1.0,7.0,6.0,8.0,4.0,1.0,1.0,0.0,0.0,abcbbcba
2010-09-18T00:00:00.000,0.0,0.0,1.0,3.0,0.0,1.0,4.0,5.0,5.0,4.0,5.0,3.0,2.0,3.0,6.0,7.0,3.0,5.0,5.0,4.0,1.0,1.0,0.0,0.0,aaccbcba
2010-09-19T00:00:00.000,0.0,0.0,0.0,0.0,0.0,4.0,3.0,0.0,3.0,5.0,7.0,7.0,3.0,6.0,3.0,7.0,3.0,1.0,1.0,2.0,2.0,0.0,0.0,0.0,abbcccba
2010-09-20T00:00:00.000,0.0,0.0,0.0,0.0,0.0,6.0,5.0,3.0,5.0,11.0,8.0,5.0,9.0,6.0,4.0,1.0,3.0,4.0,5.0,1.0,5.0,0.0,0.0,4.0,aabccbba
2010-09-21T00:00:00.000,3.0,4.0,2.0,0.0,0.0,3.0,4.0,3.0,14.0,13.0,8.0,4.0,13.0,3.0,4.0,3.0,3.0,4.0,7.0,1.0,12.0,0.0,3.0,4.0,bacccbca
2010-09-22T00:00:00.000,3.0,4.0,2.0,0.0,0.0,2.0,3.0,1.0,13.0,8.0,8.0,7.0,7.0,3.0,4.0,5.0,4.0,3.0,3.0,2.0,14.0,0.0,4.0,2.0,babcbbca
2010-09-23T00:00:00.000,2.0,0.0,0.0,0.0,0.0,2.0,3.0,5.0,8.0,5.0,7.0,8.0,4.0,2.0,4.0,4.0,6.0,6.0,2.0,1.0,6.0,1.0,1.0,2.0,aaccbcba
2010-09-24T00:00:00.000,2.0,0.0,0.0,0.0,0.0,0.0,0.0,11.0,6.0,5.0,6.0,4.0,6.0,6.0,6.0,4.0,6.0,3.0,3.0,3.0,3.0,1.0,1.0,3.0,aacccbba
2010-09-25T00:00:00.000,0.0,0.0,0.0,0.0,0.0,0.0,0.0,7.0,2.0,10.0,7.0,2.0,5.0,5.0,5.0,2.0,9.0,0.0,4.0,4.0,6.0,1.0,3.0,3.0,aabccbcb
2010-09-26T00:00:00.000,0.0,0.0,0.0,0.0,0.0,0.0,0.0,0.0,0.0,11.0,6.0,6.0,4.0,0.0,3.0,2.0,9.0,1.0,5.0,1.0,6.0,2.0,4.0,2.0,aaacbccb
2010-09-27T00:00:00.000,5.0,1.0,0.0,2.0,0.0,0.0,0.0,0.0,0.0,6.0,7.0,8.0,3.0,3.0,3.0,6.0,7.0,3.0,5.0,1.0,5.0,2.0,3.0,4.0,baacbcbb
2010-09-28T00:00:00.000,7.0,3.0,2.0,4.0,0.0,0.0,0.0,0.0,0.0,3.0,13.0,5.0,5.0,5.0,1.0,4.0,3.0,2.0,4.0,1.0,3.0,1.0,1.0,2.0,baacbbba
2010-09-29T00:00:00.000,2.0,2.0,3.0,4.0,4.0,2.0,0.0,1.0,1.0,1.0,8.0,1.0,5.0,3.0,1.0,2.0,2.0,0.0,2.0,0.0,0.0,0.0,0.0,0.0,bcaccbaa
2010-09-30T00:00:00.000,3.0,1.0,1.0,2.0,5.0,3.0,6.0,2.0,3.0,0.0,1.0,1.0,2.0,1.0,2.0,9.0,3.0,0.0,1.0,0.0,0.0,0.0,0.0,0.0,bccabcaa
2010-10-01T00:00:00.000,3.0,1.0,0.0,0.0,1.0,1.0,6.0,1.0,2.0,0.0,5.0,7.0,2.0,2.0,1.0,9.0,3.0,2.0,7.0,2.0,0.0,1.0,0.0,0.0,babcbcba
2010-10-02T00:00:00.000,0.0,0.0,0.0,0.0,0.0,1.0,0.0,0.0,0.0,0.0,4.0,6.0,1.0,2.0,0.0,3.0,3.0,5.0,6.0,2.0,0.0,1.0,0.0,0.0,aaacbcca
2010-10-03T00:00:00.000,0.0,0.0,0.0,0.0,0.0,1.0,0.0,0.0,0.0,0.0,0.0,0.0,0.0,0.0,5.0,2.0,4.0,3.0,4.0,0.0,0.0,0.0,0.0,0.0,abaaccba
2010-10-04T00:00:00.000,1.0,5.0,0.0,4.0,4.0,2.0,0.0,0.0,0.0,0.0,0.0,0.0,1.0,1.0,6.0,3.0,4.0,4.0,6.0,0.0,2.0,2.0,2.0,0.0,bcaabcbb
2010-10-05T00:00:00.000,1.0,9.0,8.0,6.0,4.0,2.0,0.0,1.0,3.0,7.0,2.0,3.0,4.0,2.0,2.0,4.0,3.0,4.0,2.0,0.0,2.0,2.0,2.0,0.0,cbabbbaa
2010-10-06T00:00:00.000,0.0,4.0,8.0,4.0,4.0,4.0,6.0,6.0,8.0,8.0,5.0,4.0,7.0,2.0,1.0,2.0,3.0,2.0,0.0,3.0,1.0,1.0,1.0,3.0,bbccbaaa
2010-10-07T00:00:00.000,1.0,0.0,1.0,4.0,5.0,5.0,7.0,5.0,5.0,1.0,3.0,1.0,4.0,3.0,0.0,0.0,1.0,2.0,0.0,6.0,2.0,1.0,2.0,3.0,accababb
2010-10-08T00:00:00.000,2.0,2.0,4.0,2.0,1.0,1.0,1.0,0.0,0.0,0.0,0.0,3.0,1.0,4.0,0.0,0.0,2.0,2.0,1.0,3.0,1.0,0.0,1.0,0.0,cbabbbba
2010-10-09T00:00:00.000,1.0,4.0,5.0,1.0,2.0,2.0,0.0,0.0,1.0,4.0,0.0,5.0,5.0,2.0,3.0,2.0,6.0,4.0,2.0,0.0,0.0,0.0,2.0,0.0,cbacccaa
2010-10-10T00:00:00.000,0.0,2.0,3.0,2.0,2.0,4.0,2.0,2.0,5.0,6.0,0.0,2.0,4.0,0.0,3.0,2.0,5.0,2.0,1.0,0.0,0.0,0.0,2.0,0.0,bbcbbcaa
2010-10-11T00:00:00.000,1.0,2.0,2.0,2.0,0.0,2.0,4.0,4.0,8.0,3.0,0.0,2.0,0.0,2.0,1.0,0.0,3.0,0.0,0.0,0.0,0.0,0.0,0.0,0.0,bbcbbbaa
2010-10-12T00:00:00.000,2.0,6.0,3.0,4.0,2.0,3.0,3.0,2.0,7.0,5.0,3.0,7.0,2.0,5.0,1.0,0.0,2.0,0.0,0.0,0.0,0.0,0.0,0.0,0.0,cbccbaaa
2010-10-13T00:00:00.000,1.0,7.0,3.0,7.0,4.0,5.0,2.0,3.0,6.0,5.0,7.0,7.0,4.0,5.0,2.0,3.0,3.0,0.0,3.0,0.0,0.0,0.0,0.0,0.0,bcbcbaaa
2010-10-14T00:00:00.000,0.0,3.0,3.0,5.0,4.0,4.0,2.0,4.0,6.0,3.0,5.0,4.0,2.0,2.0,3.0,3.0,3.0,3.0,5.0,1.0,0.0,0.0,0.0,0.0,bcccbbba
2010-10-15T00:00:00.000,0.0,0.0,2.0,1.0,2.0,2.0,2.0,3.0,5.0,2.0,1.0,3.0,1.0,0.0,4.0,2.0,1.0,3.0,5.0,1.0,0.0,0.0,0.0,0.0,abcbbbba
2010-10-16T00:00:00.000,0.0,0.0,0.0,0.0,1.0,0.0,1.0,2.0,2.0,0.0,2.0,1.0,1.0,1.0,5.0,3.0,1.0,0.0,3.0,0.0,0.0,0.0,0.0,0.0,aacbcbba
2010-10-17T00:00:00.000,0.0,0.0,0.0,0.0,3.0,2.0,2.0,2.0,3.0,3.0,3.0,0.0,0.0,1.0,4.0,1.0,0.0,1.0,4.0,0.0,0.0,0.0,0.0,0.0,abccbbba
2010-10-18T00:00:00.000,0.0,0.0,0.0,1.0,4.0,6.0,2.0,4.0,6.0,4.0,3.0,1.0,3.0,1.0,3.0,2.0,3.0,1.0,4.0,0.0,0.0,0.0,0.0,0.0,accbbbba
2010-10-19T00:00:00.000,0.0,0.0,0.0,4.0,8.0,10.0,2.0,3.0,9.0,3.0,7.0,2.0,5.0,1.0,3.0,3.0,3.0,4.0,5.0,0.0,4.0,0.0,0.0,0.0,accbbbba
2010-10-20T00:00:00.000,0.0,0.0,0.0,3.0,6.0,8.0,5.0,2.0,7.0,3.0,7.0,3.0,3.0,1.0,6.0,2.0,1.0,5.0,6.0,4.0,9.0,2.0,0.0,0.0,accbbbca
2010-10-21T00:00:00.000,0.0,0.0,0.0,0.0,0.0,2.0,4.0,1.0,3.0,3.0,4.0,5.0,2.0,2.0,4.0,1.0,3.0,2.0,3.0,4.0,9.0,4.0,0.0,0.0,aabcbbca
2010-10-22T00:00:00.000,0.0,0.0,0.0,0.0,0.0,0.0,1.0,0.0,6.0,5.0,4.0,4.0,8.0,6.0,4.0,4.0,5.0,2.0,5.0,2.0,4.0,4.0,0.0,0.0,aabccbba
2010-10-23T00:00:00.000,0.0,0.0,0.0,0.0,0.0,0.0,1.0,1.0,6.0,3.0,2.0,3.0,8.0,7.0,6.0,4.0,5.0,2.0,3.0,4.0,1.0,6.0,3.0,0.0,aabbcbbb
2010-10-24T00:00:00.000,0.0,0.0,0.0,0.0,0.0,0.0,1.0,2.0,6.0,5.0,2.0,2.0,2.0,2.0,2.0,1.0,4.0,4.0,1.0,4.0,1.0,4.0,3.0,0.0,aaccbcbb
2010-10-25T00:00:00.000,0.0,0.0,0.0,0.0,0.0,0.0,0.0,4.0,4.0,5.0,3.0,5.0,3.0,1.0,3.0,3.0,3.0,4.0,4.0,4.0,3.0,0.0,0.0,0.0,aabcbcca
2010-10-26T00:00:00.000,1.0,2.0,2.0,3.0,1.0,0.0,0.0,3.0,0.0,2.0,2.0,11.0,2.0,2.0,3.0,3.0,3.0,1.0,5.0,3.0,5.0,0.0,0.0,0.0,bbacbbca
2010-10-27T00:00:00.000,4.0,4.0,3.0,3.0,1.0,0.0,0.0,0.0,2.0,8.0,3.0,8.0,2.0,1.0,0.0,1.0,5.0,1.0,6.0,1.0,2.0,0.0,2.0,0.0,caacabba
2010-10-28T00:00:00.000,3.0,3.0,3.0,1.0,0.0,3.0,2.0,0.0,2.0,6.0,2.0,2.0,5.0,0.0,0.0,0.0,4.0,5.0,5.0,1.0,2.0,1.0,3.0,1.0,baacbbbb
2010-10-29T00:00:00.000,4.0,2.0,4.0,1.0,0.0,5.0,2.0,0.0,0.0,0.0,0.0,0.0,3.0,1.0,0.0,0.0,1.0,4.0,1.0,1.0,2.0,1.0,1.0,2.0,cbaabbbb
2010-10-30T00:00:00.000,6.0,4.0,3.0,2.0,1.0,2.0,3.0,0.0,1.0,0.0,0.0,1.0,0.0,3.0,0.0,1.0,3.0,0.0,0.0,0.0,0.0,0.0,0.0,1.0,cbbabbaa
2010-10-31T00:00:00.000,2.0,3.0,1.0,3.0,2.0,4.0,6.0,0.0,1.0,0.0,1.0,3.0,0.0,2.0,0.0,1.0,5.0,0.0,2.0,1.0,0.0,0.0,0.0,0.0,bccbabba
2010-11-01T00:00:00.000,0.0,0.0,0.0,1.0,1.0,4.0,5.0,1.0,0.0,2.0,4.0,5.0,1.0,2.0,1.0,0.0,2.0,4.0,3.0,2.0,0.0,0.0,3.0,1.0,abbcbbbb
2010-11-02T00:00:00.000,3.0,6.0,1.0,3.0,0.0,0.0,2.0,1.0,0.0,2.0,3.0,10.0,5.0,4.0,4.0,1.0,1.0,5.0,3.0,2.0,0.0,1.0,3.0,1.0,baaccbbb
2010-11-03T00:00:00.000,4.0,6.0,1.0,3.0,0.0,0.0,0.0,0.0,0.0,0.0,0.0,9.0,6.0,3.0,4.0,3.0,5.0,3.0,5.0,2.0,1.0,3.0,1.0,2.0,caabccbb
2010-11-04T00:00:00.000,1.0,0.0,2.0,0.0,0.0,0.0,0.0,4.0,1.0,0.0,0.0,2.0,2.0,1.0,1.0,2.0,4.0,2.0,3.0,1.0,1.0,2.0,1.0,2.0,bababcbb
2010-11-05T00:00:00.000,0.0,0.0,2.0,0.0,8.0,2.0,2.0,5.0,2.0,0.0,0.0,0.0,0.0,0.0,2.0,0.0,1.0,3.0,2.0,0.0,0.0,0.0,0.0,0.0,bccabbba
2010-11-06T00:00:00.000,0.0,0.0,2.0,3.0,9.0,2.0,3.0,3.0,1.0,1.0,2.0,2.0,0.0,2.0,2.0,0.0,1.0,3.0,2.0,0.0,0.0,1.0,5.0,1.0,acbbbbab
2010-11-07T00:00:00.000,1.0,2.0,2.0,5.0,5.0,6.0,2.0,2.0,1.0,4.0,4.0,5.0,5.0,2.0,0.0,0.0,0.0,0.0,0.0,0.0,0.0,3.0,5.0,5.0,bcbcbaac
2010-11-08T00:00:00.000,4.0,7.0,1.0,5.0,6.0,8.0,2.0,2.0,1.0,3.0,3.0,3.0,5.0,0.0,0.0,0.0,0.0,0.0,3.0,0.0,4.0,3.0,0.0,7.0,ccabaabb
2010-11-09T00:00:00.000,6.0,8.0,5.0,4.0,5.0,5.0,1.0,2.0,2.0,2.0,2.0,0.0,1.0,0.0,0.0,0.0,0.0,0.0,3.0,0.0,4.0,1.0,1.0,5.0,ccbaaabb
2010-11-10T00:00:00.000,4.0,7.0,7.0,2.0,3.0,4.0,0.0,0.0,2.0,4.0,5.0,4.0,1.0,3.0,3.0,2.0,2.0,0.0,0.0,0.0,0.0,0.0,1.0,2.0,cbacbaaa
2010-11-11T00:00:00.000,2.0,6.0,9.0,5.0,1.0,1.0,0.0,2.0,3.0,2.0,5.0,5.0,2.0,5.0,3.0,2.0,2.0,0.0,0.0,0.0,0.0,0.0,0.0,0.0,cbbcbbaa
2010-11-12T00:00:00.000,1.0,4.0,8.0,5.0,3.0,3.0,2.0,2.0,4.0,1.0,4.0,1.0,4.0,4.0,1.0,2.0,0.0,0.0,0.0,0.0,0.0,0.0,0.0,0.0,ccbbcaaa
2010-11-13T00:00:00.000,0.0,3.0,3.0,3.0,4.0,5.0,3.0,3.0,1.0,1.0,3.0,4.0,2.0,2.0,2.0,5.0,1.0,1.0,1.0,2.0,0.0,0.0,0.0,0.0,bcbbbbaa
2010-11-14T00:00:00.000,0.0,2.0,1.0,2.0,2.0,2.0,1.0,3.0,0.0,1.0,1.0,4.0,0.0,0.0,3.0,3.0,2.0,1.0,3.0,2.0,0.0,0.0,0.0,0.0,bcbcbcba
2010-11-15T00:00:00.000,0.0,1.0,0.0,0.0,0.0,0.0,0.0,0.0,0.0,1.0,1.0,0.0,0.0,0.0,2.0,0.0,1.0,0.0,2.0,0.0,0.0,0.0,0.0,0.0,baaccbca
2010-11-16T00:00:00.000,0.0,0.0,0.0,0.0,0.0,1.0,0.0,0.0,0.0,0.0,0.0,0.0,0.0,0.0,0.0,0.0,0.0,0.0,0.0,0.0,0.0,0.0,0.0,0.0,bbbbbbbb
2010-11-17T00:00:00.000,0.0,0.0,0.0,0.0,0.0,1.0,0.0,0.0,0.0,0.0,0.0,0.0,0.0,0.0,0.0,2.0,2.0,3.0,0.0,0.0,0.0,0.0,0.0,0.0,bbbbbcbb
2010-11-18T00:00:00.000,0.0,0.0,0.0,2.0,1.0,0.0,1.0,0.0,0.0,0.0,0.0,0.0,3.0,1.0,3.0,2.0,2.0,3.0,0.0,0.0,0.0,0.0,0.0,0.0,abbaccaa
2010-11-19T00:00:00.000,0.0,0.0,0.0,2.0,1.0,0.0,1.0,0.0,1.0,2.0,0.0,0.0,3.0,1.0,3.0,0.0,0.0,0.0,0.0,0.0,0.0,0.0,0.0,0.0,abbbcaaa
2010-11-20T00:00:00.000,0.0,0.0,0.0,0.0,0.0,0.0,0.0,0.0,1.0,2.0,0.0,0.0,0.0,0.0,0.0,0.0,0.0,0.0,0.0,0.0,0.0,0.0,0.0,0.0,bbbcbbbb
2010-12-06T00:00:00.000,0.0,0.0,0.0,0.0,0.0,0.0,0.0,0.0,0.0,0.0,0.0,0.0,1.0,0.0,0.0,0.0,0.0,0.0,0.0,0.0,0.0,0.0,0.0,0.0,bbbbbbbb
2010-12-07T00:00:00.000,0.0,0.0,0.0,0.0,0.0,0.0,0.0,0.0,0.0,0.0,0.0,0.0,1.0,0.0,0.0,0.0,0.0,0.0,0.0,0.0,0.0,0.0,0.0,0.0,bbbbbbbb
