"","BalusC","Marc Gravell","Greg Hewgill","Jon Skeet","Darin Dimitrov"
"aaaaabcb",0.0,0.0,0.0,0.0,0.04929716179778092
"aaaaacbb",0.0,0.0,0.0,0.0,0.04929716179778092
"aaaaacbc",0.0,0.0,0.0,0.0,0.02464858089889046
"aaaaaccb",0.0,0.0,0.0,0.0,0.04929716179778092
"aaaabacb",0.0,0.03516915025121093,0.0,0.0,0.0
"aaaabbbc",0.0,0.020022621670653398,0.0,0.0,0.014033014915962736
"aaaabbcc",0.0,0.011162470434926004,0.0,0.009826162447119856,0.007823306892018897
"aaaabcac",0.0,0.0,0.0,0.0,0.02464858089889046
"aaaabcbb",0.0,0.0,0.07333004116913089,0.0,0.0
"aaaabcbc",0.0,0.0,0.02087425571751469,0.0,0.014033014915962736
"aaaabcca",0.0,0.0,0.02087425571751469,0.0,0.014033014915962736
"aaaabccb",0.0,0.011162470434926004,0.0,0.009826162447119856,0.023469920676056688
"aaaabccc",0.0,0.0,0.0,0.0,0.07394574269667138
"aaaacabc",0.0,0.020022621670653398,0.02087425571751469,0.0,0.0
"aaaacbab",0.0,0.0,0.036665020584565444,0.0,0.0
"aaaacbbb",0.0,0.0,0.036665020584565444,0.0,0.0
"aaaacbbc",0.0,0.0,0.036665020584565444,0.0,0.0
"aaaacbcb",0.0,0.0,0.0,0.0,0.02464858089889046
"aaaacbcc",0.0,0.0,0.01163725041258491,0.009826162447119856,0.015646613784037793
"aaaaccab",0.0,0.011162470434926004,0.01163725041258491,0.0,0.007823306892018897
"aaaaccba",0.0,0.0,0.02087425571751469,0.0,0.014033014915962736
"aaaaccbb",0.0,0.0,0.04174851143502938,0.0,0.028066029831925472
"aaaaccbc",0.0,0.0,0.036665020584565444,0.0,0.0
"aaaaccca",0.0,0.0,0.02087425571751469,0.0,0.056132059663850944
"aaaacccb",0.0,0.0,0.01163725041258491,0.019652324894239712,0.007823306892018897
"aaaacccc",0.027237745831209297,0.0,0.0,0.01762562636112074,0.0
"aaabaacc",0.0,0.0,0.04174851143502938,0.03525125272224148,0.0
"aaababcb",0.0,0.020022621670653398,0.02087425571751469,0.0,0.0
"aaababcc",0.030369702585004297,0.0,0.0,0.009826162447119856,0.015646613784037793
"aaabacac",0.0,0.0,0.0,0.0,0.02464858089889046
"aaabacbc",0.0,0.0,0.0,0.0,0.02464858089889046
"aaabacca",0.0,0.0,0.0,0.030958897988593467,0.0
"aaabaccb",0.0,0.020022621670653398,0.0,0.0,0.014033014915962736
"aaabaccc",0.01326637304764228,0.0,0.005083490850463942,0.0042923547336480156,0.006834897866070024
"aaabbabc",0.0,0.0,0.04174851143502938,0.0,0.028066029831925472
"aaabbaca",0.0,0.0,0.036665020584565444,0.0,0.0
"aaabbacb",0.0,0.0,0.0,0.0,0.02464858089889046
"aaabbacc",0.0,0.0,0.08349702287005877,0.0,0.12629713424366462
"aaabbbac",0.0,0.0,0.0,0.0,0.02464858089889046
"aaabbbbc",0.0,0.011162470434926004,0.03491175123775473,0.0,0.039116534460094485
"aaabbbca",0.0,0.0,0.0,0.0,0.14789148539334276
"aaabbbcb",0.0,0.00975218618019174,0.015250472551391824,0.0042923547336480156,0.03759193826338513
"aaabbbcc",0.0,0.01462827927028761,0.020333963401855767,0.017169418934592062,0.020504693598210076
"aaabbcaa",0.0,0.0,0.036665020584565444,0.0,0.0
"aaabbcab",0.0,0.0,0.0,0.0,0.04929716179778092
"aaabbcac",0.0,0.0,0.04174851143502938,0.0,0.014033014915962736
"aaabbcba",0.0,0.0,0.0,0.0,0.04929716179778092
"aaabbcbb",0.0,0.0,0.01163725041258491,0.009826162447119856,0.023469920676056688
"aaabbcbc",0.0,0.00487609309009587,0.005083490850463942,0.0042923547336480156,0.010252346799105038
"aaabbcca",0.0,0.040045243341306797,0.0,0.0,0.08419808949577641
"aaabbccb",0.0,0.0,0.02327450082516982,0.029478487341359567,0.07823306892018897
"aaabbccc",0.0,0.011162470434926004,0.0,0.019652324894239712,0.015646613784037793
"aaabcaac",0.0,0.0,0.07333004116913089,0.0,0.0
"aaabcaba",0.0,0.0,0.036665020584565444,0.0,0.0
"aaabcabb",0.0,0.0,0.0,0.030958897988593467,0.0
"aaabcabc",0.027237745831209297,0.08009048668261359,0.0,0.0,0.0
"aaabcaca",0.0,0.0,0.01163725041258491,0.009826162447119856,0.007823306892018897
"aaabcacb",0.0,0.0,0.0,0.0,0.02464858089889046
"aaabcacc",0.0,0.0,0.0,0.01762562636112074,0.028066029831925472
"aaabcbaa",0.0,0.0,0.0,0.0,0.02464858089889046
"aaabcbab",0.0,0.011162470434926004,0.01163725041258491,0.0,0.015646613784037793
"aaabcbac",0.0,0.040045243341306797,0.02087425571751469,0.0,0.0
"aaabcbba",0.0,0.0,0.02087425571751469,0.0,0.042099044747888205
"aaabcbbb",0.019899559571463422,0.00487609309009587,0.020333963401855767,0.0,0.030757040397315107
"aaabcbbc",0.0,0.044649881739704016,0.02327450082516982,0.0,0.046939841352113376
"aaabcbca",0.0,0.040045243341306797,0.0,0.0,0.07016507457981368
"aaabcbcb",0.0,0.00975218618019174,0.010166981700927884,0.0042923547336480156,0.020504693598210076
"aaabcbcc",0.027237745831209297,0.0,0.0,0.0,0.028066029831925472
"aaabccaa",0.0,0.0,0.07333004116913089,0.0,0.0
"aaabccab",0.0,0.03348741130477801,0.02327450082516982,0.0,0.007823306892018897
"aaabccba",0.01326637304764228,0.00487609309009587,0.03558443595324759,0.0,0.027339591464280097
"aaabccbc",0.0,0.020022621670653398,0.0,0.0,0.028066029831925472
"aaabccca",0.0,0.0,0.01163725041258491,0.029478487341359567,0.046939841352113376
"aaacaabb",0.0,0.03516915025121093,0.0,0.0,0.0
"aaacaabc",0.0,0.0,0.10999506175369632,0.0,0.0
"aaacaacb",0.0,0.0,0.0,0.0,0.02464858089889046
"aaacaacc",0.0,0.020022621670653398,0.0,0.0,0.028066029831925472
"aaacabac",0.0,0.020022621670653398,0.04174851143502938,0.0,0.0
"aaacabbb",0.015184851292502148,0.0,0.0,0.009826162447119856,0.015646613784037793
"aaacabbc",0.0,0.020022621670653398,0.0,0.0,0.014033014915962736
"aaacabca",0.0,0.020022621670653398,0.0,0.0,0.014033014915962736
"aaacabcb",0.027237745831209297,0.0,0.0,0.0,0.042099044747888205
"aaacabcc",0.0,0.0,0.0,0.0,0.02464858089889046
"aaacacba",0.0,0.0,0.02087425571751469,0.01762562636112074,0.0
"aaacacbb",0.0,0.0,0.036665020584565444,0.0,0.0
"aaacacbc",0.0,0.0,0.02087425571751469,0.0,0.014033014915962736
"aaacacca",0.0,0.0,0.0,0.0,0.02464858089889046
"aaacaccb",0.0,0.020022621670653398,0.0,0.0,0.014033014915962736
"aaacbaaa",0.0,0.0,0.036665020584565444,0.0,0.0
"aaacbaac",0.0,0.0,0.02087425571751469,0.0,0.028066029831925472
"aaacbaba",0.0,0.0,0.036665020584565444,0.0,0.0
"aaacbabb",0.0,0.0,0.02327450082516982,0.009826162447119856,0.039116534460094485
"aaacbabc",0.00663318652382114,0.03900874472076696,0.015250472551391824,0.0,0.003417448933035012
"aaacbaca",0.0,0.011162470434926004,0.02327450082516982,0.0,0.023469920676056688
"aaacbacb",0.0,0.044649881739704016,0.01163725041258491,0.0,0.039116534460094485
"aaacbacc",0.0,0.10011310835326699,0.0,0.0,0.08419808949577641
"aaacbbaa",0.0,0.0,0.036665020584565444,0.0,0.0
"aaacbbab",0.0,0.011162470434926004,0.02327450082516982,0.0,0.007823306892018897
"aaacbbac",0.0,0.020022621670653398,0.0,0.0,0.014033014915962736
"aaacbbba",0.0,0.011162470434926004,0.01163725041258491,0.0,0.039116534460094485
"aaacbbbb",0.0,0.01462827927028761,0.010166981700927884,0.0042923547336480156,0.03759193826338513
"aaacbbbc",0.0,0.024380465450479352,0.015250472551391824,0.0042923547336480156,0.013669795732140048
"aaacbbca",0.0,0.00487609309009587,0.010166981700927884,0.0042923547336480156,0.03417448933035012
"aaacbbcc",0.00663318652382114,0.00975218618019174,0.0,0.0042923547336480156,0.01708724466517506
"aaacbcaa",0.00663318652382114,0.00487609309009587,0.010166981700927884,0.0,0.006834897866070024
"aaacbcab",0.00663318652382114,0.00487609309009587,0.0,0.0042923547336480156,0.013669795732140048
"aaacbcac",0.015184851292502148,0.0,0.01163725041258491,0.0,0.007823306892018897
"aaacbcba",0.04555455387750645,0.0,0.02327450082516982,0.0,0.07823306892018897
"aaacbcbc",0.0,0.011162470434926004,0.01163725041258491,0.0,0.039116534460094485
"aaacbcca",0.0,0.011162470434926004,0.0,0.019652324894239712,0.039116534460094485
"aaacbccb",0.0,0.0,0.06982350247550946,0.019652324894239712,0.07040976202817006
"aaacbccc",0.0,0.0,0.0,0.030958897988593467,0.0
"aaaccaaa",0.0,0.022324940869852008,0.01163725041258491,0.0,0.023469920676056688
"aaaccaab",0.015184851292502148,0.0,0.02327450082516982,0.0,0.023469920676056688
"aaaccaac",0.0,0.07033830050242186,0.0,0.0,0.0
"aaaccaba",0.0,0.0,0.06262276715254407,0.0,0.014033014915962736
"aaaccabb",0.0,0.01950437236038348,0.005083490850463942,0.0042923547336480156,0.030757040397315107
"aaaccabc",0.0,0.060067865011960195,0.02087425571751469,0.0,0.0
"aaaccaca",0.0,0.00487609309009587,0.005083490850463942,0.008584709467296031,0.003417448933035012
"aaaccacb",0.0,0.022324940869852008,0.01163725041258491,0.0,0.039116534460094485
"aaaccacc",0.0,0.0,0.02087425571751469,0.0,0.014033014915962736
"aaaccbaa",0.030369702585004297,0.0,0.09309800330067929,0.0,0.039116534460094485
"aaaccbab",0.02653274609528456,0.00487609309009587,0.005083490850463942,0.0,0.020504693598210076
"aaaccbac",0.015184851292502148,0.011162470434926004,0.0,0.0,0.015646613784037793
"aaaccbba",0.01326637304764228,0.024380465450479352,0.015250472551391824,0.0,0.06834897866070024
"aaaccbbc",0.019899559571463422,0.00975218618019174,0.010166981700927884,0.0,0.013669795732140048
"aaaccbca",0.0,0.0,0.0,0.0,0.3697287134833569
"aaaccbcb",0.01326637304764228,0.00487609309009587,0.0,0.012877064200944047,0.027339591464280097
"aaacccaa",0.04555455387750645,0.0,0.1047352537132642,0.0,0.07823306892018897
"aaacccab",0.01326637304764228,0.0,0.020333963401855767,0.0042923547336480156,0.013669795732140048
"aaacccba",0.0331659326191057,0.00487609309009587,0.010166981700927884,0.0,0.05809663186159521
"aaacccca",0.0,0.0,0.0,0.03525125272224148,0.042099044747888205
"aaaccccb",0.00663318652382114,0.0,0.005083490850463942,0.0042923547336480156,0.003417448933035012
"aabaaabc",0.0,0.0,0.036665020584565444,0.0,0.0
"aabaaacc",0.0,0.0,0.04174851143502938,0.01762562636112074,0.0
"aabaabcb",0.0,0.011162470434926004,0.01163725041258491,0.0,0.007823306892018897
"aabaabcc",0.0,0.0,0.036665020584565444,0.0,0.0
"aabaacab",0.0,0.0,0.036665020584565444,0.0,0.0
"aabaacbc",0.0,0.0,0.0,0.06191779597718693,0.0
"aabaaccb",0.0,0.0,0.02087425571751469,0.01762562636112074,0.0
"aabaaccc",0.0,0.0,0.0,0.06191779597718693,0.0
"aabababc",0.015184851292502148,0.022324940869852008,0.01163725041258491,0.0,0.0
"aababacb",0.0,0.0,0.0,0.030958897988593467,0.0
"aababbac",0.0,0.0,0.036665020584565444,0.0,0.0
"aababbbc",0.0,0.011162470434926004,0.01163725041258491,0.009826162447119856,0.0
"aababbcb",0.0,0.011162470434926004,0.02327450082516982,0.019652324894239712,0.0
"aababbcc",0.0,0.08009048668261359,0.0,0.08812813180560371,0.0
"aababcab",0.0,0.0,0.036665020584565444,0.0,0.0
"aababcba",0.0,0.0,0.07333004116913089,0.0,0.0
"aababcbb",0.0,0.020022621670653398,0.04174851143502938,0.0,0.0
"aababcbc",0.0,0.022324940869852008,0.02327450082516982,0.009826162447119856,0.0
"aababccb",0.0,0.0,0.04174851143502938,0.10575375816672443,0.0
"aababccc",0.0,0.0,0.0,0.0928766939657804,0.0
"aabacabb",0.0,0.0,0.07333004116913089,0.0,0.0
"aabacabc",0.0,0.020022621670653398,0.04174851143502938,0.0,0.0
"aabacacb",0.0,0.040045243341306797,0.06262276715254407,0.0,0.0
"aabacacc",0.0,0.040045243341306797,0.04174851143502938,0.0,0.0
"aabacbab",0.0,0.0,0.036665020584565444,0.0,0.0
"aabacbac",0.0,0.020022621670653398,0.04174851143502938,0.0,0.0
"aabacbba",0.0,0.020022621670653398,0.06262276715254407,0.0,0.0
"aabacbbb",0.027237745831209297,0.020022621670653398,0.0,0.0,0.0
"aabacbbc",0.015184851292502148,0.011162470434926004,0.03491175123775473,0.0,0.0
"aabacbca",0.0,0.03516915025121093,0.0,0.0,0.0
"aabacbcb",0.0,0.03516915025121093,0.0,0.0,0.0
"aabacbcc",0.0,0.020022621670653398,0.0,0.01762562636112074,0.0
"aabaccaa",0.0,0.0,0.036665020584565444,0.0,0.0
"aabaccab",0.0,0.0,0.07333004116913089,0.0,0.0
"aabaccac",0.0,0.0,0.10999506175369632,0.0,0.0
"aabaccbb",0.00663318652382114,0.00975218618019174,0.015250472551391824,0.0042923547336480156,0.0
"aabaccca",0.0,0.0,0.02087425571751469,0.01762562636112074,0.0
"aabacccb",0.0,0.0,0.04174851143502938,0.01762562636112074,0.0
"aabbaabc",0.0,0.07033830050242186,0.0,0.0,0.0
"aabbaacb",0.015184851292502148,0.0,0.01163725041258491,0.019652324894239712,0.0
"aabbaacc",0.0,0.022324940869852008,0.04654900165033964,0.0,0.015646613784037793
"aabbabac",0.0,0.0,0.0,0.030958897988593467,0.0
"aabbabbc",0.0,0.0,0.04174851143502938,0.03525125272224148,0.0
"aabbabca",0.0,0.0,0.036665020584565444,0.0,0.0
"aabbabcb",0.0,0.0,0.0,0.0928766939657804,0.0
"aabbabcc",0.0,0.00487609309009587,0.005083490850463942,0.017169418934592062,0.003417448933035012
"aabbacab",0.0,0.0,0.036665020584565444,0.0,0.0
"aabbacac",0.0,0.03516915025121093,0.0,0.0,0.0
"aabbacbb",0.0,0.011162470434926004,0.01163725041258491,0.009826162447119856,0.0
"aabbacbc",0.015184851292502148,0.022324940869852008,0.0,0.009826162447119856,0.0
"aabbaccb",0.0,0.01462827927028761,0.015250472551391824,0.030046483135536112,0.003417448933035012
"aabbaccc",0.0,0.020022621670653398,0.0,0.03525125272224148,0.0
"aabbbabc",0.0,0.040045243341306797,0.04174851143502938,0.0,0.0
"aabbbacb",0.0,0.00487609309009587,0.005083490850463942,0.012877064200944047,0.003417448933035012
"aabbbacc",0.0,0.06697482260955602,0.01163725041258491,0.019652324894239712,0.0
"aabbbbab",0.0,0.0,0.036665020584565444,0.0,0.0
"aabbbbac",0.0,0.0,0.02087425571751469,0.01762562636112074,0.0
"aabbbbbb",0.0,0.0,0.036665020584565444,0.0,0.0
"aabbbbbc",0.0,0.00975218618019174,0.025417454252319706,0.025754128401888093,0.003417448933035012
"aabbbbca",0.0,0.03348741130477801,0.01163725041258491,0.019652324894239712,0.0
"aabbbbcb",0.0,0.01462827927028761,0.03558443595324759,0.06867767573836825,0.003417448933035012
"aabbbbcc",0.015184851292502148,0.03348741130477801,0.0,0.11791394936543827,0.0
"aabbbcaa",0.0,0.0,0.14666008233826178,0.0,0.0
"aabbbcab",0.0,0.0,0.04174851143502938,0.052876879083362215,0.0
"aabbbcac",0.0,0.03348741130477801,0.02327450082516982,0.009826162447119856,0.0
"aabbbcba",0.0,0.0,0.08349702287005877,0.08812813180560371,0.0
"aabbbcbb",0.02653274609528456,0.024380465450479352,0.03558443595324759,0.11589357780849643,0.0
"aabbbcbc",0.030369702585004297,0.0,0.01163725041258491,0.039304649788479425,0.0
"aabbbcca",0.0,0.022324940869852008,0.058186252062924555,0.11791394936543827,0.0
"aabbbccb",0.030369702585004297,0.03348741130477801,0.0,0.3537418480963148,0.0
"aabbbccc",0.015184851292502148,0.011162470434926004,0.0,0.14739243670679786,0.0
"aabbcaab",0.0,0.020022621670653398,0.04174851143502938,0.0,0.0
"aabbcaac",0.0,0.07033830050242186,0.0,0.0,0.0
"aabbcaba",0.0,0.03516915025121093,0.0,0.0,0.0
"aabbcabb",0.00663318652382114,0.024380465450479352,0.015250472551391824,0.012877064200944047,0.0
"aabbcabc",0.00663318652382114,0.00975218618019174,0.020333963401855767,0.008584709467296031,0.0
"aabbcacb",0.00663318652382114,0.01462827927028761,0.010166981700927884,0.0042923547336480156,0.0
"aabbcacc",0.0,0.020022621670653398,0.02087425571751469,0.0,0.0
"aabbcbaa",0.015184851292502148,0.03348741130477801,0.04654900165033964,0.0,0.0
"aabbcbab",0.0,0.044649881739704016,0.04654900165033964,0.019652324894239712,0.0
"aabbcbac",0.00663318652382114,0.02925655854057522,0.010166981700927884,0.017169418934592062,0.0
"aabbcbba",0.00663318652382114,0.024380465450479352,0.015250472551391824,0.008584709467296031,0.0
"aabbcbbc",0.0,0.04388483781086283,0.04575141765417547,0.03863119260283214,0.003417448933035012
"aabbcbca",0.019899559571463422,0.01462827927028761,0.005083490850463942,0.025754128401888093,0.0
"aabbcbcc",0.0,0.0,0.0,0.052876879083362215,0.014033014915962736
"aabbccaa",0.030369702585004297,0.0,0.11637250412584911,0.039304649788479425,0.0
"aabbccab",0.02653274609528456,0.01950437236038348,0.030500945102783648,0.017169418934592062,0.0
"aabbccac",0.027237745831209297,0.0,0.02087425571751469,0.0,0.0
"aabbccbb",0.046432305666747976,0.00975218618019174,0.025417454252319706,0.12877064200944047,0.0
"aabbccbc",0.015184851292502148,0.03348741130477801,0.0,0.049130812235599286,0.0
"aabbccca",0.04555455387750645,0.0,0.01163725041258491,0.07860929957695885,0.0
"aabbcccb",0.027237745831209297,0.0,0.0,0.14100501088896591,0.0
"aabbcccc",0.0,0.0,0.0,0.030958897988593467,0.0
"aabcaaab",0.0,0.03516915025121093,0.0,0.0,0.0
"aabcaaac",0.0,0.020022621670653398,0.0,0.0,0.014033014915962736
"aabcaabb",0.0,0.03348741130477801,0.01163725041258491,0.009826162447119856,0.0
"aabcaabc",0.0,0.044649881739704016,0.0,0.019652324894239712,0.007823306892018897
"aabcaacb",0.0,0.07033830050242186,0.0,0.0,0.0
"aabcaacc",0.00663318652382114,0.00975218618019174,0.020333963401855767,0.0,0.003417448933035012
"aabcabac",0.0,0.020022621670653398,0.02087425571751469,0.0,0.0
"aabcabba",0.0,0.020022621670653398,0.0,0.0,0.014033014915962736
"aabcabbb",0.0,0.011162470434926004,0.03491175123775473,0.009826162447119856,0.0
"aabcabbc",0.0,0.03348741130477801,0.02327450082516982,0.009826162447119856,0.0
"aabcabca",0.0,0.0,0.036665020584565444,0.0,0.0
"aabcabcb",0.01326637304764228,0.01950437236038348,0.0,0.034338837869184125,0.010252346799105038
"aabcabcc",0.0,0.0,0.0,0.06191779597718693,0.0
"aabcacab",0.0,0.011162470434926004,0.01163725041258491,0.009826162447119856,0.0
"aabcacba",0.0,0.020022621670653398,0.0,0.01762562636112074,0.0
"aabcacbb",0.0,0.011162470434926004,0.01163725041258491,0.029478487341359567,0.0
"aabcacbc",0.0,0.0,0.02087425571751469,0.01762562636112074,0.0
"aabcacca",0.0,0.020022621670653398,0.0,0.01762562636112074,0.0
"aabcaccb",0.0,0.040045243341306797,0.0,0.10575375816672443,0.0
"aabcaccc",0.04784230513859746,0.0,0.0,0.0,0.0
"aabcbaaa",0.0,0.03516915025121093,0.0,0.0,0.0
"aabcbaab",0.00663318652382114,0.02925655854057522,0.005083490850463942,0.0042923547336480156,0.0
"aabcbaba",0.0,0.060067865011960195,0.04174851143502938,0.0,0.0
"aabcbabb",0.0,0.15627458608896405,0.03491175123775473,0.029478487341359567,0.0
"aabcbaca",0.0,0.08009048668261359,0.0,0.0,0.014033014915962736
"aabcbacb",0.0,0.01462827927028761,0.015250472551391824,0.0042923547336480156,0.006834897866070024
"aabcbacc",0.00663318652382114,0.00487609309009587,0.010166981700927884,0.008584709467296031,0.0
"aabcbbaa",0.046432305666747976,0.01462827927028761,0.020333963401855767,0.0,0.003417448933035012
"aabcbbab",0.046432305666747976,0.01950437236038348,0.010166981700927884,0.0,0.003417448933035012
"aabcbbac",0.019899559571463422,0.01462827927028761,0.010166981700927884,0.0042923547336480156,0.0
"aabcbbcc",0.0,0.060067865011960195,0.0,0.07050250544448296,0.0
"aabcbcaa",0.05306549219056912,0.00975218618019174,0.030500945102783648,0.008584709467296031,0.0
"aabcbcab",0.0911091077550129,0.0,0.06982350247550946,0.07860929957695885,0.0
"aabcbcac",0.0,0.022324940869852008,0.01163725041258491,0.019652324894239712,0.0
"aabcbcbc",0.0,0.022324940869852008,0.01163725041258491,0.039304649788479425,0.0
"aabcbccb",0.019899559571463422,0.00487609309009587,0.020333963401855767,0.06867767573836825,0.0
"aabccaaa",0.0,0.011162470434926004,0.03491175123775473,0.009826162447119856,0.0
"aabccaab",0.02653274609528456,0.05363702399105457,0.005083490850463942,0.0,0.003417448933035012
"aabccaac",0.0,0.03413265163067109,0.005083490850463942,0.0042923547336480156,0.003417448933035012
"aabccabb",0.019899559571463422,0.07314139635143806,0.010166981700927884,0.02146177366824008,0.0
"aabccabc",0.00663318652382114,0.00975218618019174,0.005083490850463942,0.0042923547336480156,0.0
"aabccaca",0.0,0.011162470434926004,0.01163725041258491,0.019652324894239712,0.0
"aabccacb",0.0,0.060067865011960195,0.02087425571751469,0.0,0.0
"aabccbac",0.0,0.18020359503588057,0.0,0.08812813180560371,0.0
"aabccbbc",0.00663318652382114,0.01950437236038348,0.005083490850463942,0.008584709467296031,0.0
"aabccbcb",0.060739405170008594,0.0,0.02327450082516982,0.068783137129839,0.0
"aabccbcc",0.04784230513859746,0.0,0.0,0.0,0.0
"aabcccab",0.08623142480967481,0.024380465450479352,0.015250472551391824,0.02146177366824008,0.0
"aabcccac",0.04784230513859746,0.0,0.0,0.0,0.0
"aabcccbb",0.05306549219056912,0.00975218618019174,0.0,0.08155473993931231,0.003417448933035012
"aabcccbc",0.0,0.0,0.0,0.030958897988593467,0.0
"aabcccca",0.0,0.0,0.0,0.07050250544448296,0.014033014915962736
"aabccccb",0.0,0.0,0.0,0.030958897988593467,0.0
"aacaaabc",0.0,0.020022621670653398,0.02087425571751469,0.0,0.0
"aacaaacc",0.0,0.0,0.036665020584565444,0.0,0.0
"aacaabca",0.0,0.0,0.02087425571751469,0.01762562636112074,0.0
"aacaabcb",0.0,0.020022621670653398,0.0,0.01762562636112074,0.0
"aacaabcc",0.0,0.020022621670653398,0.0,0.0,0.014033014915962736
"aacaacac",0.0,0.0,0.036665020584565444,0.0,0.0
"aacaacbb",0.0,0.0,0.0,0.06191779597718693,0.0
"aacababa",0.0,0.0,0.036665020584565444,0.0,0.0
"aacababb",0.0,0.03516915025121093,0.0,0.0,0.0
"aacababc",0.0,0.0,0.10999506175369632,0.0,0.0
"aacabacc",0.0,0.020022621670653398,0.04174851143502938,0.0,0.0
"aacabbab",0.0,0.0,0.036665020584565444,0.0,0.0
"aacabbac",0.0,0.0,0.10999506175369632,0.0,0.0
"aacabbbb",0.0,0.0,0.06262276715254407,0.01762562636112074,0.0
"aacabbbc",0.0,0.020022621670653398,0.06262276715254407,0.0,0.0
"aacabbcb",0.0,0.0,0.02087425571751469,0.01762562636112074,0.0
"aacabbcc",0.0,0.0,0.0,0.030958897988593467,0.0
"aacabcaa",0.0,0.0,0.07333004116913089,0.0,0.0
"aacabcab",0.0,0.040045243341306797,0.02087425571751469,0.0,0.0
"aacabcba",0.0,0.0,0.04174851143502938,0.01762562636112074,0.0
"aacabcbb",0.0,0.060067865011960195,0.0,0.12337938452784518,0.0
"aacabcbc",0.0,0.020022621670653398,0.04174851143502938,0.0,0.0
"aacabccb",0.0,0.020022621670653398,0.0,0.12337938452784518,0.0
"aacacaac",0.0,0.03516915025121093,0.0,0.0,0.0
"aacacaba",0.027237745831209297,0.0,0.02087425571751469,0.0,0.0
"aacacabb",0.0,0.03516915025121093,0.0,0.0,0.0
"aacacabc",0.0,0.07033830050242186,0.0,0.0,0.0
"aacacacb",0.0,0.03516915025121093,0.0,0.0,0.0
"aacacbaa",0.0,0.0,0.036665020584565444,0.0,0.0
"aacacbac",0.04784230513859746,0.0,0.0,0.0,0.0
"aacacbba",0.0,0.0,0.07333004116913089,0.0,0.0
"aacacbbb",0.0,0.06697482260955602,0.02327450082516982,0.009826162447119856,0.0
"aacacbbc",0.0,0.020022621670653398,0.0,0.01762562636112074,0.0
"aacacbca",0.0,0.0,0.036665020584565444,0.0,0.0
"aacacbcb",0.0,0.060067865011960195,0.0,0.01762562636112074,0.0
"aacaccaa",0.0,0.0,0.14666008233826178,0.0,0.0
"aacaccba",0.0,0.0,0.04174851143502938,0.03525125272224148,0.0
"aacaccbb",0.0,0.0,0.0,0.030958897988593467,0.0
"aacaccbc",0.0,0.0,0.0,0.030958897988593467,0.0
"aacbaaac",0.0,0.0,0.0,0.030958897988593467,0.0
"aacbaabb",0.0,0.0,0.0,0.030958897988593467,0.0
"aacbaabc",0.0,0.040045243341306797,0.10437127858757345,0.0,0.0
"aacbaaca",0.04784230513859746,0.0,0.0,0.0,0.0
"aacbaacb",0.0,0.022324940869852008,0.01163725041258491,0.009826162447119856,0.0
"aacbaacc",0.0,0.022324940869852008,0.0,0.009826162447119856,0.007823306892018897
"aacbabac",0.0,0.020022621670653398,0.0,0.01762562636112074,0.0
"aacbabbb",0.0,0.022324940869852008,0.03491175123775473,0.029478487341359567,0.0
"aacbabbc",0.0,0.0,0.02087425571751469,0.07050250544448296,0.0
"aacbabca",0.0,0.020022621670653398,0.0,0.01762562636112074,0.0
"aacbabcb",0.0,0.022324940869852008,0.01163725041258491,0.049130812235599286,0.0
"aacbabcc",0.0,0.020022621670653398,0.0,0.01762562636112074,0.0
"aacbacaa",0.0,0.0,0.07333004116913089,0.0,0.0
"aacbacab",0.0,0.0,0.0,0.030958897988593467,0.0
"aacbacba",0.0,0.022324940869852008,0.01163725041258491,0.019652324894239712,0.0
"aacbacbb",0.0,0.0,0.0,0.1857533879315608,0.0
"aacbacbc",0.0,0.0,0.0,0.06191779597718693,0.0
"aacbacca",0.0,0.0,0.0,0.06191779597718693,0.0
"aacbaccb",0.0,0.0,0.0,0.1857533879315608,0.0
"aacbaccc",0.0,0.0,0.0,0.030958897988593467,0.0
"aacbbaab",0.0,0.020022621670653398,0.02087425571751469,0.0,0.0
"aacbbaac",0.0,0.03516915025121093,0.0,0.0,0.0
"aacbbaba",0.0,0.0,0.036665020584565444,0.0,0.0
"aacbbabb",0.0,0.0,0.036665020584565444,0.0,0.0
"aacbbabc",0.0,0.055812352174630014,0.03491175123775473,0.019652324894239712,0.0
"aacbbaca",0.0,0.0,0.0,0.030958897988593467,0.0
"aacbbacb",0.0,0.022324940869852008,0.02327450082516982,0.039304649788479425,0.0
"aacbbacc",0.0,0.011162470434926004,0.01163725041258491,0.039304649788479425,0.0
"aacbbbaa",0.0,0.0,0.10999506175369632,0.0,0.0
"aacbbbab",0.00663318652382114,0.00975218618019174,0.005083490850463942,0.012877064200944047,0.0
"aacbbbac",0.0,0.022324940869852008,0.01163725041258491,0.039304649788479425,0.0
"aacbbbba",0.00663318652382114,0.04388483781086283,0.03558443595324759,0.025754128401888093,0.0
"aacbbbbb",0.0,0.05851311708115044,0.04575141765417547,0.08584709467296033,0.003417448933035012
"aacbbbbc",0.00663318652382114,0.01950437236038348,0.010166981700927884,0.025754128401888093,0.0
"aacbbbca",0.0,0.011162470434926004,0.058186252062924555,0.068783137129839,0.0
"aacbbbcb",0.019899559571463422,0.00975218618019174,0.010166981700927884,0.06867767573836825,0.0
"aacbbbcc",0.0,0.0,0.02087425571751469,0.07050250544448296,0.0
"aacbbcaa",0.0,0.0,0.04174851143502938,0.03525125272224148,0.0
"aacbbcab",0.00663318652382114,0.00487609309009587,0.020333963401855767,0.025754128401888093,0.0
"aacbbcac",0.0,0.0,0.04174851143502938,0.052876879083362215,0.0
"aacbbcba",0.00663318652382114,0.00975218618019174,0.015250472551391824,0.09443180414025636,0.0
"aacbbcbb",0.030369702585004297,0.0,0.03491175123775473,0.28495871096647585,0.0
"aacbbcbc",0.0,0.0,0.0,0.06191779597718693,0.0
"aacbbcca",0.015184851292502148,0.022324940869852008,0.0,0.1572185991539177,0.0
"aacbbccb",0.015184851292502148,0.0,0.01163725041258491,0.22600173628375667,0.0
"aacbbccc",0.0,0.0,0.0,0.06191779597718693,0.0
"aacbcaaa",0.015184851292502148,0.011162470434926004,0.03491175123775473,0.0,0.0
"aacbcaab",0.0,0.10011310835326699,0.04174851143502938,0.0,0.0
"aacbcaac",0.0,0.0,0.02087425571751469,0.01762562636112074,0.0
"aacbcaba",0.0,0.10011310835326699,0.02087425571751469,0.0,0.0
"aacbcabb",0.0,0.06697482260955602,0.02327450082516982,0.029478487341359567,0.0
"aacbcabc",0.0,0.03516915025121093,0.0,0.0,0.0
"aacbcaca",0.027237745831209297,0.0,0.02087425571751469,0.0,0.0
"aacbcacb",0.0,0.011162470434926004,0.01163725041258491,0.019652324894239712,0.0
"aacbcbaa",0.01326637304764228,0.02925655854057522,0.040667926803711535,0.012877064200944047,0.0
"aacbcbab",0.01326637304764228,0.04388483781086283,0.040667926803711535,0.008584709467296031,0.0
"aacbcbac",0.015184851292502148,0.03348741130477801,0.01163725041258491,0.0,0.0
"aacbcbba",0.0663318652382114,0.04388483781086283,0.04575141765417547,0.02146177366824008,0.0
"aacbcbbb",0.05306549219056912,0.03900874472076696,0.025417454252319706,0.03863119260283214,0.0
"aacbcbbc",0.04555455387750645,0.03348741130477801,0.0,0.039304649788479425,0.0
"aacbcbca",0.015184851292502148,0.011162470434926004,0.0,0.058956974682719133,0.0
"aacbcbcb",0.0,0.040045243341306797,0.0,0.03525125272224148,0.0
"aacbccaa",0.046432305666747976,0.00487609309009587,0.03558443595324759,0.012877064200944047,0.0
"aacbccab",0.01326637304764228,0.00975218618019174,0.015250472551391824,0.025754128401888093,0.0
"aacbccba",0.0331659326191057,0.00487609309009587,0.005083490850463942,0.08155473993931231,0.0
"aacbccbb",0.019899559571463422,0.00975218618019174,0.005083490850463942,0.017169418934592062,0.0
"aacbccbc",0.0,0.0,0.02087425571751469,0.01762562636112074,0.0
"aacbccca",0.0,0.0,0.0,0.06191779597718693,0.0
"aacbcccb",0.0,0.0,0.02087425571751469,0.03525125272224148,0.0
"aaccaaaa",0.015184851292502148,0.011162470434926004,0.01163725041258491,0.0,0.0
"aaccaaab",0.0,0.0,0.07333004116913089,0.0,0.0
"aaccaaac",0.027237745831209297,0.0,0.02087425571751469,0.0,0.0
"aaccaaba",0.0,0.020022621670653398,0.04174851143502938,0.0,0.0
"aaccaabb",0.015184851292502148,0.07813729304448203,0.0,0.009826162447119856,0.0
"aaccaabc",0.0,0.060067865011960195,0.0,0.052876879083362215,0.0
"aaccaaca",0.0,0.0,0.02087425571751469,0.0,0.014033014915962736
"aaccaacb",0.0,0.08009048668261359,0.0,0.01762562636112074,0.0
"aaccaacc",0.0,0.0,0.0,0.06191779597718693,0.0
"aaccabaa",0.015184851292502148,0.011162470434926004,0.03491175123775473,0.0,0.0
"aaccabab",0.015184851292502148,0.0,0.02327450082516982,0.019652324894239712,0.0
"aaccabba",0.01326637304764228,0.00975218618019174,0.005083490850463942,0.008584709467296031,0.0
"aaccabbc",0.0,0.0,0.02087425571751469,0.01762562636112074,0.0
"aaccabca",0.04784230513859746,0.0,0.0,0.0,0.0
"aaccabcc",0.0,0.0,0.0,0.030958897988593467,0.0
"aaccacaa",0.0,0.0,0.02087425571751469,0.01762562636112074,0.0
"aaccacab",0.027237745831209297,0.0,0.0,0.01762562636112074,0.0
"aaccacba",0.0,0.0,0.0,0.15479448994296735,0.0
"aaccacbb",0.015184851292502148,0.011162470434926004,0.0,0.029478487341359567,0.0
"aaccacbc",0.0,0.0,0.0,0.030958897988593467,0.0
"aaccacca",0.0,0.020022621670653398,0.0,0.01762562636112074,0.0
"aaccaccb",0.0,0.03516915025121093,0.0,0.0,0.0
"aaccbaaa",0.0,0.040045243341306797,0.0,0.01762562636112074,0.0
"aaccbaab",0.060739405170008594,0.07813729304448203,0.04654900165033964,0.0,0.0
"aaccbaac",0.0,0.07033830050242186,0.0,0.0,0.0
"aaccbaba",0.00663318652382114,0.048760930900958704,0.025417454252319706,0.0042923547336480156,0.0
"aaccbabb",0.01326637304764228,0.07801748944153392,0.015250472551391824,0.034338837869184125,0.0
"aaccbabc",0.0,0.060067865011960195,0.04174851143502938,0.0,0.0
"aaccbaca",0.0,0.020022621670653398,0.0,0.01762562636112074,0.0
"aaccbacb",0.05447549166241859,0.060067865011960195,0.0,0.0,0.0
"aaccbacc",0.030369702585004297,0.022324940869852008,0.01163725041258491,0.0,0.0
"aaccbbab",0.08623142480967481,0.04388483781086283,0.005083490850463942,0.030046483135536112,0.0
"aaccbbac",0.00663318652382114,0.00975218618019174,0.005083490850463942,0.0042923547336480156,0.0
"aaccbbba",0.1525632900478862,0.07314139635143806,0.025417454252319706,0.09013944940660834,0.0
"aaccbbbb",0.15919647657170738,0.06338921017124631,0.015250472551391824,0.12877064200944047,0.0
"aaccbbbc",0.015184851292502148,0.022324940869852008,0.0,0.068783137129839,0.0
"aaccbbca",0.015184851292502148,0.011162470434926004,0.0,0.09826162447119857,0.0
"aaccbbcb",0.01326637304764228,0.00975218618019174,0.005083490850463942,0.05150825680377619,0.0
"aaccbbcc",0.0,0.0,0.0,0.030958897988593467,0.0
"aaccbcaa",0.1634264749872558,0.0,0.0,0.07050250544448296,0.0
"aaccbcab",0.07592425646251073,0.0,0.03491175123775473,0.049130812235599286,0.0
"aaccbcac",0.04784230513859746,0.0,0.0,0.0,0.0
"aaccbcba",0.05306549219056912,0.01462827927028761,0.005083490850463942,0.07726238520566428,0.0
"aaccbcbb",0.07592425646251073,0.011162470434926004,0.0,0.23582789873087653,0.0
"aaccbcca",0.0,0.020022621670653398,0.0,0.07050250544448296,0.0
"aaccbccb",0.0,0.0,0.0,0.06191779597718693,0.0
"aacccaaa",0.039799119142926845,0.03900874472076696,0.010166981700927884,0.0042923547336480156,0.0
"aacccaab",0.060739405170008594,0.08929976347940803,0.01163725041258491,0.0,0.0
"aacccaac",0.0,0.07033830050242186,0.0,0.0,0.0
"aacccaba",0.04555455387750645,0.11162470434926003,0.0,0.019652324894239712,0.0
"aacccabb",0.02653274609528456,0.04388483781086283,0.005083490850463942,0.0042923547336480156,0.0
"aacccabc",0.0,0.03516915025121093,0.0,0.0,0.0
"aacccacb",0.027237745831209297,0.020022621670653398,0.0,0.0,0.0
"aacccbaa",0.1790960361431708,0.06826530326134218,0.030500945102783648,0.025754128401888093,0.0
"aacccbab",0.09286461133349595,0.03900874472076696,0.025417454252319706,0.0042923547336480156,0.0
"aacccbba",0.2586942744290245,0.024380465450479352,0.020333963401855767,0.07726238520566428,0.0
"aacccbbb",0.039799119142926845,0.01950437236038348,0.010166981700927884,0.03863119260283214,0.0
"aacccbca",0.060739405170008594,0.011162470434926004,0.0,0.039304649788479425,0.0
"aacccbcb",0.0,0.0,0.0,0.030958897988593467,0.0
"aaccccaa",0.046432305666747976,0.00487609309009587,0.005083490850463942,0.02146177366824008,0.0
"aaccccab",0.05447549166241859,0.0,0.0,0.07050250544448296,0.0
"aaccccba",0.21790196664967437,0.0,0.0,0.12337938452784518,0.0
"aaccccbb",0.0,0.0,0.0,0.06191779597718693,0.0
"aaccccca",0.0,0.0,0.0,0.030958897988593467,0.0
"abaaabbc",0.0,0.03516915025121093,0.0,0.0,0.0
"abaabbbc",0.0,0.03516915025121093,0.0,0.0,0.0
"abaabbcc",0.0,0.07033830050242186,0.0,0.0,0.0
"abaabcba",0.04784230513859746,0.0,0.0,0.0,0.0
"abaabcbc",0.0,0.0,0.0,0.030958897988593467,0.0
"abaaccbb",0.0,0.03516915025121093,0.0,0.0,0.0
"abaaccca",0.0,0.03516915025121093,0.0,0.0,0.0
"abaacccb",0.0,0.03516915025121093,0.0,0.0,0.0
"ababaaac",0.0,0.03516915025121093,0.0,0.0,0.0
"ababaccb",0.0,0.03516915025121093,0.0,0.0,0.0
"ababbcbb",0.0,0.03516915025121093,0.0,0.0,0.0
"ababcbab",0.0,0.03516915025121093,0.0,0.0,0.0
"ababccbb",0.0,0.03516915025121093,0.0,0.0,0.0
"abacbaac",0.0,0.03516915025121093,0.0,0.0,0.0
"abacbabc",0.0,0.03516915025121093,0.0,0.0,0.0
"abaccabb",0.0,0.03516915025121093,0.0,0.0,0.0
"abaccbbb",0.0,0.03516915025121093,0.0,0.0,0.0
"abacccba",0.0,0.03516915025121093,0.0,0.0,0.0
"abbaabcb",0.0,0.03516915025121093,0.0,0.0,0.0
"abbabbbc",0.0,0.060067865011960195,0.0,0.01762562636112074,0.0
"abbabbcb",0.0,0.07033830050242186,0.0,0.0,0.0
"abbabbcc",0.0,0.07033830050242186,0.0,0.0,0.0
"abbabcaa",0.0,0.03516915025121093,0.0,0.0,0.0
"abbabcbb",0.0,0.14067660100484372,0.0,0.0,0.0
"abbabcbc",0.0,0.040045243341306797,0.0,0.01762562636112074,0.0
"abbabccb",0.0,0.10550745075363278,0.0,0.0,0.0
"abbacbab",0.0,0.03516915025121093,0.0,0.0,0.0
"abbacbba",0.0,0.03516915025121093,0.0,0.0,0.0
"abbacbbb",0.0,0.17584575125605464,0.0,0.0,0.0
"abbacbca",0.0,0.03516915025121093,0.0,0.0,0.0
"abbacbcc",0.0,0.03516915025121093,0.0,0.0,0.0
"abbaccaa",0.0,0.03516915025121093,0.0,0.0,0.0
"abbaccac",0.0,0.03516915025121093,0.0,0.0,0.0
"abbaccbb",0.0,0.10550745075363278,0.0,0.0,0.0
"abbbaabc",0.0,0.0,0.036665020584565444,0.0,0.0
"abbbabac",0.0,0.03516915025121093,0.0,0.0,0.0
"abbbacac",0.0,0.07033830050242186,0.0,0.0,0.0
"abbbacba",0.0,0.03516915025121093,0.0,0.0,0.0
"abbbbbac",0.0,0.03516915025121093,0.0,0.0,0.0
"abbbbbbc",0.0,0.03516915025121093,0.0,0.0,0.0
"abbbbcbc",0.0,0.07033830050242186,0.0,0.0,0.0
"abbbbcca",0.0,0.0,0.0,0.030958897988593467,0.0
"abbbcaaa",0.0,0.03516915025121093,0.0,0.0,0.0
"abbbcabb",0.0,0.03516915025121093,0.0,0.0,0.0
"abbbcacb",0.0,0.03516915025121093,0.0,0.0,0.0
"abbbcbac",0.0,0.07033830050242186,0.0,0.0,0.0
"abbbcbba",0.0,0.03516915025121093,0.0,0.0,0.0
"abbbcbbc",0.0,0.03516915025121093,0.0,0.0,0.0
"abbbcbca",0.04784230513859746,0.0,0.0,0.0,0.0
"abbbccaa",0.027237745831209297,0.020022621670653398,0.0,0.0,0.0
"abbbccab",0.0,0.03516915025121093,0.0,0.0,0.0
"abbbccba",0.027237745831209297,0.0,0.0,0.01762562636112074,0.0
"abbbccbb",0.0,0.03516915025121093,0.0,0.0,0.0
"abbcabbb",0.0,0.03516915025121093,0.0,0.0,0.0
"abbcabbc",0.0,0.03516915025121093,0.0,0.0,0.0
"abbcabca",0.0,0.0,0.0,0.030958897988593467,0.0
"abbcbaab",0.0,0.07033830050242186,0.0,0.0,0.0
"abbcbabb",0.0,0.17584575125605464,0.0,0.0,0.0
"abbcbabc",0.0,0.03516915025121093,0.0,0.0,0.0
"abbcbacb",0.0,0.03516915025121093,0.0,0.0,0.0
"abbcbbab",0.0,0.10550745075363278,0.0,0.0,0.0
"abbcbbac",0.0,0.03516915025121093,0.0,0.0,0.0
"abbcbbbb",0.0,0.020022621670653398,0.0,0.01762562636112074,0.0
"abbcbcab",0.0,0.03516915025121093,0.0,0.0,0.0
"abbcbcba",0.0,0.07033830050242186,0.0,0.0,0.0
"abbccaaa",0.0,0.03516915025121093,0.0,0.0,0.0
"abbccaab",0.0,0.10550745075363278,0.0,0.0,0.0
"abbccaac",0.0,0.03516915025121093,0.0,0.0,0.0
"abbccabb",0.0,0.07033830050242186,0.0,0.0,0.0
"abbccbaa",0.0,0.17584575125605464,0.0,0.0,0.0
"abbccbab",0.0,0.14067660100484372,0.0,0.0,0.0
"abbccbac",0.0,0.03516915025121093,0.0,0.0,0.0
"abbcccab",0.04784230513859746,0.0,0.0,0.0,0.0
"abcaaaac",0.0,0.03516915025121093,0.0,0.0,0.0
"abcaacbb",0.0,0.0,0.0,0.030958897988593467,0.0
"abcabbbb",0.0,0.07033830050242186,0.0,0.0,0.0
"abcabbcc",0.0,0.07033830050242186,0.0,0.0,0.0
"abcabcaa",0.0,0.07033830050242186,0.0,0.0,0.0
"abcabcac",0.0,0.03516915025121093,0.0,0.0,0.0
"abcabcbb",0.0,0.07033830050242186,0.0,0.0,0.0
"abcacaac",0.0,0.03516915025121093,0.0,0.0,0.0
"abcacbab",0.0,0.14067660100484372,0.0,0.0,0.0
"abcacbac",0.0,0.03516915025121093,0.0,0.0,0.0
"abcacbbb",0.0,0.03516915025121093,0.0,0.0,0.0
"abcaccba",0.0,0.03516915025121093,0.0,0.0,0.0
"abcaccbb",0.0,0.03516915025121093,0.0,0.0,0.0
"abcbabbc",0.0,0.03516915025121093,0.0,0.0,0.0
"abcbabcb",0.0,0.0,0.0,0.06191779597718693,0.0
"abcbacab",0.0,0.03516915025121093,0.0,0.0,0.0
"abcbbaac",0.0,0.03516915025121093,0.0,0.0,0.0
"abcbbabb",0.0,0.03516915025121093,0.0,0.0,0.0
"abcbbbaa",0.0,0.07033830050242186,0.0,0.0,0.0
"abcbbbac",0.0,0.03516915025121093,0.0,0.0,0.0
"abcbbbba",0.0,0.020022621670653398,0.0,0.01762562636112074,0.0
"abcbbbbb",0.0,0.03516915025121093,0.0,0.0,0.0
"abcbbbcb",0.0,0.03516915025121093,0.0,0.0,0.0
"abcbbcaa",0.0,0.03516915025121093,0.0,0.0,0.0
"abcbbcba",0.0,0.03516915025121093,0.0,0.0,0.0
"abcbbcbb",0.0,0.03516915025121093,0.0,0.0,0.0
"abcbcabc",0.0,0.03516915025121093,0.0,0.0,0.0
"abcbcbab",0.0,0.03516915025121093,0.0,0.0,0.0
"abcbcbba",0.0,0.03516915025121093,0.0,0.0,0.0
"abcbccab",0.0,0.0,0.0,0.06191779597718693,0.0
"abccaaac",0.0,0.07033830050242186,0.0,0.0,0.0
"abccabaa",0.0,0.03516915025121093,0.0,0.0,0.0
"abccabba",0.0,0.03516915025121093,0.0,0.0,0.0
"abccacbb",0.0,0.03516915025121093,0.0,0.0,0.0
"abccbaaa",0.0,0.07033830050242186,0.0,0.0,0.0
"abccbaab",0.0,0.020022621670653398,0.0,0.01762562636112074,0.0
"abccbaba",0.0,0.03516915025121093,0.0,0.0,0.0
"abccbabb",0.0,0.0,0.0,0.030958897988593467,0.0
"abccbbaa",0.0,0.07033830050242186,0.0,0.0,0.0
"abccbbab",0.0,0.03516915025121093,0.0,0.0,0.0
"abcccaaa",0.0,0.03516915025121093,0.0,0.0,0.0
"abcccaab",0.0,0.07033830050242186,0.0,0.0,0.0
"abcccabb",0.0,0.07033830050242186,0.0,0.0,0.0
"abcccbaa",0.0,0.07033830050242186,0.0,0.0,0.0
"abcccbab",0.0,0.07033830050242186,0.0,0.0,0.0
"acaacbab",0.0,0.03516915025121093,0.0,0.0,0.0
"acaacbba",0.0,0.03516915025121093,0.0,0.0,0.0
"acaacbca",0.0,0.03516915025121093,0.0,0.0,0.0
"acabbbbb",0.0,0.03516915025121093,0.0,0.0,0.0
"acabbcbb",0.0,0.03516915025121093,0.0,0.0,0.0
"acacbaab",0.0,0.03516915025121093,0.0,0.0,0.0
"acacbbbb",0.0,0.03516915025121093,0.0,0.0,0.0
"acbababb",0.0,0.03516915025121093,0.0,0.0,0.0
"acbabbaa",0.0,0.03516915025121093,0.0,0.0,0.0
"acbabbac",0.0,0.03516915025121093,0.0,0.0,0.0
"acbabbbb",0.0,0.03516915025121093,0.0,0.0,0.0
"acbacbab",0.0,0.03516915025121093,0.0,0.0,0.0
"acbbabac",0.0,0.03516915025121093,0.0,0.0,0.0
"acbbaccb",0.0,0.03516915025121093,0.0,0.0,0.0
"acbbbbbc",0.0,0.03516915025121093,0.0,0.0,0.0
"acbbbcaa",0.04784230513859746,0.0,0.0,0.0,0.0
"acbbcaaa",0.0,0.03516915025121093,0.0,0.0,0.0
"acbbccbb",0.0,0.03516915025121093,0.0,0.0,0.0
"acbcabaa",0.09568461027719492,0.0,0.0,0.0,0.0
"acbcbbba",0.0,0.03516915025121093,0.0,0.0,0.0
"acbccaaa",0.0,0.03516915025121093,0.0,0.0,0.0
"accaaacb",0.0,0.03516915025121093,0.0,0.0,0.0
"accaabbc",0.0,0.03516915025121093,0.0,0.0,0.0
"accabbaa",0.0,0.03516915025121093,0.0,0.0,0.0
"accabbbb",0.0,0.03516915025121093,0.0,0.0,0.0
"accabcba",0.0,0.020022621670653398,0.0,0.01762562636112074,0.0
"accacbab",0.0,0.03516915025121093,0.0,0.0,0.0
"accbaaac",0.0,0.03516915025121093,0.0,0.0,0.0
"accbabca",0.0,0.03516915025121093,0.0,0.0,0.0
"accbacaa",0.04784230513859746,0.0,0.0,0.0,0.0
"accbbaca",0.0,0.0,0.0,0.030958897988593467,0.0
"accbbbba",0.0,0.0,0.0,0.030958897988593467,0.0
"accbbcaa",0.04784230513859746,0.0,0.0,0.0,0.0
"acccbbaa",0.0,0.03516915025121093,0.0,0.0,0.0
"baaaaabc",0.0,0.0,0.0,0.0,0.02464858089889046
"baaaabbc",0.0,0.0,0.036665020584565444,0.0,0.0
"baaaacac",0.0,0.0,0.0,0.0,0.02464858089889046
"baaaaccb",0.027237745831209297,0.0,0.0,0.0,0.028066029831925472
"baaababc",0.0,0.0,0.0,0.0,0.02464858089889046
"baaabacb",0.0,0.0,0.0,0.030958897988593467,0.0
"baaabacc",0.0,0.0,0.02087425571751469,0.0,0.014033014915962736
"baaabbcb",0.0,0.0,0.02087425571751469,0.01762562636112074,0.0
"baaabcbc",0.0,0.0,0.0,0.0,0.02464858089889046
"baaabcca",0.0,0.0,0.0,0.0,0.02464858089889046
"baaabccb",0.0,0.0,0.0,0.0,0.07394574269667138
"baaabccc",0.0,0.0,0.0,0.0,0.02464858089889046
"baaacabc",0.0,0.0,0.036665020584565444,0.0,0.0
"baaacacc",0.0,0.0,0.0,0.01762562636112074,0.014033014915962736
"baaacbba",0.0,0.0,0.0,0.0,0.02464858089889046
"baaacbbb",0.0,0.011162470434926004,0.01163725041258491,0.0,0.023469920676056688
"baaacbbc",0.0,0.0,0.0,0.0,0.02464858089889046
"baaacbca",0.0,0.0,0.0,0.0,0.02464858089889046
"baaacbcb",0.0,0.020022621670653398,0.0,0.0,0.014033014915962736
"baaaccba",0.0,0.0,0.0,0.0,0.04929716179778092
"baaaccbb",0.0,0.0,0.0,0.0,0.02464858089889046
"baaaccbc",0.0,0.0,0.02087425571751469,0.0,0.028066029831925472
"baaaccca",0.0,0.020022621670653398,0.02087425571751469,0.0,0.0
"baaacccb",0.0,0.0,0.0,0.0,0.02464858089889046
"baaacccc",0.0,0.0,0.0,0.0,0.02464858089889046
"baabaaac",0.0,0.0,0.0,0.0,0.02464858089889046
"baabaabc",0.0,0.0,0.0,0.0,0.07394574269667138
"baabaacb",0.0,0.0,0.0,0.0,0.02464858089889046
"baabaacc",0.0,0.0,0.0,0.0,0.07394574269667138
"baababca",0.04784230513859746,0.0,0.0,0.0,0.0
"baababcc",0.027237745831209297,0.0,0.0,0.0,0.042099044747888205
"baabacab",0.0,0.0,0.0,0.0,0.02464858089889046
"baabaccb",0.0,0.0,0.0,0.0,0.07394574269667138
"baabaccc",0.0,0.0,0.0,0.0,0.04929716179778092
"baabbaac",0.0,0.0,0.0,0.0,0.02464858089889046
"baabbabc",0.0,0.020022621670653398,0.0,0.0,0.014033014915962736
"baabbacb",0.0,0.0,0.02087425571751469,0.0,0.028066029831925472
"baabbbac",0.0,0.0,0.0,0.0,0.02464858089889046
"baabbbbc",0.0,0.0,0.0,0.0,0.19718864719112367
"baabbbca",0.0,0.020022621670653398,0.0,0.0,0.014033014915962736
"baabbbcb",0.027237745831209297,0.0,0.0,0.0,0.056132059663850944
"baabbbcc",0.00663318652382114,0.00487609309009587,0.010166981700927884,0.0,0.020504693598210076
"baabbcab",0.0,0.0,0.0,0.0,0.02464858089889046
"baabbcba",0.027237745831209297,0.0,0.0,0.0,0.028066029831925472
"baabbcbb",0.0,0.0,0.0,0.0,0.07394574269667138
"baabbcbc",0.0,0.0,0.0,0.0,0.1232429044944523
"baabbcca",0.0,0.0,0.04174851143502938,0.0,0.07016507457981368
"baabbccb",0.027237745831209297,0.0,0.0,0.0,0.056132059663850944
"baabcaab",0.0,0.0,0.0,0.030958897988593467,0.0
"baabcaba",0.0,0.0,0.036665020584565444,0.0,0.0
"baabcabb",0.0,0.020022621670653398,0.0,0.0,0.014033014915962736
"baabcabc",0.0,0.0,0.0,0.0,0.02464858089889046
"baabcaca",0.0,0.0,0.0,0.0,0.07394574269667138
"baabcacb",0.0,0.0,0.0,0.0,0.09859432359556183
"baabcacc",0.0,0.0,0.0,0.0,0.04929716179778092
"baabcbaa",0.0,0.0,0.0,0.0,0.02464858089889046
"baabcbab",0.0,0.0,0.036665020584565444,0.0,0.0
"baabcbac",0.0,0.0,0.0,0.0,0.02464858089889046
"baabcbba",0.0,0.0,0.0,0.0,0.02464858089889046
"baabcbbb",0.015184851292502148,0.0,0.03491175123775473,0.0,0.031293227568075586
"baabcbbc",0.0,0.0,0.02087425571751469,0.0,0.09823110441173914
"baabcbca",0.0,0.0,0.036665020584565444,0.0,0.0
"baabcbcb",0.05447549166241859,0.0,0.0,0.0,0.07016507457981368
"baabcbcc",0.027237745831209297,0.0,0.0,0.0,0.028066029831925472
"baabccaa",0.0,0.0,0.0,0.0,0.04929716179778092
"baabccab",0.0,0.0,0.0,0.0,0.02464858089889046
"baabccac",0.027237745831209297,0.0,0.0,0.0,0.014033014915962736
"baabccba",0.04784230513859746,0.0,0.0,0.0,0.0
"baabccbb",0.030369702585004297,0.0,0.01163725041258491,0.0,0.06258645513615117
"baabccca",0.0,0.0,0.0,0.0,0.02464858089889046
"baabcccb",0.0,0.0,0.0,0.0,0.02464858089889046
"baacaabc",0.0,0.03516915025121093,0.0,0.0,0.0
"baacaacb",0.0,0.0,0.0,0.0,0.02464858089889046
"baacaacc",0.0,0.0,0.0,0.0,0.04929716179778092
"baacabbb",0.027237745831209297,0.020022621670653398,0.0,0.0,0.0
"baacabbc",0.0,0.0,0.0,0.0,0.02464858089889046
"baacabca",0.0,0.0,0.0,0.0,0.02464858089889046
"baacabcb",0.027237745831209297,0.0,0.0,0.0,0.056132059663850944
"baacabcc",0.0,0.0,0.0,0.0,0.09859432359556183
"baacacac",0.0,0.0,0.036665020584565444,0.0,0.0
"baacacba",0.027237745831209297,0.0,0.0,0.0,0.014033014915962736
"baacacbb",0.027237745831209297,0.0,0.0,0.0,0.028066029831925472
"baacacca",0.0,0.0,0.0,0.0,0.02464858089889046
"baacaccb",0.0,0.0,0.0,0.0,0.02464858089889046
"baacbaac",0.0,0.0,0.02087425571751469,0.0,0.014033014915962736
"baacbaba",0.0,0.0,0.0,0.0,0.04929716179778092
"baacbabb",0.0,0.0,0.0,0.0,0.07394574269667138
"baacbabc",0.0,0.060067865011960195,0.0,0.0,0.042099044747888205
"baacbaca",0.0,0.0,0.0,0.0,0.1232429044944523
"baacbacb",0.015184851292502148,0.03348741130477801,0.0,0.0,0.031293227568075586
"baacbacc",0.0,0.040045243341306797,0.0,0.0,0.056132059663850944
"baacbbaa",0.027237745831209297,0.0,0.0,0.0,0.028066029831925472
"baacbbab",0.05447549166241859,0.0,0.0,0.0,0.042099044747888205
"baacbbac",0.05447549166241859,0.0,0.0,0.0,0.042099044747888205
"baacbbba",0.0,0.0,0.0,0.0,0.09859432359556183
"baacbbbb",0.01326637304764228,0.00487609309009587,0.0,0.0042923547336480156,0.044426836129455166
"baacbbbc",0.0,0.0,0.0,0.0,0.2711343898877951
"baacbbca",0.0,0.0,0.0,0.0,0.14789148539334276
"baacbbcb",0.0,0.0,0.0,0.0,0.34508013258446646
"baacbcaa",0.01326637304764228,0.00487609309009587,0.005083490850463942,0.0,0.006834897866070024
"baacbcab",0.0,0.0,0.02087425571751469,0.0,0.014033014915962736
"baacbcba",0.015184851292502148,0.0,0.02327450082516982,0.0,0.06258645513615117
"baacbcbb",0.030369702585004297,0.0,0.02327450082516982,0.0,0.08605637581220787
"baacbcbc",0.0,0.0,0.02087425571751469,0.0,0.028066029831925472
"baacbcca",0.0,0.0,0.02087425571751469,0.0,0.014033014915962736
"baacbccb",0.015184851292502148,0.0,0.0,0.009826162447119856,0.007823306892018897
"baaccaab",0.04784230513859746,0.0,0.0,0.0,0.0
"baaccaac",0.0,0.0,0.0,0.0,0.04929716179778092
"baaccaba",0.027237745831209297,0.0,0.0,0.0,0.014033014915962736
"baaccabb",0.0,0.00975218618019174,0.005083490850463942,0.0042923547336480156,0.006834897866070024
"baaccabc",0.027237745831209297,0.0,0.0,0.0,0.014033014915962736
"baaccaca",0.0,0.03516915025121093,0.0,0.0,0.0
"baaccacb",0.015184851292502148,0.011162470434926004,0.0,0.0,0.031293227568075586
"baaccbaa",0.015184851292502148,0.0,0.01163725041258491,0.0,0.023469920676056688
"baaccbab",0.030369702585004297,0.022324940869852008,0.0,0.0,0.015646613784037793
"baaccbac",0.0,0.0,0.0,0.0,0.04929716179778092
"baaccbba",0.04555455387750645,0.011162470434926004,0.0,0.0,0.05476314824413228
"baaccbbb",0.0331659326191057,0.0,0.005083490850463942,0.0042923547336480156,0.03417448933035012
"baaccbbc",0.0,0.0,0.02087425571751469,0.0,0.042099044747888205
"baaccbca",0.015184851292502148,0.0,0.0,0.009826162447119856,0.039116534460094485
"baaccbcb",0.0,0.0,0.0,0.0,0.04929716179778092
"baacccaa",0.05447549166241859,0.0,0.0,0.0,0.042099044747888205
"baacccab",0.09568461027719492,0.0,0.0,0.0,0.0
"baacccac",0.04784230513859746,0.0,0.0,0.0,0.0
"baacccba",0.00663318652382114,0.0,0.005083490850463942,0.0042923547336480156,0.006834897866070024
"baacccbb",0.027237745831209297,0.0,0.0,0.0,0.028066029831925472
"babaaabc",0.0,0.03516915025121093,0.0,0.0,0.0
"babaabcc",0.0,0.0,0.0,0.030958897988593467,0.0
"babaacba",0.0,0.03516915025121093,0.0,0.0,0.0
"babaacbb",0.0,0.03516915025121093,0.0,0.0,0.0
"babababc",0.0,0.07033830050242186,0.0,0.0,0.0
"bababacc",0.0,0.03516915025121093,0.0,0.0,0.0
"bababbbc",0.0,0.0,0.036665020584565444,0.0,0.0
"bababbcb",0.027237745831209297,0.020022621670653398,0.0,0.0,0.0
"bababcaa",0.0,0.0,0.036665020584565444,0.0,0.0
"bababcbb",0.0,0.0,0.0,0.06191779597718693,0.0
"babacbac",0.0,0.0,0.036665020584565444,0.0,0.0
"babacbbb",0.0,0.0,0.07333004116913089,0.0,0.0
"babbaaac",0.0,0.0,0.07333004116913089,0.0,0.0
"babbaabc",0.0,0.011162470434926004,0.01163725041258491,0.0,0.007823306892018897
"babbaaca",0.0,0.03516915025121093,0.0,0.0,0.0
"babbaacb",0.0,0.0,0.036665020584565444,0.0,0.0
"babbaacc",0.0,0.03348741130477801,0.0,0.009826162447119856,0.015646613784037793
"babbabbc",0.027237745831209297,0.020022621670653398,0.0,0.0,0.0
"babbabcb",0.015184851292502148,0.011162470434926004,0.0,0.009826162447119856,0.0
"babbabcc",0.04784230513859746,0.0,0.0,0.0,0.0
"babbacba",0.0,0.0,0.036665020584565444,0.0,0.0
"babbacbb",0.0,0.0,0.02087425571751469,0.0,0.014033014915962736
"babbacbc",0.0,0.0,0.0,0.030958897988593467,0.0
"babbbabc",0.09568461027719492,0.0,0.0,0.0,0.0
"babbbacb",0.0,0.020022621670653398,0.0,0.01762562636112074,0.0
"babbbacc",0.04784230513859746,0.0,0.0,0.0,0.0
"babbbbbc",0.0,0.03516915025121093,0.0,0.0,0.0
"babbbbca",0.0,0.0,0.036665020584565444,0.0,0.0
"babbbbcb",0.0,0.020022621670653398,0.0,0.08812813180560371,0.0
"babbbcaa",0.04784230513859746,0.0,0.0,0.0,0.0
"babbbcab",0.05447549166241859,0.020022621670653398,0.0,0.0,0.0
"babbbcac",0.0,0.03516915025121093,0.0,0.0,0.0
"babbbcba",0.09568461027719492,0.0,0.0,0.0,0.0
"babbbcbb",0.0,0.0,0.036665020584565444,0.0,0.0
"babbbcca",0.0,0.0,0.0,0.030958897988593467,0.0
"babbcaaa",0.0,0.0,0.036665020584565444,0.0,0.0
"babbcaac",0.0,0.0,0.04174851143502938,0.0,0.014033014915962736
"babbcabb",0.0,0.03516915025121093,0.0,0.0,0.0
"babbcbaa",0.0,0.0,0.07333004116913089,0.0,0.0
"babbcbab",0.04784230513859746,0.0,0.0,0.0,0.0
"babbcbac",0.0,0.0,0.036665020584565444,0.0,0.0
"babbcbba",0.027237745831209297,0.0,0.02087425571751469,0.0,0.0
"babbcbbb",0.04784230513859746,0.0,0.0,0.0,0.0
"babbcbbc",0.04784230513859746,0.0,0.0,0.0,0.0
"babbccaa",0.027237745831209297,0.0,0.0,0.0,0.014033014915962736
"babbccba",0.01326637304764228,0.0,0.005083490850463942,0.0042923547336480156,0.003417448933035012
"babbccca",0.027237745831209297,0.020022621670653398,0.0,0.0,0.0
"babcaaac",0.0,0.020022621670653398,0.02087425571751469,0.0,0.0
"babcaabc",0.0,0.12013573002392039,0.02087425571751469,0.0,0.0
"babcaaca",0.0,0.03516915025121093,0.0,0.0,0.0
"babcaacb",0.0,0.0,0.0,0.030958897988593467,0.0
"babcaacc",0.0,0.0,0.0,0.0,0.02464858089889046
"babcabaa",0.0,0.0,0.036665020584565444,0.0,0.0
"babcabac",0.04784230513859746,0.0,0.0,0.0,0.0
"babcabbb",0.04784230513859746,0.0,0.0,0.0,0.0
"babcabbc",0.09568461027719492,0.0,0.0,0.0,0.0
"babcabcb",0.04784230513859746,0.0,0.0,0.0,0.0
"babcacaa",0.0,0.03516915025121093,0.0,0.0,0.0
"babcacba",0.04784230513859746,0.0,0.0,0.0,0.0
"babcacbb",0.0,0.0,0.036665020584565444,0.0,0.0
"babcbaab",0.0,0.040045243341306797,0.0,0.0,0.014033014915962736
"babcbaac",0.0,0.060067865011960195,0.0,0.0,0.014033014915962736
"babcbabb",0.0,0.040045243341306797,0.02087425571751469,0.0,0.0
"babcbabc",0.0,0.03516915025121093,0.0,0.0,0.0
"babcbacb",0.015184851292502148,0.022324940869852008,0.0,0.0,0.007823306892018897
"babcbacc",0.0,0.0,0.036665020584565444,0.0,0.0
"babcbbaa",0.19136922055438985,0.0,0.0,0.0,0.0
"babcbbab",0.04555455387750645,0.022324940869852008,0.01163725041258491,0.0,0.0
"babcbbac",0.04555455387750645,0.0,0.01163725041258491,0.009826162447119856,0.0
"babcbbba",0.027237745831209297,0.0,0.0,0.03525125272224148,0.0
"babcbbbc",0.0,0.040045243341306797,0.0,0.0,0.014033014915962736
"babcbbca",0.027237745831209297,0.0,0.0,0.0,0.014033014915962736
"babcbbcb",0.0,0.03516915025121093,0.0,0.0,0.0
"babcbcaa",0.10895098332483719,0.0,0.04174851143502938,0.0,0.0
"babcbcab",0.14352691541579238,0.0,0.0,0.0,0.0
"babcbcba",0.09568461027719492,0.0,0.0,0.0,0.0
"babcbccb",0.04784230513859746,0.0,0.0,0.0,0.0
"babccaaa",0.0,0.03516915025121093,0.0,0.0,0.0
"babccaab",0.09568461027719492,0.0,0.0,0.0,0.0
"babccaac",0.0,0.03516915025121093,0.0,0.0,0.0
"babccaba",0.0,0.0,0.0,0.01762562636112074,0.014033014915962736
"babccabb",0.04555455387750645,0.022324940869852008,0.01163725041258491,0.0,0.0
"babccabc",0.0,0.0,0.0,0.0,0.02464858089889046
"babccaca",0.04784230513859746,0.0,0.0,0.0,0.0
"babccbaa",0.21790196664967437,0.0,0.04174851143502938,0.0,0.0
"babccbab",0.04555455387750645,0.011162470434926004,0.0,0.009826162447119856,0.0
"babccbba",0.21790196664967437,0.0,0.0,0.0,0.014033014915962736
"babccbbb",0.030369702585004297,0.0,0.0,0.009826162447119856,0.007823306892018897
"babccbcb",0.09568461027719492,0.0,0.0,0.0,0.0
"babcccaa",0.28705383083158476,0.0,0.0,0.0,0.0
"babcccab",0.05447549166241859,0.0,0.0,0.01762562636112074,0.0
"babcccba",0.09568461027719492,0.0,0.0,0.0,0.0
"babcccbb",0.04784230513859746,0.0,0.0,0.0,0.0
"bacaaacb",0.0,0.0,0.036665020584565444,0.0,0.0
"bacaaacc",0.0,0.0,0.10999506175369632,0.0,0.0
"bacaabac",0.0,0.0,0.036665020584565444,0.0,0.0
"bacababb",0.0,0.03516915025121093,0.0,0.0,0.0
"bacabbab",0.0,0.0,0.07333004116913089,0.0,0.0
"bacabbcb",0.04784230513859746,0.0,0.0,0.0,0.0
"bacbaaaa",0.0,0.03516915025121093,0.0,0.0,0.0
"bacbaaac",0.0,0.0,0.036665020584565444,0.0,0.0
"bacbaabc",0.0,0.020022621670653398,0.0,0.0,0.014033014915962736
"bacbaacc",0.0,0.03516915025121093,0.0,0.0,0.0
"bacbabaa",0.0,0.03516915025121093,0.0,0.0,0.0
"bacbabba",0.0,0.0,0.07333004116913089,0.0,0.0
"bacbbaab",0.0,0.03516915025121093,0.0,0.0,0.0
"bacbbabb",0.0,0.03516915025121093,0.0,0.0,0.0
"bacbbacb",0.0,0.0,0.0,0.030958897988593467,0.0
"bacbbbab",0.0,0.020022621670653398,0.04174851143502938,0.0,0.0
"bacbbbac",0.027237745831209297,0.0,0.02087425571751469,0.0,0.0
"bacbbbba",0.015184851292502148,0.0,0.01163725041258491,0.009826162447119856,0.0
"bacbbbbb",0.027237745831209297,0.0,0.02087425571751469,0.0,0.0
"bacbbbcb",0.0,0.0,0.0,0.030958897988593467,0.0
"bacbbcab",0.0,0.0,0.036665020584565444,0.0,0.0
"bacbbcba",0.04784230513859746,0.0,0.0,0.0,0.0
"bacbbcbb",0.04784230513859746,0.0,0.0,0.0,0.0
"bacbcaca",0.0,0.03516915025121093,0.0,0.0,0.0
"bacbcbab",0.027237745831209297,0.0,0.02087425571751469,0.0,0.0
"bacbcbba",0.05447549166241859,0.0,0.0,0.0,0.014033014915962736
"bacbcbbc",0.0,0.0,0.036665020584565444,0.0,0.0
"bacbcbcb",0.0,0.03516915025121093,0.0,0.0,0.0
"baccaaac",0.0,0.0,0.036665020584565444,0.0,0.0
"baccaabb",0.0,0.03516915025121093,0.0,0.0,0.0
"baccaacb",0.0,0.03516915025121093,0.0,0.0,0.0
"baccabab",0.0,0.07033830050242186,0.0,0.0,0.0
"baccbaaa",0.027237745831209297,0.020022621670653398,0.0,0.0,0.0
"baccbaac",0.027237745831209297,0.020022621670653398,0.0,0.0,0.0
"baccbaba",0.0,0.07033830050242186,0.0,0.0,0.0
"baccbabb",0.027237745831209297,0.040045243341306797,0.0,0.0,0.0
"baccbabc",0.0,0.03516915025121093,0.0,0.0,0.0
"baccbacb",0.04784230513859746,0.0,0.0,0.0,0.0
"baccbbaa",0.02653274609528456,0.0,0.005083490850463942,0.0042923547336480156,0.003417448933035012
"baccbbab",0.027237745831209297,0.040045243341306797,0.0,0.0,0.0
"baccbbac",0.04784230513859746,0.0,0.0,0.0,0.0
"baccbbba",0.027237745831209297,0.020022621670653398,0.0,0.0,0.0
"baccbbbb",0.030369702585004297,0.011162470434926004,0.01163725041258491,0.0,0.0
"baccbcaa",0.05447549166241859,0.0,0.02087425571751469,0.0,0.0
"bacccaab",0.04784230513859746,0.0,0.0,0.0,0.0
"bacccbaa",0.0817132374936279,0.020022621670653398,0.0,0.0,0.0
"bacccbab",0.04784230513859746,0.0,0.0,0.0,0.0
"bacccbba",0.04784230513859746,0.0,0.0,0.0,0.0
"baccccaa",0.04784230513859746,0.0,0.0,0.0,0.0
"bbaabacc",0.0,0.020022621670653398,0.0,0.0,0.014033014915962736
"bbaabbca",0.0,0.03516915025121093,0.0,0.0,0.0
"bbaabcbb",0.0,0.0,0.0,0.030958897988593467,0.0
"bbaabcbc",0.0,0.0,0.0,0.030958897988593467,0.0
"bbaabccb",0.0,0.0,0.0,0.06191779597718693,0.0
"bbaacbca",0.0,0.03516915025121093,0.0,0.0,0.0
"bbaacbcb",0.0,0.07033830050242186,0.0,0.0,0.0
"bbaaccba",0.04784230513859746,0.0,0.0,0.0,0.0
"bbacaabb",0.0,0.0,0.036665020584565444,0.0,0.0
"bbacaabc",0.04784230513859746,0.0,0.0,0.0,0.0
"bbaccaab",0.0,0.07033830050242186,0.0,0.0,0.0
"bbbabcab",0.0,0.03516915025121093,0.0,0.0,0.0
"bbbabccb",0.0,0.07033830050242186,0.0,0.0,0.0
"bbbacabc",0.0,0.03516915025121093,0.0,0.0,0.0
"bbbaccaa",0.04784230513859746,0.0,0.0,0.0,0.0
"bbbaccba",0.0,0.03516915025121093,0.0,0.0,0.0
"bbbbacaa",0.04784230513859746,0.0,0.0,0.0,0.0
"bbbbacba",0.04784230513859746,0.0,0.0,0.0,0.0
"bbbbbbac",0.0,0.0,0.0,0.030958897988593467,0.0
"bbbbbbbb",0.0,0.08776967562172566,0.42192974058850713,0.008584709467296031,0.2494737721115559
"bbbbbcbb",0.019899559571463422,0.02925655854057522,0.12200378041113459,0.0,0.05809663186159521
"bbbbbcbc",0.0,0.020022621670653398,0.10437127858757345,0.0,0.0
"bbbbbccb",0.0,0.0,0.02327450082516982,0.019652324894239712,0.07040976202817006
"bbbbcabc",0.0,0.03516915025121093,0.0,0.0,0.0
"bbbbcbbb",0.00663318652382114,0.03413265163067109,0.172838688915774,0.0,0.03417448933035012
"bbbbcbbc",0.0,0.0,0.10999506175369632,0.0,0.0
"bbbbcbcb",0.0,0.011162470434926004,0.04654900165033964,0.0,0.046939841352113376
"bbbbcbcc",0.0,0.0,0.036665020584565444,0.0,0.0
"bbbbccab",0.0,0.03516915025121093,0.0,0.0,0.0
"bbbbccbb",0.0,0.0,0.271365324327691,0.0,0.07016507457981368
"bbbbccbc",0.0,0.0,0.0,0.0,0.02464858089889046
"bbbcabbb",0.0,0.0,0.0,0.030958897988593467,0.0
"bbbcabbc",0.0,0.0,0.0,0.030958897988593467,0.0
"bbbcbaab",0.0,0.03516915025121093,0.0,0.0,0.0
"bbbcbbbc",0.0,0.055812352174630014,0.04654900165033964,0.0,0.007823306892018897
"bbbcbbcb",0.0,0.011162470434926004,0.09309800330067929,0.0,0.046939841352113376
"bbbcbbcc",0.0,0.020022621670653398,0.02087425571751469,0.0,0.0
"bbbcbcbb",0.0,0.022324940869852008,0.09309800330067929,0.0,0.031293227568075586
"bbbcbcbc",0.0,0.03516915025121093,0.0,0.0,0.0
"bbbccaaa",0.0,0.03516915025121093,0.0,0.0,0.0
"bbbccabb",0.0,0.03516915025121093,0.0,0.0,0.0
"bbbccbbc",0.0,0.0,0.036665020584565444,0.0,0.0
"bbbccbcb",0.0,0.0,0.036665020584565444,0.0,0.0
"bbbcccbb",0.0,0.0,0.04174851143502938,0.0,0.014033014915962736
"bbcaaabc",0.0,0.0,0.0,0.030958897988593467,0.0
"bbcabbab",0.0,0.03516915025121093,0.0,0.0,0.0
"bbcbbbbc",0.0,0.060067865011960195,0.10437127858757345,0.0,0.0
"bbcbbbcb",0.0,0.011162470434926004,0.058186252062924555,0.029478487341359567,0.0
"bbcbbbcc",0.0,0.03516915025121093,0.0,0.0,0.0
"bbcbbcbb",0.0,0.022324940869852008,0.04654900165033964,0.009826162447119856,0.0
"bbcbcbbb",0.0,0.08009048668261359,0.2504910686101763,0.0,0.0
"bbccbbbb",0.0,0.11162470434926003,0.16292150577618872,0.019652324894239712,0.0
"bbccbbcb",0.0,0.020022621670653398,0.04174851143502938,0.0,0.0
"bbccbcbb",0.0,0.0,0.036665020584565444,0.0,0.0
"bbcccaba",0.0,0.03516915025121093,0.0,0.0,0.0
"bbcccbab",0.04784230513859746,0.0,0.0,0.0,0.0
"bbcccbbb",0.0,0.0,0.036665020584565444,0.0,0.0
"bcaabcba",0.04784230513859746,0.0,0.0,0.0,0.0
"bcaabccb",0.0,0.03516915025121093,0.0,0.0,0.0
"bcaacaba",0.0,0.03516915025121093,0.0,0.0,0.0
"bcabbcaa",0.04784230513859746,0.0,0.0,0.0,0.0
"bcbbabba",0.04784230513859746,0.0,0.0,0.0,0.0
"bcbbacaa",0.04784230513859746,0.0,0.0,0.0,0.0
"bcbbbabb",0.0,0.03516915025121093,0.0,0.0,0.0
"bcbbbbaa",0.04784230513859746,0.0,0.0,0.0,0.0
"bcbbbbbb",0.027237745831209297,0.040045243341306797,0.0,0.0,0.0
"bcbbbbcc",0.0,0.03516915025121093,0.0,0.0,0.0
"bcbbcbbb",0.0,0.07033830050242186,0.0,0.0,0.0
"bcbcbbaa",0.04784230513859746,0.0,0.0,0.0,0.0
"bccaaabb",0.0,0.0,0.0,0.030958897988593467,0.0
"bccbcbbb",0.0,0.03516915025121093,0.0,0.0,0.0
"caaaaabc",0.0,0.0,0.0,0.0,0.02464858089889046
"caaaaacb",0.0,0.0,0.0,0.0,0.02464858089889046
"caaaabca",0.0,0.0,0.0,0.0,0.02464858089889046
"caaaabcc",0.0,0.0,0.036665020584565444,0.0,0.0
"caaababc",0.0,0.0,0.0,0.0,0.02464858089889046
"caaabbac",0.0,0.0,0.0,0.0,0.02464858089889046
"caaabbbc",0.027237745831209297,0.0,0.0,0.0,0.014033014915962736
"caaabcba",0.04784230513859746,0.0,0.0,0.0,0.0
"caaabcbb",0.0,0.0,0.0,0.0,0.02464858089889046
"caaabcbc",0.04784230513859746,0.0,0.0,0.0,0.0
"caaacbbb",0.0,0.0,0.0,0.0,0.02464858089889046
"caaaccba",0.04784230513859746,0.0,0.0,0.0,0.0
"caaaccbb",0.04784230513859746,0.0,0.0,0.0,0.0
"caabaabb",0.0,0.0,0.0,0.0,0.02464858089889046
"caabaabc",0.0,0.0,0.04174851143502938,0.0,0.014033014915962736
"caabaacb",0.0,0.0,0.02087425571751469,0.0,0.014033014915962736
"caabaacc",0.0,0.0,0.0,0.0,0.02464858089889046
"caababac",0.0,0.0,0.0,0.0,0.02464858089889046
"caababbb",0.027237745831209297,0.0,0.0,0.0,0.028066029831925472
"caababbc",0.0,0.0,0.0,0.0,0.07394574269667138
"caababcb",0.0,0.0,0.0,0.0,0.07394574269667138
"caababcc",0.0,0.0,0.0,0.0,0.07394574269667138
"caabacbb",0.04784230513859746,0.0,0.0,0.0,0.0
"caabaccb",0.0,0.0,0.0,0.0,0.04929716179778092
"caabbabb",0.0,0.0,0.0,0.0,0.04929716179778092
"caabbabc",0.015184851292502148,0.0,0.01163725041258491,0.0,0.023469920676056688
"caabbacb",0.0,0.0,0.0,0.0,0.02464858089889046
"caabbbab",0.0,0.0,0.0,0.0,0.02464858089889046
"caabbbba",0.04784230513859746,0.0,0.0,0.0,0.0
"caabbbbb",0.015184851292502148,0.0,0.0,0.009826162447119856,0.039116534460094485
"caabbbbc",0.0,0.0,0.0,0.0,0.14789148539334276
"caabbbca",0.027237745831209297,0.0,0.0,0.0,0.014033014915962736
"caabbbcb",0.0,0.0,0.0,0.0,0.04929716179778092
"caabbbcc",0.0,0.0,0.0,0.0,0.02464858089889046
"caabbcaa",0.04784230513859746,0.0,0.0,0.0,0.0
"caabbcac",0.0,0.0,0.0,0.0,0.02464858089889046
"caabbcbb",0.0,0.0,0.0,0.0,0.1232429044944523
"caabcaab",0.0,0.0,0.0,0.0,0.02464858089889046
"caabcabc",0.0,0.03516915025121093,0.0,0.0,0.0
"caabcacb",0.04784230513859746,0.0,0.0,0.0,0.0
"caabcbaa",0.0,0.0,0.02087425571751469,0.0,0.014033014915962736
"caabcbbb",0.0,0.0,0.0,0.0,0.1232429044944523
"caabcbbc",0.0,0.0,0.0,0.0,0.04929716179778092
"caabccaa",0.0,0.0,0.036665020584565444,0.0,0.0
"caabccab",0.04784230513859746,0.0,0.0,0.0,0.0
"caabcccb",0.04784230513859746,0.0,0.0,0.0,0.0
"caacaabb",0.0,0.0,0.036665020584565444,0.0,0.0
"caacaacb",0.0,0.0,0.0,0.0,0.02464858089889046
"caacabab",0.0,0.0,0.0,0.0,0.02464858089889046
"caacabac",0.0,0.0,0.0,0.0,0.02464858089889046
"caacabba",0.04784230513859746,0.0,0.0,0.0,0.0
"caacabbb",0.0,0.0,0.0,0.0,0.02464858089889046
"caacabbc",0.04784230513859746,0.0,0.0,0.0,0.0
"caacabca",0.0,0.0,0.0,0.0,0.07394574269667138
"caacacab",0.0,0.0,0.0,0.0,0.02464858089889046
"caacbaaa",0.0,0.0,0.0,0.0,0.02464858089889046
"caacbaab",0.0,0.0,0.036665020584565444,0.0,0.0
"caacbaba",0.0,0.0,0.0,0.0,0.02464858089889046
"caacbabc",0.0,0.0,0.0,0.0,0.02464858089889046
"caacbacb",0.04784230513859746,0.0,0.0,0.0,0.0
"caacbacc",0.0,0.0,0.0,0.0,0.02464858089889046
"caacbbac",0.04784230513859746,0.0,0.0,0.0,0.0
"caacbbba",0.05447549166241859,0.0,0.0,0.0,0.07016507457981368
"caacbbbb",0.0817132374936279,0.0,0.0,0.0,0.042099044747888205
"caacbbbc",0.0,0.0,0.02087425571751469,0.0,0.028066029831925472
"caacbbca",0.0,0.0,0.0,0.0,0.07394574269667138
"caacbbcb",0.04784230513859746,0.0,0.0,0.0,0.0
"caacbcab",0.0,0.0,0.0,0.0,0.04929716179778092
"caacbcbb",0.0,0.0,0.0,0.0,0.04929716179778092
"caaccaba",0.04784230513859746,0.0,0.0,0.0,0.0
"caaccabb",0.0,0.0,0.0,0.0,0.02464858089889046
"caaccbaa",0.04784230513859746,0.0,0.0,0.0,0.0
"caaccbba",0.0,0.0,0.036665020584565444,0.0,0.0
"caaccbbb",0.05447549166241859,0.0,0.0,0.0,0.028066029831925472
"caacccba",0.04784230513859746,0.0,0.0,0.0,0.0
"cabaaaac",0.0,0.0,0.036665020584565444,0.0,0.0
"cabaaacb",0.0,0.03516915025121093,0.0,0.0,0.0
"cabacaab",0.0,0.0,0.0,0.030958897988593467,0.0
"cabbaaab",0.0,0.0,0.036665020584565444,0.0,0.0
"cabbaabc",0.0,0.0,0.0,0.0,0.04929716179778092
"cabbabba",0.04784230513859746,0.0,0.0,0.0,0.0
"cabbabbc",0.0,0.0,0.0,0.0,0.02464858089889046
"cabbacbb",0.027237745831209297,0.0,0.0,0.0,0.014033014915962736
"cabbbabb",0.04784230513859746,0.0,0.0,0.0,0.0
"cabbbabc",0.0,0.0,0.0,0.0,0.04929716179778092
"cabbbbaa",0.0,0.0,0.0,0.0,0.04929716179778092
"cabbbbba",0.027237745831209297,0.0,0.02087425571751469,0.0,0.0
"cabbbbbb",0.027237745831209297,0.0,0.0,0.0,0.014033014915962736
"cabbbbbc",0.027237745831209297,0.0,0.02087425571751469,0.0,0.0
"cabbbbcb",0.09568461027719492,0.0,0.0,0.0,0.0
"cabbbcaa",0.0,0.0,0.036665020584565444,0.0,0.0
"cabbcaba",0.04784230513859746,0.0,0.0,0.0,0.0
"cabbcbaa",0.0,0.03516915025121093,0.0,0.0,0.0
"cabbcbab",0.0,0.0,0.0,0.0,0.04929716179778092
"cabbcbbb",0.04784230513859746,0.0,0.0,0.0,0.0
"cabcaaab",0.04784230513859746,0.0,0.0,0.0,0.0
"cabcabba",0.04784230513859746,0.0,0.0,0.0,0.0
"cabcabcb",0.0,0.0,0.0,0.0,0.02464858089889046
"cabcbbba",0.09568461027719492,0.0,0.0,0.0,0.0
"cabcbbbb",0.030369702585004297,0.0,0.01163725041258491,0.0,0.007823306892018897
"cabcbbca",0.04784230513859746,0.0,0.0,0.0,0.0
"cabccaac",0.0,0.0,0.0,0.0,0.02464858089889046
"cabccbaa",0.027237745831209297,0.0,0.0,0.0,0.028066029831925472
"cacaaaac",0.0,0.0,0.036665020584565444,0.0,0.0
"cacaaaca",0.04784230513859746,0.0,0.0,0.0,0.0
"cacabbbb",0.0,0.0,0.036665020584565444,0.0,0.0
"cacbaaac",0.0,0.0,0.036665020584565444,0.0,0.0
"cacbbabb",0.0,0.07033830050242186,0.0,0.0,0.0
"cacbbbaa",0.04784230513859746,0.0,0.0,0.0,0.0
"cacbcaaa",0.0,0.0,0.0,0.0,0.02464858089889046
"cbaaabbc",0.0,0.0,0.0,0.030958897988593467,0.0
"cbaaacbb",0.04784230513859746,0.0,0.0,0.0,0.0
"cbaababb",0.0,0.03516915025121093,0.0,0.0,0.0
"cbaabbab",0.0,0.03516915025121093,0.0,0.0,0.0
"cbbbacaa",0.04784230513859746,0.0,0.0,0.0,0.0
"cbbbbbbb",0.0,0.011162470434926004,0.04654900165033964,0.0,0.046939841352113376
"cbbbbbbc",0.0,0.0,0.02087425571751469,0.0,0.028066029831925472
"cbbbbbcb",0.0,0.0,0.0,0.0,0.04929716179778092
"cbbbcaab",0.0,0.03516915025121093,0.0,0.0,0.0
"cbbcabab",0.04784230513859746,0.0,0.0,0.0,0.0
"cbbcbbbb",0.0,0.011162470434926004,0.02327450082516982,0.0,0.039116534460094485
"cbcbbbbb",0.0,0.0,0.036665020584565444,0.0,0.0
"ccaabbab",0.0,0.03516915025121093,0.0,0.0,0.0
"ccabbcaa",0.04784230513859746,0.0,0.0,0.0,0.0
"ccbaaaaa",0.04784230513859746,0.0,0.0,0.0,0.0
"ccbbabba",0.04784230513859746,0.0,0.0,0.0,0.0
"ccbbbaaa",0.04784230513859746,0.0,0.0,0.0,0.0
"ccbbccaa",0.04784230513859746,0.0,0.0,0.0,0.0
"ccbcaaaa",0.04784230513859746,0.0,0.0,0.0,0.0