"","BalusC","Marc Gravell","Jon Skeet","Hans Passant","Darin Dimitrov"
"aaaaabcb",0.0,0.0,0.0,0.0,0.044665875129264905
"aaaaacbb",0.0,0.0,0.0,0.0,0.044665875129264905
"aaaaacbc",0.0,0.0,0.0,0.0,0.022332937564632453
"aaaaaccb",0.0,0.0,0.0,0.0,0.044665875129264905
"aaaabacb",0.0,0.03055179096882409,0.0,0.0,0.0
"aaaabbbc",0.0,0.017393850791393155,0.0,0.0,0.012714664882628563
"aaaabbcc",0.0,0.009696949200863784,0.009501895185499785,0.0,0.0070883360419455865
"aaaabcac",0.0,0.0,0.0,0.0,0.022332937564632453
"aaaabcbc",0.0,0.0,0.0,0.0,0.022332937564632453
"aaaabcca",0.0,0.0,0.0,0.012924160206566596,0.012714664882628563
"aaaabccb",0.0,0.009696949200863784,0.009501895185499785,0.0,0.021265008125836756
"aaaabccc",0.0,0.0,0.0,0.025848320413133192,0.03814399464788569
"aaaacabc",0.0,0.03055179096882409,0.0,0.0,0.0
"aaaacbcb",0.0,0.0,0.0,0.0,0.022332937564632453
"aaaacbcc",0.0,0.0,0.017043973694047806,0.0,0.025429329765257126
"aaaaccaa",0.0,0.0,0.0,0.022700909983314345,0.0
"aaaaccab",0.0,0.017393850791393155,0.0,0.0,0.012714664882628563
"aaaaccba",0.0,0.0,0.0,0.0,0.022332937564632453
"aaaaccbb",0.0,0.0,0.0,0.0,0.044665875129264905
"aaaaccca",0.0,0.0,0.0,0.012924160206566596,0.05085865953051425
"aaaacccb",0.0,0.0,0.03408794738809561,0.0,0.012714664882628563
"aaaacccc",0.02802140607398356,0.0,0.017043973694047806,0.0,0.0
"aaabaacc",0.0,0.0,0.05987448412933958,0.0,0.0
"aaababcb",0.0,0.03055179096882409,0.0,0.0,0.0
"aaababcc",0.03124347270710731,0.0,0.009501895185499785,0.0,0.014176672083891173
"aaabacac",0.0,0.0,0.0,0.0,0.022332937564632453
"aaabacbc",0.0,0.0,0.0,0.0,0.022332937564632453
"aaabacca",0.0,0.0,0.02993724206466979,0.0,0.0
"aaabaccb",0.0,0.017393850791393155,0.0,0.0,0.012714664882628563
"aaabaccc",0.03124347270710731,0.0,0.009501895185499785,0.0,0.014176672083891173
"aaabbabc",0.0,0.0,0.0,0.0,0.044665875129264905
"aaabbacb",0.0,0.0,0.0,0.0,0.022332937564632453
"aaabbacc",0.0,0.0,0.0,0.0,0.20099643808169207
"aaabbbac",0.0,0.0,0.0,0.0,0.022332937564632453
"aaabbbbc",0.0,0.017393850791393155,0.0,0.0,0.06357332441314281
"aaabbbca",0.0,0.0,0.0,0.0,0.13399762538779472
"aaabbbcb",0.0,0.019393898401727568,0.009501895185499785,0.0,0.07797169646140145
"aaabbbcc",0.0,0.02909084760259135,0.03800758074199914,0.0,0.04253001625167351
"aaabbcab",0.0,0.0,0.0,0.0,0.044665875129264905
"aaabbcac",0.0,0.0,0.0,0.0,0.022332937564632453
"aaabbcba",0.0,0.0,0.0,0.0,0.044665875129264905
"aaabbcbb",0.0,0.0,0.017043973694047806,0.0,0.03814399464788569
"aaabbcbc",0.0,0.004235910613962222,0.004150705323425822,0.003147410429818848,0.00928917660187402
"aaabbcca",0.0,0.03478770158278631,0.0,0.0,0.07628798929577138
"aaabbccb",0.0,0.0,0.051131921082143414,0.0,0.12714664882628562
"aaabbccc",0.0,0.009696949200863784,0.01900379037099957,0.0,0.014176672083891173
"aaabcabb",0.0,0.0,0.02993724206466979,0.0,0.0
"aaabcabc",0.02802140607398356,0.06957540316557262,0.0,0.0,0.0
"aaabcaca",0.0,0.0,0.017043973694047806,0.0,0.012714664882628563
"aaabcacb",0.0,0.0,0.0,0.0,0.022332937564632453
"aaabcacc",0.0,0.0,0.017043973694047806,0.0,0.025429329765257126
"aaabcbaa",0.0,0.0,0.0,0.012924160206566596,0.012714664882628563
"aaabcbab",0.0,0.017393850791393155,0.0,0.0,0.025429329765257126
"aaabcbac",0.0,0.06110358193764818,0.0,0.0,0.0
"aaabcbba",0.0,0.0,0.0,0.0,0.06699881269389736
"aaabcbbb",0.046865209060660974,0.009696949200863784,0.0,0.0,0.06379502437751028
"aaabcbbc",0.0,0.06957540316557262,0.0,0.0,0.07628798929577138
"aaabcbca",0.0,0.03478770158278631,0.0,0.0,0.06357332441314281
"aaabcbcb",0.0,0.019393898401727568,0.009501895185499785,0.0,0.04253001625167351
"aaabcbcc",0.02802140607398356,0.0,0.0,0.0,0.025429329765257126
"aaabccab",0.0,0.052181552374179464,0.0,0.0,0.012714664882628563
"aaabccba",0.0136480613557598,0.004235910613962222,0.0,0.003147410429818848,0.024771137604997384
"aaabccbc",0.0,0.017393850791393155,0.0,0.0,0.025429329765257126
"aaabccca",0.0,0.0,0.028505685556499353,0.007205128208235228,0.04253001625167351
"aaabcccb",0.0068240306778799,0.004235910613962222,0.008301410646851644,0.0,0.03096392200624673
"aaacaabb",0.0,0.03055179096882409,0.0,0.0,0.0
"aaacaacb",0.0,0.0,0.0,0.0,0.022332937564632453
"aaacaacc",0.0,0.009696949200863784,0.0,0.007205128208235228,0.014176672083891173
"aaacabac",0.0,0.03055179096882409,0.0,0.0,0.0
"aaacabbb",0.015621736353553656,0.0,0.009501895185499785,0.0,0.014176672083891173
"aaacabbc",0.0,0.017393850791393155,0.0,0.0,0.012714664882628563
"aaacabca",0.0,0.017393850791393155,0.0,0.0,0.012714664882628563
"aaacabcb",0.02802140607398356,0.0,0.0,0.0,0.03814399464788569
"aaacabcc",0.0,0.0,0.0,0.0,0.022332937564632453
"aaacacac",0.0,0.0,0.0,0.022700909983314345,0.0
"aaacacba",0.0,0.0,0.02993724206466979,0.0,0.0
"aaacacbc",0.0,0.0,0.0,0.0,0.022332937564632453
"aaacacca",0.0,0.0,0.0,0.0,0.022332937564632453
"aaacaccb",0.0,0.017393850791393155,0.0,0.0,0.012714664882628563
"aaacbaac",0.0,0.0,0.0,0.0,0.044665875129264905
"aaacbabb",0.0,0.0,0.017043973694047806,0.0,0.06357332441314281
"aaacbabc",0.015621736353553656,0.07757559360691027,0.0,0.0,0.0070883360419455865
"aaacbaca",0.0,0.017393850791393155,0.0,0.0,0.03814399464788569
"aaacbacb",0.0,0.06957540316557262,0.0,0.0,0.06357332441314281
"aaacbacc",0.0,0.08696925395696577,0.0,0.0,0.07628798929577138
"aaacbbab",0.0,0.017393850791393155,0.0,0.0,0.012714664882628563
"aaacbbac",0.0,0.017393850791393155,0.0,0.0,0.012714664882628563
"aaacbbba",0.0,0.017393850791393155,0.0,0.0,0.06357332441314281
"aaacbbbb",0.0,0.012707731841886666,0.004150705323425822,0.003147410429818848,0.0340603142068714
"aaacbbbc",0.0,0.021179553069811115,0.004150705323425822,0.003147410429818848,0.012385568802498692
"aaacbbca",0.0,0.009696949200863784,0.009501895185499785,0.0,0.07088336041945587
"aaacbbcb",0.0068240306778799,0.008471821227924444,0.020753526617129113,0.0,0.04334949080874543
"aaacbbcc",0.0068240306778799,0.008471821227924444,0.004150705323425822,0.0,0.015481961003123365
"aaacbcaa",0.015621736353553656,0.009696949200863784,0.0,0.0,0.014176672083891173
"aaacbcab",0.0068240306778799,0.004235910613962222,0.004150705323425822,0.0,0.012385568802498692
"aaacbcac",0.02802140607398356,0.0,0.0,0.0,0.012714664882628563
"aaacbcba",0.08406421822195069,0.0,0.0,0.0,0.12714664882628562
"aaacbcbb",0.0136480613557598,0.016943642455848888,0.016602821293703288,0.0,0.04954227520999477
"aaacbcbc",0.0,0.017393850791393155,0.0,0.0,0.06357332441314281
"aaacbcca",0.0,0.004235910613962222,0.008301410646851644,0.003147410429818848,0.015481961003123365
"aaacbccb",0.0,0.0,0.03408794738809561,0.0,0.11443198394365706
"aaacbccc",0.0,0.0,0.02993724206466979,0.0,0.0
"aaaccaaa",0.0,0.03478770158278631,0.0,0.0,0.03814399464788569
"aaaccaab",0.015621736353553656,0.0,0.0,0.007205128208235228,0.021265008125836756
"aaaccaac",0.0,0.06110358193764818,0.0,0.0,0.0
"aaaccaba",0.0,0.0,0.0,0.0,0.022332937564632453
"aaaccabb",0.0,0.038787796803455135,0.009501895185499785,0.0,0.06379502437751028
"aaaccabc",0.0,0.09165537290647226,0.0,0.0,0.0
"aaaccaca",0.0,0.009696949200863784,0.01900379037099957,0.0,0.0070883360419455865
"aaaccacb",0.0,0.03478770158278631,0.0,0.0,0.06357332441314281
"aaaccacc",0.0,0.0,0.0,0.0,0.022332937564632453
"aaaccbaa",0.03124347270710731,0.0,0.0,0.014410256416470457,0.03544168020972793
"aaaccbab",0.06248694541421462,0.009696949200863784,0.0,0.0,0.04253001625167351
"aaaccbac",0.0068240306778799,0.004235910613962222,0.0,0.003147410429818848,0.006192784401249346
"aaaccbba",0.0136480613557598,0.021179553069811115,0.0,0.009442231289456544,0.06192784401249346
"aaaccbbc",0.046865209060660974,0.019393898401727568,0.0,0.0,0.028353344167782346
"aaaccbca",0.0,0.0,0.0,0.0,0.33499406346948674
"aaaccbcc",0.0,0.0,0.0,0.022700909983314345,0.0
"aaacccaa",0.046865209060660974,0.0,0.0,0.014410256416470457,0.07088336041945587
"aaacccab",0.03124347270710731,0.0,0.009501895185499785,0.0,0.028353344167782346
"aaacccba",0.0341201533893995,0.004235910613962222,0.0,0.009442231289456544,0.05263866741061944
"aaacccbc",0.0,0.0,0.0,0.022700909983314345,0.0
"aaacccca",0.0,0.0,0.01900379037099957,0.014410256416470457,0.021265008125836756
"aaaccccb",0.015621736353553656,0.0,0.009501895185499785,0.0,0.0070883360419455865
"aabaaacc",0.0,0.0,0.017043973694047806,0.012924160206566596,0.0
"aabaabcb",0.0,0.009696949200863784,0.0,0.021615384624705688,0.0070883360419455865
"aabaabcc",0.0,0.0,0.0,0.022700909983314345,0.0
"aabaacbc",0.0,0.0,0.05987448412933958,0.0,0.0
"aabaaccb",0.0,0.0,0.02993724206466979,0.0,0.0
"aabaaccc",0.0,0.0,0.05987448412933958,0.0,0.0
"aabababc",0.02802140607398356,0.03478770158278631,0.0,0.0,0.0
"aababacb",0.0,0.0,0.02993724206466979,0.0,0.0
"aababacc",0.0068240306778799,0.008471821227924444,0.004150705323425822,0.0,0.006192784401249346
"aababbbc",0.0,0.017393850791393155,0.017043973694047806,0.0,0.0
"aababbcb",0.0,0.017393850791393155,0.03408794738809561,0.0,0.0
"aababbcc",0.0,0.06957540316557262,0.08521986847023903,0.0,0.0
"aababcbb",0.0,0.03055179096882409,0.0,0.0,0.0
"aababcbc",0.0,0.03478770158278631,0.017043973694047806,0.0,0.0
"aababcca",0.0,0.0,0.0,0.022700909983314345,0.0
"aababccb",0.0,0.0,0.17962345238801875,0.0,0.0
"aababccc",0.0,0.0,0.051131921082143414,0.012924160206566596,0.0
"aabacabc",0.0,0.03055179096882409,0.0,0.0,0.0
"aabacacb",0.0,0.06110358193764818,0.0,0.0,0.0
"aabacacc",0.0,0.06110358193764818,0.0,0.0,0.0
"aabacbac",0.0,0.03055179096882409,0.0,0.0,0.0
"aabacbba",0.0,0.03055179096882409,0.0,0.0,0.0
"aabacbbb",0.02802140607398356,0.017393850791393155,0.0,0.0,0.0
"aabacbbc",0.02802140607398356,0.017393850791393155,0.0,0.0,0.0
"aabacbca",0.0,0.03055179096882409,0.0,0.0,0.0
"aabacbcb",0.0,0.03055179096882409,0.0,0.0,0.0
"aabacbcc",0.0,0.017393850791393155,0.017043973694047806,0.0,0.0
"aabaccaa",0.0,0.0,0.0,0.022700909983314345,0.0
"aabaccbb",0.015621736353553656,0.019393898401727568,0.009501895185499785,0.0,0.0
"aabaccca",0.0,0.0,0.017043973694047806,0.025848320413133192,0.0
"aabacccb",0.0,0.0,0.02993724206466979,0.0,0.0
"aabbaabc",0.0,0.06110358193764818,0.0,0.0,0.0
"aabbaacb",0.02802140607398356,0.0,0.03408794738809561,0.0,0.0
"aabbaacc",0.0,0.019393898401727568,0.0,0.007205128208235228,0.014176672083891173
"aabbabac",0.0,0.0,0.02993724206466979,0.0,0.0
"aabbabbc",0.0,0.0,0.05987448412933958,0.0,0.0
"aabbabcb",0.0,0.0,0.08981172619400937,0.0,0.0
"aabbabcc",0.0,0.004235910613962222,0.016602821293703288,0.003147410429818848,0.003096392200624673
"aabbacac",0.0,0.03055179096882409,0.0,0.0,0.0
"aabbacbb",0.0,0.017393850791393155,0.017043973694047806,0.0,0.0
"aabbacbc",0.0068240306778799,0.008471821227924444,0.004150705323425822,0.003147410429818848,0.0
"aabbaccb",0.0,0.02909084760259135,0.06651326629849849,0.0,0.0070883360419455865
"aabbaccc",0.0,0.017393850791393155,0.03408794738809561,0.0,0.0
"aabbbabc",0.0,0.06110358193764818,0.0,0.0,0.0
"aabbbacb",0.0,0.009696949200863784,0.028505685556499353,0.0,0.0070883360419455865
"aabbbacc",0.0,0.10436310474835893,0.03408794738809561,0.0,0.0
"aabbbbac",0.0,0.0,0.02993724206466979,0.0,0.0
"aabbbbbc",0.0,0.008471821227924444,0.02490423194055493,0.003147410429818848,0.003096392200624673
"aabbbbca",0.0,0.02909084760259135,0.01900379037099957,0.007205128208235228,0.0
"aabbbbcb",0.0,0.012707731841886666,0.06641128517481315,0.012589641719275391,0.003096392200624673
"aabbbbcc",0.0068240306778799,0.012707731841886666,0.04980846388110986,0.003147410429818848,0.0
"aabbbcaa",0.0,0.0,0.0,0.022700909983314345,0.0
"aabbbcab",0.0,0.0,0.08981172619400937,0.0,0.0
"aabbbcac",0.0,0.052181552374179464,0.017043973694047806,0.0,0.0
"aabbbcba",0.0,0.0,0.14968621032334897,0.0,0.0
"aabbbcbb",0.0272961227115196,0.021179553069811115,0.11206904373249721,0.003147410429818848,0.0
"aabbbcbc",0.05604281214796712,0.0,0.06817589477619122,0.0,0.0
"aabbbcca",0.0,0.03478770158278631,0.20452768432857366,0.0,0.0
"aabbbccb",0.03124347270710731,0.02909084760259135,0.34206822667799225,0.0,0.0
"aabbbccc",0.015621736353553656,0.009696949200863784,0.14252842778249677,0.0,0.0
"aabbcaab",0.0,0.03055179096882409,0.0,0.0,0.0
"aabbcaac",0.0,0.06110358193764818,0.0,0.0,0.0
"aabbcaba",0.0,0.03055179096882409,0.0,0.0,0.0
"aabbcabb",0.015621736353553656,0.048484746004318915,0.028505685556499353,0.0,0.0
"aabbcabc",0.015621736353553656,0.019393898401727568,0.01900379037099957,0.0,0.0
"aabbcacb",0.015621736353553656,0.02909084760259135,0.009501895185499785,0.0,0.0
"aabbcacc",0.0,0.03055179096882409,0.0,0.0,0.0
"aabbcbaa",0.015621736353553656,0.02909084760259135,0.0,0.014410256416470457,0.0
"aabbcbab",0.0,0.06957540316557262,0.03408794738809561,0.0,0.0
"aabbcbac",0.015621736353553656,0.0581816952051827,0.03800758074199914,0.0,0.0
"aabbcbba",0.0068240306778799,0.021179553069811115,0.008301410646851644,0.006294820859637696,0.0
"aabbcbbc",0.0,0.08727254280777405,0.08551705666949806,0.0,0.0070883360419455865
"aabbcbca",0.0204720920336397,0.012707731841886666,0.02490423194055493,0.006294820859637696,0.0
"aabbcbcb",0.0136480613557598,0.021179553069811115,0.058109874527961514,0.0,0.003096392200624673
"aabbcbcc",0.0,0.0,0.028505685556499353,0.007205128208235228,0.0070883360419455865
"aabbccaa",0.03124347270710731,0.0,0.03800758074199914,0.021615384624705688,0.0
"aabbccab",0.06248694541421462,0.038787796803455135,0.03800758074199914,0.0,0.0
"aabbccac",0.04921878147008723,0.0,0.0,0.0,0.0
"aabbccbb",0.0477682147451593,0.008471821227924444,0.12452115970277466,0.009442231289456544,0.0
"aabbccbc",0.015621736353553656,0.02909084760259135,0.04750947592749893,0.0,0.0
"aabbccca",0.046865209060660974,0.0,0.07601516148399828,0.014410256416470457,0.0
"aabbcccb",0.02802140607398356,0.0,0.13635178955238245,0.0,0.0
"aabbcccc",0.0,0.0,0.02993724206466979,0.0,0.0
"aabcaaab",0.0,0.03055179096882409,0.0,0.0,0.0
"aabcaaac",0.0,0.017393850791393155,0.0,0.0,0.012714664882628563
"aabcaabb",0.0,0.052181552374179464,0.017043973694047806,0.0,0.0
"aabcaabc",0.0,0.038787796803455135,0.01900379037099957,0.0,0.0070883360419455865
"aabcaacb",0.0,0.06110358193764818,0.0,0.0,0.0
"aabcaacc",0.015621736353553656,0.019393898401727568,0.0,0.0,0.0070883360419455865
"aabcabac",0.0,0.03055179096882409,0.0,0.0,0.0
"aabcabba",0.0,0.017393850791393155,0.0,0.0,0.012714664882628563
"aabcabbb",0.0,0.017393850791393155,0.017043973694047806,0.0,0.0
"aabcabbc",0.0,0.052181552374179464,0.017043973694047806,0.0,0.0
"aabcabcb",0.0136480613557598,0.016943642455848888,0.033205642587406575,0.0,0.00928917660187402
"aabcabcc",0.0,0.0,0.05987448412933958,0.0,0.0
"aabcacab",0.0,0.017393850791393155,0.017043973694047806,0.0,0.0
"aabcacba",0.0,0.017393850791393155,0.017043973694047806,0.0,0.0
"aabcacbb",0.0,0.017393850791393155,0.051131921082143414,0.0,0.0
"aabcacbc",0.0,0.0,0.02993724206466979,0.0,0.0
"aabcacca",0.0,0.017393850791393155,0.017043973694047806,0.0,0.0
"aabcaccb",0.0,0.03478770158278631,0.10226384216428683,0.0,0.0
"aabcaccc",0.04921878147008723,0.0,0.0,0.0,0.0
"aabcbaaa",0.0,0.03055179096882409,0.0,0.0,0.0
"aabcbaab",0.015621736353553656,0.0581816952051827,0.009501895185499785,0.0,0.0
"aabcbaac",0.0068240306778799,0.012707731841886666,0.004150705323425822,0.0,0.003096392200624673
"aabcbaba",0.0,0.09165537290647226,0.0,0.0,0.0
"aabcbabb",0.0,0.24351391107950413,0.051131921082143414,0.0,0.0
"aabcbabc",0.0068240306778799,0.04235910613962223,0.004150705323425822,0.0,0.006192784401249346
"aabcbaca",0.0,0.06957540316557262,0.0,0.0,0.012714664882628563
"aabcbacb",0.0,0.012707731841886666,0.004150705323425822,0.003147410429818848,0.006192784401249346
"aabcbacc",0.015621736353553656,0.009696949200863784,0.01900379037099957,0.0,0.0
"aabcbbaa",0.0477682147451593,0.012707731841886666,0.0,0.003147410429818848,0.003096392200624673
"aabcbbab",0.0477682147451593,0.016943642455848888,0.0,0.003147410429818848,0.003096392200624673
"aabcbbac",0.046865209060660974,0.02909084760259135,0.009501895185499785,0.0,0.0
"aabcbbbc",0.0204720920336397,0.04235910613962223,0.029054937263980757,0.0,0.003096392200624673
"aabcbbca",0.0545922454230392,0.016943642455848888,0.06226057985138733,0.0,0.003096392200624673
"aabcbbcb",0.0341201533893995,0.016943642455848888,0.08301410646851645,0.0,0.003096392200624673
"aabcbbcc",0.0,0.052181552374179464,0.06817589477619122,0.0,0.0
"aabcbcaa",0.0545922454230392,0.008471821227924444,0.008301410646851644,0.028326693868369633,0.0
"aabcbcab",0.09373041812132195,0.0,0.07601516148399828,0.007205128208235228,0.0
"aabcbcac",0.0,0.03478770158278631,0.03408794738809561,0.0,0.0
"aabcbcbc",0.0,0.03478770158278631,0.06817589477619122,0.0,0.0
"aabcbccb",0.046865209060660974,0.009696949200863784,0.15203032296799657,0.0,0.0
"aabcbccc",0.0,0.0,0.0,0.022700909983314345,0.0
"aabccaaa",0.0,0.009696949200863784,0.009501895185499785,0.014410256416470457,0.0
"aabccaab",0.06248694541421462,0.10666644120950161,0.0,0.0,0.0070883360419455865
"aabccaac",0.0,0.029651374297735556,0.004150705323425822,0.003147410429818848,0.003096392200624673
"aabccaba",0.0204720920336397,0.016943642455848888,0.012452115970277466,0.0,0.006192784401249346
"aabccabb",0.046865209060660974,0.14545423801295676,0.04750947592749893,0.0,0.0
"aabccabc",0.015621736353553656,0.019393898401727568,0.009501895185499785,0.0,0.0
"aabccaca",0.0,0.009696949200863784,0.01900379037099957,0.007205128208235228,0.0
"aabccacb",0.0,0.09165537290647226,0.0,0.0,0.0
"aabccbac",0.0,0.15654465712253837,0.08521986847023903,0.0,0.0
"aabccbbc",0.015621736353553656,0.038787796803455135,0.01900379037099957,0.0,0.0
"aabccbcb",0.06248694541421462,0.0,0.06651326629849849,0.007205128208235228,0.0
"aabccbcc",0.04921878147008723,0.0,0.0,0.0,0.0
"aabcccab",0.0887123988124387,0.021179553069811115,0.020753526617129113,0.01573705214909424,0.0
"aabcccac",0.04921878147008723,0.0,0.0,0.0,0.0
"aabcccbc",0.0,0.0,0.02993724206466979,0.0,0.0
"aabcccca",0.0,0.0,0.03800758074199914,0.028820512832940914,0.0070883360419455865
"aabccccb",0.0,0.0,0.017043973694047806,0.025848320413133192,0.0
"aacaaabc",0.0,0.03055179096882409,0.0,0.0,0.0
"aacaaacb",0.0,0.0,0.0,0.022700909983314345,0.0
"aacaabbb",0.0,0.0,0.0,0.022700909983314345,0.0
"aacaabbc",0.0,0.0,0.0,0.022700909983314345,0.0
"aacaabca",0.0,0.0,0.02993724206466979,0.0,0.0
"aacaabcb",0.0,0.009696949200863784,0.009501895185499785,0.014410256416470457,0.0
"aacaabcc",0.0,0.017393850791393155,0.0,0.0,0.012714664882628563
"aacaacbb",0.0,0.0,0.05987448412933958,0.0,0.0
"aacababb",0.0,0.03055179096882409,0.0,0.0,0.0
"aacabaca",0.0,0.0,0.0,0.022700909983314345,0.0
"aacabacb",0.0,0.0,0.0,0.022700909983314345,0.0
"aacabacc",0.0,0.017393850791393155,0.0,0.012924160206566596,0.0
"aacabbbb",0.0,0.0,0.02993724206466979,0.0,0.0
"aacabbbc",0.0,0.03055179096882409,0.0,0.0,0.0
"aacabbcb",0.0,0.0,0.017043973694047806,0.012924160206566596,0.0
"aacabbcc",0.0,0.0,0.02993724206466979,0.0,0.0
"aacabcab",0.0,0.06110358193764818,0.0,0.0,0.0
"aacabcba",0.0,0.0,0.02993724206466979,0.0,0.0
"aacabcbb",0.0,0.052181552374179464,0.11930781585833464,0.0,0.0
"aacabcbc",0.0,0.03055179096882409,0.0,0.0,0.0
"aacabccb",0.0,0.017393850791393155,0.11930781585833464,0.0,0.0
"aacacaac",0.0,0.03055179096882409,0.0,0.0,0.0
"aacacaba",0.04921878147008723,0.0,0.0,0.0,0.0
"aacacabb",0.0,0.03055179096882409,0.0,0.0,0.0
"aacacabc",0.0,0.06110358193764818,0.0,0.0,0.0
"aacacacb",0.0,0.03055179096882409,0.0,0.0,0.0
"aacacbac",0.04921878147008723,0.0,0.0,0.0,0.0
"aacacbba",0.0,0.0,0.0,0.04540181996662869,0.0
"aacacbbb",0.0,0.0581816952051827,0.009501895185499785,0.014410256416470457,0.0
"aacacbbc",0.0,0.017393850791393155,0.017043973694047806,0.0,0.0
"aacacbcb",0.0,0.052181552374179464,0.017043973694047806,0.0,0.0
"aacaccba",0.0,0.0,0.05987448412933958,0.0,0.0
"aacaccbb",0.0,0.0,0.02993724206466979,0.0,0.0
"aacaccbc",0.0,0.0,0.02993724206466979,0.0,0.0
"aacaccca",0.0,0.0,0.0,0.022700909983314345,0.0
"aacbaaac",0.0,0.0,0.02993724206466979,0.0,0.0
"aacbaabb",0.0,0.0,0.02993724206466979,0.0,0.0
"aacbaabc",0.0,0.06110358193764818,0.0,0.0,0.0
"aacbaaca",0.04921878147008723,0.0,0.0,0.0,0.0
"aacbaacb",0.0,0.03478770158278631,0.017043973694047806,0.0,0.0
"aacbaacc",0.0,0.019393898401727568,0.009501895185499785,0.0,0.0070883360419455865
"aacbabaa",0.0,0.0,0.0,0.022700909983314345,0.0
"aacbabab",0.0,0.0,0.0,0.022700909983314345,0.0
"aacbabac",0.0,0.017393850791393155,0.017043973694047806,0.0,0.0
"aacbabbb",0.0,0.03478770158278631,0.051131921082143414,0.0,0.0
"aacbabbc",0.0,0.0,0.11974896825867916,0.0,0.0
"aacbabca",0.0,0.017393850791393155,0.017043973694047806,0.0,0.0
"aacbabcb",0.0,0.019393898401727568,0.04750947592749893,0.007205128208235228,0.0
"aacbabcc",0.0,0.017393850791393155,0.017043973694047806,0.0,0.0
"aacbacab",0.0,0.0,0.02993724206466979,0.0,0.0
"aacbacba",0.0,0.03478770158278631,0.03408794738809561,0.0,0.0
"aacbacbb",0.0,0.0,0.17962345238801875,0.0,0.0
"aacbacbc",0.0,0.0,0.05987448412933958,0.0,0.0
"aacbacca",0.0,0.0,0.05987448412933958,0.0,0.0
"aacbaccb",0.0,0.0,0.17962345238801875,0.0,0.0
"aacbaccc",0.0,0.0,0.02993724206466979,0.0,0.0
"aacbbaab",0.0,0.03055179096882409,0.0,0.0,0.0
"aacbbaac",0.0,0.03055179096882409,0.0,0.0,0.0
"aacbbabc",0.0,0.08696925395696577,0.03408794738809561,0.0,0.0
"aacbbaca",0.0,0.0,0.02993724206466979,0.0,0.0
"aacbbacb",0.0,0.019393898401727568,0.03800758074199914,0.007205128208235228,0.0
"aacbbacc",0.0,0.009696949200863784,0.03800758074199914,0.007205128208235228,0.0
"aacbbbab",0.015621736353553656,0.019393898401727568,0.028505685556499353,0.0,0.0
"aacbbbac",0.0,0.03478770158278631,0.06817589477619122,0.0,0.0
"aacbbbba",0.0068240306778799,0.03812319552566,0.02490423194055493,0.006294820859637696,0.0
"aacbbbbb",0.0,0.050830927367546665,0.08301410646851645,0.006294820859637696,0.003096392200624673
"aacbbbbc",0.015621736353553656,0.038787796803455135,0.057011371112998706,0.0,0.0
"aacbbbca",0.0,0.009696949200863784,0.06651326629849849,0.007205128208235228,0.0
"aacbbbcb",0.0204720920336397,0.008471821227924444,0.06641128517481315,0.006294820859637696,0.0
"aacbbbcc",0.0,0.0,0.11974896825867916,0.0,0.0
"aacbbcaa",0.0,0.0,0.03408794738809561,0.025848320413133192,0.0
"aacbbcab",0.015621736353553656,0.009696949200863784,0.057011371112998706,0.0,0.0
"aacbbcac",0.0,0.0,0.08981172619400937,0.0,0.0
"aacbbcba",0.0068240306778799,0.008471821227924444,0.09131551711536809,0.006294820859637696,0.0
"aacbbcbb",0.03124347270710731,0.0,0.2755549603794938,0.007205128208235228,0.0
"aacbbcbc",0.0,0.0,0.05987448412933958,0.0,0.0
"aacbbcca",0.0068240306778799,0.008471821227924444,0.06641128517481315,0.003147410429818848,0.0
"aacbbccb",0.015621736353553656,0.0,0.21854358926649503,0.007205128208235228,0.0
"aacbbccc",0.0,0.0,0.05987448412933958,0.0,0.0
"aacbcaaa",0.02802140607398356,0.017393850791393155,0.0,0.0,0.0
"aacbcaab",0.0,0.15275895484412041,0.0,0.0,0.0
"aacbcaac",0.0,0.0,0.02993724206466979,0.0,0.0
"aacbcaba",0.0,0.15275895484412041,0.0,0.0,0.0
"aacbcabb",0.0,0.10436310474835893,0.051131921082143414,0.0,0.0
"aacbcabc",0.0,0.017393850791393155,0.0,0.012924160206566596,0.0
"aacbcaca",0.04921878147008723,0.0,0.0,0.0,0.0
"aacbcacb",0.0,0.017393850791393155,0.03408794738809561,0.0,0.0
"aacbcbaa",0.0136480613557598,0.025415463683773332,0.012452115970277466,0.012589641719275391,0.0
"aacbcbab",0.03124347270710731,0.08727254280777405,0.01900379037099957,0.0,0.0
"aacbcbac",0.02802140607398356,0.052181552374179464,0.0,0.0,0.0
"aacbcbba",0.068240306778799,0.03812319552566,0.020753526617129113,0.03147410429818848,0.0
"aacbcbbb",0.0545922454230392,0.033887284911697776,0.0373563479108324,0.012589641719275391,0.0
"aacbcbbc",0.046865209060660974,0.02909084760259135,0.03800758074199914,0.0,0.0
"aacbcbca",0.0068240306778799,0.004235910613962222,0.02490423194055493,0.003147410429818848,0.0
"aacbcbcb",0.0,0.019393898401727568,0.01900379037099957,0.014410256416470457,0.0
"aacbccaa",0.0477682147451593,0.004235910613962222,0.012452115970277466,0.028326693868369633,0.0
"aacbccab",0.03124347270710731,0.019393898401727568,0.057011371112998706,0.0,0.0
"aacbccba",0.0341201533893995,0.004235910613962222,0.07886340114509063,0.01573705214909424,0.0
"aacbccbb",0.046865209060660974,0.019393898401727568,0.03800758074199914,0.0,0.0
"aacbccbc",0.0,0.0,0.02993724206466979,0.0,0.0
"aacbccca",0.0,0.0,0.03408794738809561,0.025848320413133192,0.0
"aacbcccb",0.0,0.0,0.05987448412933958,0.0,0.0
"aaccaaaa",0.02802140607398356,0.017393850791393155,0.0,0.0,0.0
"aaccaaab",0.0,0.0,0.0,0.022700909983314345,0.0
"aaccaaac",0.04921878147008723,0.0,0.0,0.0,0.0
"aaccaaba",0.0,0.017393850791393155,0.0,0.012924160206566596,0.0
"aaccaabb",0.015621736353553656,0.06787864440604649,0.009501895185499785,0.0,0.0
"aaccaabc",0.0,0.052181552374179464,0.051131921082143414,0.0,0.0
"aaccaaca",0.0,0.0,0.0,0.0,0.022332937564632453
"aaccaacb",0.0,0.06957540316557262,0.017043973694047806,0.0,0.0
"aaccaacc",0.0,0.0,0.05987448412933958,0.0,0.0
"aaccabaa",0.015621736353553656,0.009696949200863784,0.0,0.007205128208235228,0.0
"aaccabab",0.02802140607398356,0.0,0.03408794738809561,0.0,0.0
"aaccabba",0.03124347270710731,0.019393898401727568,0.01900379037099957,0.0,0.0
"aaccabbb",0.0272961227115196,0.016943642455848888,0.020753526617129113,0.0,0.003096392200624673
"aaccabbc",0.0,0.0,0.02993724206466979,0.0,0.0
"aaccabca",0.04921878147008723,0.0,0.0,0.0,0.0
"aaccabcb",0.0136480613557598,0.016943642455848888,0.012452115970277466,0.0,0.003096392200624673
"aaccabcc",0.0,0.0,0.02993724206466979,0.0,0.0
"aaccacaa",0.0,0.0,0.02993724206466979,0.0,0.0
"aaccacab",0.02802140607398356,0.0,0.017043973694047806,0.0,0.0
"aaccacba",0.0,0.0,0.08521986847023903,0.012924160206566596,0.0
"aaccacbb",0.015621736353553656,0.009696949200863784,0.028505685556499353,0.0,0.0
"aaccacbc",0.0,0.0,0.02993724206466979,0.0,0.0
"aaccacca",0.0,0.017393850791393155,0.017043973694047806,0.0,0.0
"aaccaccb",0.0,0.03055179096882409,0.0,0.0,0.0
"aaccbaaa",0.0,0.019393898401727568,0.009501895185499785,0.007205128208235228,0.0
"aaccbaab",0.11208562429593424,0.12175695553975206,0.0,0.0,0.0
"aaccbaac",0.0,0.06110358193764818,0.0,0.0,0.0
"aaccbaba",0.0068240306778799,0.04235910613962223,0.004150705323425822,0.003147410429818848,0.0
"aaccbabb",0.0136480613557598,0.06777456982339555,0.033205642587406575,0.003147410429818848,0.0
"aaccbabc",0.0,0.09165537290647226,0.0,0.0,0.0
"aaccbaca",0.0,0.017393850791393155,0.017043973694047806,0.0,0.0
"aaccbacb",0.05604281214796712,0.052181552374179464,0.0,0.0,0.0
"aaccbacc",0.05604281214796712,0.03478770158278631,0.0,0.0,0.0
"aaccbbab",0.0887123988124387,0.03812319552566,0.029054937263980757,0.006294820859637696,0.0
"aaccbbac",0.015621736353553656,0.019393898401727568,0.009501895185499785,0.0,0.0
"aaccbbba",0.1569527055912377,0.06353865920943334,0.08716481179194227,0.047211156447282715,0.0
"aaccbbbb",0.1637767362691176,0.055066837981508895,0.12452115970277466,0.003147410429818848,0.0
"aaccbbbc",0.015621736353553656,0.019393898401727568,0.06651326629849849,0.0,0.0
"aaccbbca",0.0068240306778799,0.004235910613962222,0.041507053234258226,0.003147410429818848,0.0
"aaccbbcb",0.0136480613557598,0.008471821227924444,0.04980846388110986,0.006294820859637696,0.0
"aaccbbcc",0.0,0.0,0.02993724206466979,0.0,0.0
"aaccbcaa",0.09373041812132195,0.0,0.03800758074199914,0.07205128208235229,0.0
"aaccbcab",0.1401070303699178,0.0,0.08521986847023903,0.0,0.0
"aaccbcac",0.04921878147008723,0.0,0.0,0.0,0.0
"aaccbcba",0.0545922454230392,0.012707731841886666,0.0747126958216648,0.012589641719275391,0.0
"aaccbcbb",0.0341201533893995,0.004235910613962222,0.09961692776221973,0.006294820859637696,0.0
"aaccbcca",0.0,0.017393850791393155,0.06817589477619122,0.0,0.0
"aaccbccb",0.0,0.0,0.05987448412933958,0.0,0.0
"aacccaaa",0.0409441840672794,0.033887284911697776,0.004150705323425822,0.003147410429818848,0.0
"aacccaab",0.11208562429593424,0.13915080633114524,0.0,0.0,0.0
"aacccaac",0.0,0.06110358193764818,0.0,0.0,0.0
"aacccaba",0.0204720920336397,0.04235910613962223,0.008301410646851644,0.006294820859637696,0.0
"aacccabb",0.0272961227115196,0.03812319552566,0.004150705323425822,0.003147410429818848,0.0
"aacccabc",0.0,0.03055179096882409,0.0,0.0,0.0
"aacccacb",0.02802140607398356,0.017393850791393155,0.0,0.0,0.0
"aacccbaa",0.18424882830275732,0.05930274859547111,0.02490423194055493,0.14163346934184814,0.0
"aacccbab",0.2187043089497512,0.07757559360691027,0.009501895185499785,0.0,0.0
"aacccbba",0.2661371964373161,0.021179553069811115,0.0747126958216648,0.07553785031565236,0.0
"aacccbbb",0.0409441840672794,0.016943642455848888,0.0373563479108324,0.012589641719275391,0.0
"aacccbca",0.0272961227115196,0.004235910613962222,0.016602821293703288,0.006294820859637696,0.0
"aacccbcb",0.0,0.0,0.02993724206466979,0.0,0.0
"aaccccaa",0.0477682147451593,0.004235910613962222,0.020753526617129113,0.11015936504365967,0.0
"aaccccab",0.03124347270710731,0.0,0.03800758074199914,0.007205128208235228,0.0
"aaccccba",0.12497389082842925,0.0,0.06651326629849849,0.07925641029058751,0.0
"aaccccbb",0.0,0.0,0.03408794738809561,0.012924160206566596,0.0
"aaccccca",0.0,0.0,0.02993724206466979,0.0,0.0
"abaaabbc",0.0,0.03055179096882409,0.0,0.0,0.0
"abaabbbc",0.0,0.03055179096882409,0.0,0.0,0.0
"abaabbcc",0.0,0.06110358193764818,0.0,0.0,0.0
"abaabcba",0.04921878147008723,0.0,0.0,0.0,0.0
"abaabcbc",0.0,0.0,0.02993724206466979,0.0,0.0
"abaaccbb",0.0,0.03055179096882409,0.0,0.0,0.0
"abaaccca",0.0,0.03055179096882409,0.0,0.0,0.0
"abaacccb",0.0,0.03055179096882409,0.0,0.0,0.0
"ababaaac",0.0,0.03055179096882409,0.0,0.0,0.0
"ababaccb",0.0,0.03055179096882409,0.0,0.0,0.0
"ababbacc",0.0,0.0,0.0,0.022700909983314345,0.0
"ababbcbb",0.0,0.03055179096882409,0.0,0.0,0.0
"ababbcca",0.0,0.0,0.0,0.022700909983314345,0.0
"ababcbab",0.0,0.03055179096882409,0.0,0.0,0.0
"ababccab",0.0,0.0,0.0,0.022700909983314345,0.0
"ababccbb",0.0,0.03055179096882409,0.0,0.0,0.0
"abacbaac",0.0,0.03055179096882409,0.0,0.0,0.0
"abacbabc",0.0,0.03055179096882409,0.0,0.0,0.0
"abacbbca",0.0,0.0,0.0,0.022700909983314345,0.0
"abaccabb",0.0,0.03055179096882409,0.0,0.0,0.0
"abaccbaa",0.0,0.0,0.0,0.04540181996662869,0.0
"abaccbab",0.0,0.0,0.0,0.022700909983314345,0.0
"abaccbbb",0.0,0.03055179096882409,0.0,0.0,0.0
"abacccaa",0.0,0.0,0.0,0.022700909983314345,0.0
"abacccba",0.0,0.017393850791393155,0.0,0.012924160206566596,0.0
"abbaabcb",0.0,0.03055179096882409,0.0,0.0,0.0
"abbabbbc",0.0,0.052181552374179464,0.017043973694047806,0.0,0.0
"abbabbcb",0.0,0.06110358193764818,0.0,0.0,0.0
"abbabbcc",0.0,0.06110358193764818,0.0,0.0,0.0
"abbabcaa",0.0,0.03055179096882409,0.0,0.0,0.0
"abbabcba",0.0,0.0,0.0,0.022700909983314345,0.0
"abbabcbb",0.0,0.12220716387529636,0.0,0.0,0.0
"abbabcbc",0.0,0.03478770158278631,0.017043973694047806,0.0,0.0
"abbabccb",0.0,0.09165537290647226,0.0,0.0,0.0
"abbacbab",0.0,0.03055179096882409,0.0,0.0,0.0
"abbacbba",0.0,0.03055179096882409,0.0,0.0,0.0
"abbacbbb",0.0,0.15275895484412041,0.0,0.0,0.0
"abbacbca",0.0,0.03055179096882409,0.0,0.0,0.0
"abbacbcc",0.0,0.03055179096882409,0.0,0.0,0.0
"abbaccaa",0.0,0.03055179096882409,0.0,0.0,0.0
"abbaccac",0.0,0.03055179096882409,0.0,0.0,0.0
"abbaccbb",0.0,0.09165537290647226,0.0,0.0,0.0
"abbbabac",0.0,0.03055179096882409,0.0,0.0,0.0
"abbbacab",0.0,0.0,0.0,0.022700909983314345,0.0
"abbbacac",0.0,0.06110358193764818,0.0,0.0,0.0
"abbbacba",0.0,0.03055179096882409,0.0,0.0,0.0
"abbbbacc",0.0,0.0,0.0,0.022700909983314345,0.0
"abbbbbac",0.0,0.03055179096882409,0.0,0.0,0.0
"abbbbbbb",0.0,0.0,0.0,0.022700909983314345,0.0
"abbbbbbc",0.0,0.03055179096882409,0.0,0.0,0.0
"abbbbbca",0.0,0.0,0.0,0.022700909983314345,0.0
"abbbbcaa",0.0,0.0,0.0,0.022700909983314345,0.0
"abbbbcba",0.0,0.0,0.0,0.04540181996662869,0.0
"abbbbcbc",0.0,0.06110358193764818,0.0,0.0,0.0
"abbbbcca",0.0,0.0,0.017043973694047806,0.025848320413133192,0.0
"abbbcaaa",0.0,0.03055179096882409,0.0,0.0,0.0
"abbbcabb",0.0,0.03055179096882409,0.0,0.0,0.0
"abbbcacb",0.0,0.03055179096882409,0.0,0.0,0.0
"abbbcbac",0.0,0.06110358193764818,0.0,0.0,0.0
"abbbcbba",0.0,0.017393850791393155,0.0,0.012924160206566596,0.0
"abbbcbbb",0.0,0.0,0.0,0.022700909983314345,0.0
"abbbcbbc",0.0,0.03055179096882409,0.0,0.0,0.0
"abbbcbca",0.04921878147008723,0.0,0.0,0.0,0.0
"abbbccaa",0.015621736353553656,0.009696949200863784,0.0,0.007205128208235228,0.0
"abbbccab",0.0,0.03055179096882409,0.0,0.0,0.0
"abbbccba",0.015621736353553656,0.0,0.009501895185499785,0.021615384624705688,0.0
"abbbccbb",0.0,0.017393850791393155,0.0,0.025848320413133192,0.0
"abbcabbb",0.0,0.03055179096882409,0.0,0.0,0.0
"abbcabbc",0.0,0.03055179096882409,0.0,0.0,0.0
"abbcabca",0.0,0.0,0.02993724206466979,0.0,0.0
"abbcacca",0.0,0.0,0.0,0.022700909983314345,0.0
"abbcbaaa",0.0,0.0,0.0,0.04540181996662869,0.0
"abbcbaab",0.0,0.06110358193764818,0.0,0.0,0.0
"abbcbabb",0.0,0.15275895484412041,0.0,0.0,0.0
"abbcbabc",0.0,0.03055179096882409,0.0,0.0,0.0
"abbcbacb",0.0,0.03055179096882409,0.0,0.0,0.0
"abbcbbaa",0.0,0.0,0.0,0.022700909983314345,0.0
"abbcbbab",0.0,0.052181552374179464,0.0,0.012924160206566596,0.0
"abbcbbac",0.0,0.03055179096882409,0.0,0.0,0.0
"abbcbbba",0.0,0.0,0.0,0.09080363993325738,0.0
"abbcbbbb",0.0,0.017393850791393155,0.017043973694047806,0.0,0.0
"abbcbbca",0.0,0.0,0.0,0.022700909983314345,0.0
"abbcbcaa",0.0,0.0,0.0,0.22700909983314346,0.0
"abbcbcab",0.0,0.03055179096882409,0.0,0.0,0.0
"abbcbcba",0.0,0.03478770158278631,0.0,0.025848320413133192,0.0
"abbccaaa",0.0,0.017393850791393155,0.0,0.025848320413133192,0.0
"abbccaab",0.0,0.09165537290647226,0.0,0.0,0.0
"abbccaac",0.0,0.03055179096882409,0.0,0.0,0.0
"abbccabb",0.0,0.06110358193764818,0.0,0.0,0.0
"abbccbaa",0.0,0.08696925395696577,0.0,0.16801408268536575,0.0
"abbccbab",0.0,0.06957540316557262,0.0,0.012924160206566596,0.0
"abbccbac",0.0,0.03055179096882409,0.0,0.0,0.0
"abbccbba",0.0,0.0,0.0,0.13620545989988608,0.0
"abbcccaa",0.0,0.0,0.0,0.2043081898498291,0.0
"abbcccab",0.04921878147008723,0.0,0.0,0.0,0.0
"abbcccba",0.0,0.0,0.0,0.09080363993325738,0.0
"abbcccbb",0.0,0.0,0.0,0.022700909983314345,0.0
"abcaaaac",0.0,0.03055179096882409,0.0,0.0,0.0
"abcaaaba",0.0,0.0,0.0,0.022700909983314345,0.0
"abcaaaca",0.0,0.0,0.0,0.18160727986651476,0.0
"abcaaacb",0.0,0.0,0.0,0.18160727986651476,0.0
"abcaaacc",0.0,0.0,0.0,0.04540181996662869,0.0
"abcaabca",0.0,0.0,0.0,0.13620545989988608,0.0
"abcaabcb",0.0,0.0,0.0,0.022700909983314345,0.0
"abcaacac",0.0,0.0,0.0,0.022700909983314345,0.0
"abcaacbb",0.0,0.0,0.02993724206466979,0.0,0.0
"abcaacca",0.0,0.0,0.0,0.022700909983314345,0.0
"abcabacb",0.0,0.0,0.0,0.022700909983314345,0.0
"abcabbba",0.0,0.0,0.0,0.11350454991657173,0.0
"abcabbbb",0.0,0.06110358193764818,0.0,0.0,0.0
"abcabbca",0.0,0.0,0.0,0.04540181996662869,0.0
"abcabbcb",0.0,0.0,0.0,0.022700909983314345,0.0
"abcabbcc",0.0,0.06110358193764818,0.0,0.0,0.0
"abcabcaa",0.0,0.06110358193764818,0.0,0.0,0.0
"abcabcab",0.0,0.0,0.0,0.022700909983314345,0.0
"abcabcac",0.0,0.03055179096882409,0.0,0.0,0.0
"abcabcba",0.0,0.0,0.0,0.022700909983314345,0.0
"abcabcbb",0.0,0.06110358193764818,0.0,0.0,0.0
"abcabcca",0.0,0.0,0.0,0.04540181996662869,0.0
"abcacaac",0.0,0.03055179096882409,0.0,0.0,0.0
"abcacaba",0.0,0.0,0.0,0.022700909983314345,0.0
"abcacacb",0.0,0.0,0.0,0.022700909983314345,0.0
"abcacbab",0.0,0.12220716387529636,0.0,0.0,0.0
"abcacbac",0.0,0.03055179096882409,0.0,0.0,0.0
"abcacbba",0.0,0.0,0.0,0.06810272994994304,0.0
"abcacbbb",0.0,0.03055179096882409,0.0,0.0,0.0
"abcaccba",0.0,0.017393850791393155,0.0,0.012924160206566596,0.0
"abcaccbb",0.0,0.03055179096882409,0.0,0.0,0.0
"abcbaaba",0.0,0.0,0.0,0.04540181996662869,0.0
"abcbaabb",0.0,0.0,0.0,0.022700909983314345,0.0
"abcbaabc",0.0,0.0,0.0,0.022700909983314345,0.0
"abcbaaca",0.0,0.0,0.0,0.022700909983314345,0.0
"abcbabbc",0.0,0.03055179096882409,0.0,0.0,0.0
"abcbabcb",0.0,0.0,0.05987448412933958,0.0,0.0
"abcbacab",0.0,0.03055179096882409,0.0,0.0,0.0
"abcbbaac",0.0,0.03055179096882409,0.0,0.0,0.0
"abcbbaba",0.0,0.0,0.0,0.022700909983314345,0.0
"abcbbabb",0.0,0.03055179096882409,0.0,0.0,0.0
"abcbbaca",0.0,0.0,0.0,0.04540181996662869,0.0
"abcbbacb",0.0,0.0,0.0,0.022700909983314345,0.0
"abcbbbaa",0.0,0.03478770158278631,0.0,0.03877248061969979,0.0
"abcbbbab",0.0,0.0,0.0,0.022700909983314345,0.0
"abcbbbac",0.0,0.03055179096882409,0.0,0.0,0.0
"abcbbbba",0.0,0.009696949200863784,0.009501895185499785,0.05764102566588183,0.0
"abcbbbbb",0.0,0.03055179096882409,0.0,0.0,0.0
"abcbbbca",0.0,0.0,0.0,0.06810272994994304,0.0
"abcbbbcb",0.0,0.03055179096882409,0.0,0.0,0.0
"abcbbcaa",0.0,0.017393850791393155,0.0,0.03877248061969979,0.0
"abcbbcba",0.0,0.017393850791393155,0.0,0.09046912144596618,0.0
"abcbbcbb",0.0,0.03055179096882409,0.0,0.0,0.0
"abcbcaab",0.0,0.0,0.0,0.04540181996662869,0.0
"abcbcaba",0.0,0.0,0.0,0.04540181996662869,0.0
"abcbcabc",0.0,0.03055179096882409,0.0,0.0,0.0
"abcbcaca",0.0,0.0,0.0,0.04540181996662869,0.0
"abcbcbaa",0.0,0.0,0.0,0.2043081898498291,0.0
"abcbcbab",0.0,0.017393850791393155,0.0,0.012924160206566596,0.0
"abcbcbba",0.0,0.017393850791393155,0.0,0.15508992247879916,0.0
"abcbcbca",0.0,0.0,0.0,0.04540181996662869,0.0
"abcbccaa",0.0,0.0,0.0,0.06810272994994304,0.0
"abcbccab",0.0,0.0,0.05987448412933958,0.0,0.0
"abcbccba",0.0,0.0,0.0,0.06810272994994304,0.0
"abccaaac",0.0,0.06110358193764818,0.0,0.0,0.0
"abccaaba",0.0,0.0,0.0,0.022700909983314345,0.0
"abccabaa",0.0,0.017393850791393155,0.0,0.012924160206566596,0.0
"abccabba",0.0,0.017393850791393155,0.0,0.025848320413133192,0.0
"abccabbb",0.0,0.0,0.0,0.022700909983314345,0.0
"abccabca",0.0,0.0,0.0,0.022700909983314345,0.0
"abccacaa",0.0,0.0,0.0,0.022700909983314345,0.0
"abccacba",0.0,0.0,0.0,0.04540181996662869,0.0
"abccacbb",0.0,0.03055179096882409,0.0,0.0,0.0
"abccbaaa",0.0,0.03478770158278631,0.0,0.025848320413133192,0.0
"abccbaab",0.0,0.009696949200863784,0.009501895185499785,0.007205128208235228,0.0
"abccbaba",0.0,0.017393850791393155,0.0,0.025848320413133192,0.0
"abccbabb",0.0,0.0,0.017043973694047806,0.012924160206566596,0.0
"abccbaca",0.0,0.0,0.0,0.022700909983314345,0.0
"abccbbaa",0.0,0.03478770158278631,0.0,0.15508992247879916,0.0
"abccbbab",0.0,0.017393850791393155,0.0,0.025848320413133192,0.0
"abccbbba",0.0,0.0,0.0,0.29511182978308653,0.0
"abccbbca",0.0,0.0,0.0,0.022700909983314345,0.0
"abccbcaa",0.0,0.0,0.0,0.2043081898498291,0.0
"abccbcba",0.0,0.0,0.0,0.18160727986651476,0.0
"abcccaaa",0.0,0.017393850791393155,0.0,0.012924160206566596,0.0
"abcccaab",0.0,0.06110358193764818,0.0,0.0,0.0
"abcccaba",0.0,0.0,0.0,0.04540181996662869,0.0
"abcccabb",0.0,0.06110358193764818,0.0,0.0,0.0
"abcccbaa",0.0,0.03478770158278631,0.0,0.27140736433789847,0.0
"abcccbab",0.0,0.06110358193764818,0.0,0.0,0.0
"abcccbba",0.0,0.0,0.0,0.18160727986651476,0.0
"abcccbbb",0.0,0.0,0.0,0.022700909983314345,0.0
"abcccbca",0.0,0.0,0.0,0.022700909983314345,0.0
"abccccaa",0.0,0.0,0.0,0.15890636988320042,0.0
"acaacbab",0.0,0.03055179096882409,0.0,0.0,0.0
"acaacbba",0.0,0.03055179096882409,0.0,0.0,0.0
"acaacbca",0.0,0.03055179096882409,0.0,0.0,0.0
"acabbbbb",0.0,0.03055179096882409,0.0,0.0,0.0
"acabbcba",0.0,0.0,0.0,0.022700909983314345,0.0
"acabbcbb",0.0,0.03055179096882409,0.0,0.0,0.0
"acacbaab",0.0,0.03055179096882409,0.0,0.0,0.0
"acacbbbb",0.0,0.03055179096882409,0.0,0.0,0.0
"acaccbaa",0.0,0.0,0.0,0.022700909983314345,0.0
"acaccbca",0.0,0.0,0.0,0.022700909983314345,0.0
"acacccaa",0.0,0.0,0.0,0.022700909983314345,0.0
"acbababb",0.0,0.03055179096882409,0.0,0.0,0.0
"acbabbaa",0.0,0.03055179096882409,0.0,0.0,0.0
"acbabbac",0.0,0.03055179096882409,0.0,0.0,0.0
"acbabbbb",0.0,0.03055179096882409,0.0,0.0,0.0
"acbacbab",0.0,0.03055179096882409,0.0,0.0,0.0
"acbbabac",0.0,0.03055179096882409,0.0,0.0,0.0
"acbbaccb",0.0,0.03055179096882409,0.0,0.0,0.0
"acbbbbba",0.0,0.0,0.0,0.022700909983314345,0.0
"acbbbbbc",0.0,0.03055179096882409,0.0,0.0,0.0
"acbbbcaa",0.04921878147008723,0.0,0.0,0.0,0.0
"acbbcaaa",0.0,0.03055179096882409,0.0,0.0,0.0
"acbbcbba",0.0,0.0,0.0,0.022700909983314345,0.0
"acbbccbb",0.0,0.03055179096882409,0.0,0.0,0.0
"acbcabaa",0.09843756294017446,0.0,0.0,0.0,0.0
"acbcbbac",0.0,0.0,0.0,0.022700909983314345,0.0
"acbcbbba",0.0,0.017393850791393155,0.0,0.03877248061969979,0.0
"acbcbcaa",0.0,0.0,0.0,0.022700909983314345,0.0
"acbcbcba",0.0,0.0,0.0,0.022700909983314345,0.0
"acbccaaa",0.0,0.03055179096882409,0.0,0.0,0.0
"acbccbaa",0.0,0.0,0.0,0.13620545989988608,0.0
"acbccbba",0.0,0.0,0.0,0.022700909983314345,0.0
"accaaaba",0.0,0.0,0.0,0.13620545989988608,0.0
"accaaabb",0.0,0.0,0.0,0.022700909983314345,0.0
"accaaaca",0.0,0.0,0.0,0.022700909983314345,0.0
"accaaacb",0.0,0.017393850791393155,0.0,0.012924160206566596,0.0
"accaabbc",0.0,0.03055179096882409,0.0,0.0,0.0
"accaabca",0.0,0.0,0.0,0.022700909983314345,0.0
"accabaab",0.0,0.0,0.0,0.022700909983314345,0.0
"accababa",0.0,0.0,0.0,0.04540181996662869,0.0
"accabbaa",0.0,0.03055179096882409,0.0,0.0,0.0
"accabbbb",0.0,0.03055179096882409,0.0,0.0,0.0
"accabcba",0.0,0.017393850791393155,0.017043973694047806,0.0,0.0
"accacbab",0.0,0.03055179096882409,0.0,0.0,0.0
"accacbca",0.0,0.0,0.0,0.022700909983314345,0.0
"accaccaa",0.0,0.0,0.0,0.022700909983314345,0.0
"accbaaac",0.0,0.03055179096882409,0.0,0.0,0.0
"accbaabb",0.0,0.0,0.0,0.022700909983314345,0.0
"accbabba",0.0,0.0,0.0,0.022700909983314345,0.0
"accbabca",0.0,0.03055179096882409,0.0,0.0,0.0
"accbacaa",0.04921878147008723,0.0,0.0,0.0,0.0
"accbbaba",0.0,0.0,0.0,0.06810272994994304,0.0
"accbbaca",0.0,0.0,0.02993724206466979,0.0,0.0
"accbbbaa",0.0,0.0,0.0,0.022700909983314345,0.0
"accbbbba",0.0,0.0,0.017043973694047806,0.03877248061969979,0.0
"accbbcaa",0.02802140607398356,0.0,0.0,0.025848320413133192,0.0
"accbbcba",0.0,0.0,0.0,0.022700909983314345,0.0
"accbcaaa",0.0,0.0,0.0,0.04540181996662869,0.0
"accbcbaa",0.0,0.0,0.0,0.09080363993325738,0.0
"accbcbba",0.0,0.0,0.0,0.022700909983314345,0.0
"accbccaa",0.0,0.0,0.0,0.022700909983314345,0.0
"acccaaca",0.0,0.0,0.0,0.022700909983314345,0.0
"acccabaa",0.0,0.0,0.0,0.022700909983314345,0.0
"acccbaaa",0.0,0.0,0.0,0.04540181996662869,0.0
"acccbaba",0.0,0.0,0.0,0.022700909983314345,0.0
"acccbbaa",0.0,0.017393850791393155,0.0,0.051696640826266384,0.0
"acccbcaa",0.0,0.0,0.0,0.04540181996662869,0.0
"accccbba",0.0,0.0,0.0,0.022700909983314345,0.0
"baaaaabc",0.0,0.0,0.0,0.0,0.022332937564632453
"baaaacac",0.0,0.0,0.0,0.0,0.022332937564632453
"baaaaccb",0.02802140607398356,0.0,0.0,0.0,0.025429329765257126
"baaababc",0.0,0.0,0.0,0.0,0.022332937564632453
"baaabacb",0.0,0.0,0.02993724206466979,0.0,0.0
"baaabacc",0.0,0.0,0.0,0.0,0.022332937564632453
"baaabbcb",0.0,0.0,0.02993724206466979,0.0,0.0
"baaabcbc",0.0,0.0,0.0,0.0,0.022332937564632453
"baaabcca",0.0,0.0,0.0,0.0,0.022332937564632453
"baaabccb",0.0,0.0,0.0,0.0,0.06699881269389736
"baaabccc",0.0,0.0,0.0,0.0,0.022332937564632453
"baaacacc",0.0,0.0,0.017043973694047806,0.0,0.012714664882628563
"baaacbba",0.0,0.0,0.0,0.0,0.022332937564632453
"baaacbbb",0.0,0.017393850791393155,0.0,0.0,0.03814399464788569
"baaacbbc",0.0,0.0,0.0,0.0,0.022332937564632453
"baaacbca",0.0,0.0,0.0,0.0,0.022332937564632453
"baaacbcb",0.0,0.009696949200863784,0.0,0.007205128208235228,0.0070883360419455865
"baaaccba",0.0,0.0,0.0,0.0,0.044665875129264905
"baaaccbb",0.0,0.0,0.0,0.0,0.022332937564632453
"baaaccbc",0.0,0.0,0.0,0.0,0.044665875129264905
"baaaccca",0.0,0.03055179096882409,0.0,0.0,0.0
"baaacccb",0.0,0.0,0.0,0.0,0.022332937564632453
"baaacccc",0.0,0.0,0.0,0.0,0.022332937564632453
"baabaaac",0.0,0.0,0.0,0.0,0.022332937564632453
"baabaabc",0.0,0.0,0.0,0.0,0.06699881269389736
"baabaacb",0.0,0.0,0.0,0.0,0.022332937564632453
"baabaacc",0.0,0.0,0.0,0.0,0.06699881269389736
"baababca",0.04921878147008723,0.0,0.0,0.0,0.0
"baababcc",0.02802140607398356,0.0,0.0,0.0,0.03814399464788569
"baabacab",0.0,0.0,0.0,0.0,0.022332937564632453
"baabaccb",0.0,0.0,0.0,0.0,0.06699881269389736
"baabaccc",0.0,0.0,0.0,0.0,0.044665875129264905
"baabbaac",0.0,0.0,0.0,0.0,0.022332937564632453
"baabbabc",0.0,0.017393850791393155,0.0,0.0,0.012714664882628563
"baabbacb",0.0,0.0,0.0,0.0,0.044665875129264905
"baabbbac",0.0,0.0,0.0,0.0,0.022332937564632453
"baabbbbc",0.0,0.0,0.0,0.0,0.17866350051705962
"baabbbca",0.0,0.017393850791393155,0.0,0.0,0.012714664882628563
"baabbbcb",0.02802140607398356,0.0,0.0,0.0,0.05085865953051425
"baabbbcc",0.015621736353553656,0.009696949200863784,0.0,0.0,0.04253001625167351
"baabbcab",0.0,0.0,0.0,0.0,0.022332937564632453
"baabbcba",0.02802140607398356,0.0,0.0,0.0,0.025429329765257126
"baabbcbb",0.0,0.0,0.0,0.0,0.06699881269389736
"baabbcbc",0.0,0.0,0.0,0.0,0.11166468782316226
"baabbcca",0.0,0.0,0.0,0.0,0.11166468782316226
"baabbccb",0.015621736353553656,0.0,0.0,0.007205128208235228,0.028353344167782346
"baabcaab",0.0,0.0,0.02993724206466979,0.0,0.0
"baabcabb",0.0,0.017393850791393155,0.0,0.0,0.012714664882628563
"baabcabc",0.0,0.0,0.0,0.0,0.022332937564632453
"baabcaca",0.0,0.0,0.0,0.0,0.06699881269389736
"baabcacb",0.0,0.0,0.0,0.0,0.08933175025852981
"baabcacc",0.0,0.0,0.0,0.0,0.044665875129264905
"baabcbaa",0.0,0.0,0.0,0.0,0.022332937564632453
"baabcbac",0.0,0.0,0.0,0.0,0.022332937564632453
"baabcbba",0.0,0.0,0.0,0.0,0.022332937564632453
"baabcbbb",0.02802140607398356,0.0,0.0,0.0,0.05085865953051425
"baabcbbc",0.0,0.0,0.0,0.0,0.15633056295242717
"baabcbcb",0.05604281214796712,0.0,0.0,0.0,0.06357332441314281
"baabcbcc",0.02802140607398356,0.0,0.0,0.0,0.025429329765257126
"baabccaa",0.0,0.0,0.0,0.0,0.044665875129264905
"baabccab",0.0,0.0,0.0,0.0,0.022332937564632453
"baabccac",0.02802140607398356,0.0,0.0,0.0,0.012714664882628563
"baabccba",0.02802140607398356,0.0,0.0,0.012924160206566596,0.0
"baabccbb",0.05604281214796712,0.0,0.0,0.0,0.1017173190610285
"baabccca",0.0,0.0,0.0,0.0,0.022332937564632453
"baabcccb",0.0,0.0,0.0,0.012924160206566596,0.012714664882628563
"baacaabc",0.0,0.03055179096882409,0.0,0.0,0.0
"baacaacb",0.0,0.0,0.0,0.0,0.022332937564632453
"baacaacc",0.0,0.0,0.0,0.0,0.044665875129264905
"baacabbb",0.02802140607398356,0.017393850791393155,0.0,0.0,0.0
"baacabbc",0.0,0.0,0.0,0.0,0.022332937564632453
"baacabca",0.0,0.0,0.0,0.0,0.022332937564632453
"baacabcb",0.02802140607398356,0.0,0.0,0.0,0.05085865953051425
"baacabcc",0.0,0.0,0.0,0.0,0.08933175025852981
"baacacba",0.02802140607398356,0.0,0.0,0.0,0.012714664882628563
"baacacbb",0.02802140607398356,0.0,0.0,0.0,0.025429329765257126
"baacacca",0.0,0.0,0.0,0.0,0.022332937564632453
"baacaccb",0.0,0.0,0.0,0.0,0.022332937564632453
"baacbaac",0.0,0.0,0.0,0.0,0.022332937564632453
"baacbaba",0.0,0.0,0.0,0.0,0.044665875129264905
"baacbabb",0.0,0.0,0.0,0.0,0.06699881269389736
"baacbabc",0.0,0.052181552374179464,0.0,0.0,0.03814399464788569
"baacbaca",0.0,0.0,0.0,0.0,0.11166468782316226
"baacbacb",0.015621736353553656,0.02909084760259135,0.0,0.0,0.028353344167782346
"baacbacc",0.0,0.03478770158278631,0.0,0.0,0.05085865953051425
"baacbbaa",0.02802140607398356,0.0,0.0,0.0,0.025429329765257126
"baacbbab",0.05604281214796712,0.0,0.0,0.0,0.03814399464788569
"baacbbac",0.05604281214796712,0.0,0.0,0.0,0.03814399464788569
"baacbbba",0.0,0.0,0.0,0.0,0.08933175025852981
"baacbbbb",0.0136480613557598,0.004235910613962222,0.004150705323425822,0.0,0.040253098608120756
"baacbbbc",0.0,0.0,0.0,0.0,0.245662313210957
"baacbbca",0.0,0.0,0.0,0.0,0.13399762538779472
"baacbbcb",0.0,0.0,0.0,0.0,0.31266112590485434
"baacbcaa",0.03124347270710731,0.009696949200863784,0.0,0.0,0.014176672083891173
"baacbcab",0.0,0.0,0.0,0.0,0.022332937564632453
"baacbcba",0.02802140607398356,0.0,0.0,0.0,0.1017173190610285
"baacbcbb",0.03124347270710731,0.0,0.0,0.007205128208235228,0.07797169646140145
"baacbcbc",0.0,0.0,0.0,0.0,0.044665875129264905
"baacbcca",0.0,0.0,0.0,0.0,0.022332937564632453
"baacbccb",0.015621736353553656,0.0,0.009501895185499785,0.0,0.0070883360419455865
"baaccaab",0.04921878147008723,0.0,0.0,0.0,0.0
"baaccaac",0.0,0.0,0.0,0.0,0.044665875129264905
"baaccaba",0.02802140607398356,0.0,0.0,0.0,0.012714664882628563
"baaccabb",0.0,0.019393898401727568,0.009501895185499785,0.0,0.014176672083891173
"baaccabc",0.02802140607398356,0.0,0.0,0.0,0.012714664882628563
"baaccaca",0.0,0.03055179096882409,0.0,0.0,0.0
"baaccacb",0.015621736353553656,0.009696949200863784,0.0,0.0,0.028353344167782346
"baaccbaa",0.02802140607398356,0.0,0.0,0.0,0.03814399464788569
"baaccbab",0.03124347270710731,0.019393898401727568,0.0,0.0,0.014176672083891173
"baaccbac",0.0,0.0,0.0,0.0,0.044665875129264905
"baaccbba",0.046865209060660974,0.009696949200863784,0.0,0.0,0.049618352293619106
"baaccbbb",0.07810868176776828,0.0,0.009501895185499785,0.0,0.07088336041945587
"baaccbbc",0.0,0.0,0.0,0.0,0.06699881269389736
"baaccbca",0.0068240306778799,0.0,0.004150705323425822,0.003147410429818848,0.015481961003123365
"baaccbcb",0.0,0.0,0.0,0.0,0.044665875129264905
"baacccaa",0.03124347270710731,0.0,0.0,0.014410256416470457,0.021265008125836756
"baacccab",0.09843756294017446,0.0,0.0,0.0,0.0
"baacccac",0.04921878147008723,0.0,0.0,0.0,0.0
"baacccba",0.0068240306778799,0.0,0.004150705323425822,0.006294820859637696,0.006192784401249346
"baacccbb",0.015621736353553656,0.0,0.0,0.007205128208235228,0.014176672083891173
"babaaabc",0.0,0.03055179096882409,0.0,0.0,0.0
"babaaacb",0.0,0.0,0.0,0.022700909983314345,0.0
"babaabcc",0.0,0.0,0.02993724206466979,0.0,0.0
"babaacba",0.0,0.03055179096882409,0.0,0.0,0.0
"babaacbb",0.0,0.03055179096882409,0.0,0.0,0.0
"babababc",0.0,0.06110358193764818,0.0,0.0,0.0
"bababacc",0.0,0.03055179096882409,0.0,0.0,0.0
"bababbcb",0.02802140607398356,0.017393850791393155,0.0,0.0,0.0
"bababcbb",0.0,0.0,0.05987448412933958,0.0,0.0
"bababccb",0.0,0.0,0.0,0.022700909983314345,0.0
"babbaabc",0.0,0.017393850791393155,0.0,0.0,0.012714664882628563
"babbaaca",0.0,0.03055179096882409,0.0,0.0,0.0
"babbaacc",0.0,0.02909084760259135,0.009501895185499785,0.0,0.014176672083891173
"babbabbc",0.02802140607398356,0.017393850791393155,0.0,0.0,0.0
"babbabcb",0.015621736353553656,0.009696949200863784,0.009501895185499785,0.0,0.0
"babbabcc",0.04921878147008723,0.0,0.0,0.0,0.0
"babbacbb",0.0,0.0,0.0,0.0,0.022332937564632453
"babbacbc",0.0,0.0,0.02993724206466979,0.0,0.0
"babbbabc",0.09843756294017446,0.0,0.0,0.0,0.0
"babbbacb",0.0,0.017393850791393155,0.017043973694047806,0.0,0.0
"babbbacc",0.04921878147008723,0.0,0.0,0.0,0.0
"babbbbbc",0.0,0.03055179096882409,0.0,0.0,0.0
"babbbbcb",0.0,0.009696949200863784,0.04750947592749893,0.007205128208235228,0.0
"babbbcaa",0.04921878147008723,0.0,0.0,0.0,0.0
"babbbcab",0.05604281214796712,0.017393850791393155,0.0,0.0,0.0
"babbbcac",0.0,0.03055179096882409,0.0,0.0,0.0
"babbbcba",0.09843756294017446,0.0,0.0,0.0,0.0
"babbbcca",0.0,0.0,0.02993724206466979,0.0,0.0
"babbcaac",0.0,0.0,0.0,0.0,0.022332937564632453
"babbcabb",0.0,0.03055179096882409,0.0,0.0,0.0
"babbcbab",0.02802140607398356,0.0,0.0,0.012924160206566596,0.0
"babbcbba",0.02802140607398356,0.0,0.0,0.051696640826266384,0.0
"babbcbbb",0.04921878147008723,0.0,0.0,0.0,0.0
"babbcbbc",0.04921878147008723,0.0,0.0,0.0,0.0
"babbccaa",0.015621736353553656,0.0,0.0,0.007205128208235228,0.0070883360419455865
"babbccba",0.0136480613557598,0.0,0.004150705323425822,0.003147410429818848,0.003096392200624673
"babbccca",0.02802140607398356,0.017393850791393155,0.0,0.0,0.0
"babcaaac",0.0,0.03055179096882409,0.0,0.0,0.0
"babcaabc",0.0,0.18331074581294451,0.0,0.0,0.0
"babcaaca",0.0,0.03055179096882409,0.0,0.0,0.0
"babcaacb",0.0,0.0,0.017043973694047806,0.012924160206566596,0.0
"babcaacc",0.0,0.0,0.0,0.0,0.022332937564632453
"babcabac",0.04921878147008723,0.0,0.0,0.0,0.0
"babcabbb",0.04921878147008723,0.0,0.0,0.0,0.0
"babcabbc",0.09843756294017446,0.0,0.0,0.0,0.0
"babcabcb",0.04921878147008723,0.0,0.0,0.0,0.0
"babcacaa",0.0,0.03055179096882409,0.0,0.0,0.0
"babcacba",0.04921878147008723,0.0,0.0,0.0,0.0
"babcbaab",0.0,0.03478770158278631,0.0,0.0,0.012714664882628563
"babcbaac",0.0,0.052181552374179464,0.0,0.0,0.012714664882628563
"babcbabb",0.0,0.06110358193764818,0.0,0.0,0.0
"babcbabc",0.0,0.03055179096882409,0.0,0.0,0.0
"babcbacb",0.015621736353553656,0.019393898401727568,0.0,0.0,0.0070883360419455865
"babcbacc",0.0,0.0,0.0,0.022700909983314345,0.0
"babcbbaa",0.11208562429593424,0.0,0.0,0.012924160206566596,0.0
"babcbbab",0.08406421822195069,0.03478770158278631,0.0,0.0,0.0
"babcbbac",0.08406421822195069,0.0,0.017043973694047806,0.0,0.0
"babcbbba",0.015621736353553656,0.0,0.01900379037099957,0.007205128208235228,0.0
"babcbbbb",0.0272961227115196,0.012707731841886666,0.004150705323425822,0.0,0.006192784401249346
"babcbbbc",0.0,0.03478770158278631,0.0,0.0,0.012714664882628563
"babcbbca",0.02802140607398356,0.0,0.0,0.0,0.012714664882628563
"babcbbcb",0.0,0.03055179096882409,0.0,0.0,0.0
"babcbcaa",0.11208562429593424,0.0,0.0,0.025848320413133192,0.0
"babcbcab",0.14765634441026168,0.0,0.0,0.0,0.0
"babcbcba",0.09843756294017446,0.0,0.0,0.0,0.0
"babcbccb",0.04921878147008723,0.0,0.0,0.0,0.0
"babccaaa",0.0,0.03055179096882409,0.0,0.0,0.0
"babccaab",0.09843756294017446,0.0,0.0,0.0,0.0
"babccaac",0.0,0.03055179096882409,0.0,0.0,0.0
"babccaba",0.0,0.0,0.017043973694047806,0.0,0.012714664882628563
"babccabb",0.08406421822195069,0.03478770158278631,0.0,0.0,0.0
"babccabc",0.0,0.0,0.0,0.0,0.022332937564632453
"babccaca",0.04921878147008723,0.0,0.0,0.0,0.0
"babccbaa",0.2241712485918685,0.0,0.0,0.09046912144596618,0.0
"babccbab",0.0204720920336397,0.004235910613962222,0.004150705323425822,0.003147410429818848,0.0
"babccbba",0.12497389082842925,0.0,0.0,0.007205128208235228,0.0070883360419455865
"babccbbb",0.03124347270710731,0.0,0.009501895185499785,0.0,0.0070883360419455865
"babccbca",0.0,0.0,0.0,0.022700909983314345,0.0
"babccbcb",0.09843756294017446,0.0,0.0,0.0,0.0
"babcccaa",0.16812843644390138,0.0,0.0,0.06462080103283298,0.0
"babcccab",0.05604281214796712,0.0,0.017043973694047806,0.0,0.0
"babcccba",0.05604281214796712,0.0,0.0,0.03877248061969979,0.0
"babcccbb",0.04921878147008723,0.0,0.0,0.0,0.0
"bacaaaca",0.0,0.0,0.0,0.022700909983314345,0.0
"bacaaacb",0.0,0.0,0.0,0.022700909983314345,0.0
"bacaabcc",0.0,0.0,0.0,0.022700909983314345,0.0
"bacababb",0.0,0.03055179096882409,0.0,0.0,0.0
"bacabacb",0.0,0.0,0.0,0.022700909983314345,0.0
"bacabbba",0.0,0.0,0.0,0.022700909983314345,0.0
"bacabbcb",0.04921878147008723,0.0,0.0,0.0,0.0
"bacabcca",0.0,0.0,0.0,0.022700909983314345,0.0
"bacbaaaa",0.0,0.03055179096882409,0.0,0.0,0.0
"bacbaabc",0.0,0.017393850791393155,0.0,0.0,0.012714664882628563
"bacbaaca",0.0,0.0,0.0,0.022700909983314345,0.0
"bacbaacb",0.0,0.0,0.0,0.022700909983314345,0.0
"bacbaacc",0.0,0.03055179096882409,0.0,0.0,0.0
"bacbabaa",0.0,0.03055179096882409,0.0,0.0,0.0
"bacbbaab",0.0,0.03055179096882409,0.0,0.0,0.0
"bacbbabb",0.0,0.03055179096882409,0.0,0.0,0.0
"bacbbacb",0.0,0.0,0.02993724206466979,0.0,0.0
"bacbbbab",0.0,0.03055179096882409,0.0,0.0,0.0
"bacbbbac",0.04921878147008723,0.0,0.0,0.0,0.0
"bacbbbba",0.02802140607398356,0.0,0.017043973694047806,0.0,0.0
"bacbbbbb",0.04921878147008723,0.0,0.0,0.0,0.0
"bacbbbcb",0.0,0.0,0.02993724206466979,0.0,0.0
"bacbbcba",0.04921878147008723,0.0,0.0,0.0,0.0
"bacbbcbb",0.04921878147008723,0.0,0.0,0.0,0.0
"bacbcaca",0.0,0.03055179096882409,0.0,0.0,0.0
"bacbcbab",0.04921878147008723,0.0,0.0,0.0,0.0
"bacbcbba",0.03124347270710731,0.0,0.0,0.028820512832940914,0.0070883360419455865
"bacbcbcb",0.0,0.03055179096882409,0.0,0.0,0.0
"bacbccaa",0.0,0.0,0.0,0.04540181996662869,0.0
"baccaabb",0.0,0.03055179096882409,0.0,0.0,0.0
"baccaacb",0.0,0.03055179096882409,0.0,0.0,0.0
"baccabab",0.0,0.06110358193764818,0.0,0.0,0.0
"baccbaaa",0.015621736353553656,0.009696949200863784,0.0,0.007205128208235228,0.0
"baccbaac",0.02802140607398356,0.017393850791393155,0.0,0.0,0.0
"baccbaba",0.0,0.06110358193764818,0.0,0.0,0.0
"baccbabb",0.02802140607398356,0.03478770158278631,0.0,0.0,0.0
"baccbabc",0.0,0.03055179096882409,0.0,0.0,0.0
"baccbaca",0.0,0.0,0.0,0.022700909983314345,0.0
"baccbacb",0.04921878147008723,0.0,0.0,0.0,0.0
"baccbbaa",0.06248694541421462,0.0,0.009501895185499785,0.0,0.0070883360419455865
"baccbbab",0.02802140607398356,0.03478770158278631,0.0,0.0,0.0
"baccbbac",0.04921878147008723,0.0,0.0,0.0,0.0
"baccbbba",0.02802140607398356,0.017393850791393155,0.0,0.0,0.0
"baccbbbb",0.05604281214796712,0.017393850791393155,0.0,0.0,0.0
"baccbcaa",0.05604281214796712,0.0,0.0,0.025848320413133192,0.0
"baccbcba",0.0,0.0,0.0,0.04540181996662869,0.0
"bacccaab",0.04921878147008723,0.0,0.0,0.0,0.0
"bacccbaa",0.046865209060660974,0.009696949200863784,0.0,0.03602564104117614,0.0
"bacccbab",0.02802140607398356,0.0,0.0,0.012924160206566596,0.0
"bacccbba",0.02802140607398356,0.0,0.0,0.012924160206566596,0.0
"baccccaa",0.02802140607398356,0.0,0.0,0.025848320413133192,0.0
"baccccba",0.0,0.0,0.0,0.04540181996662869,0.0
"bbaabacc",0.0,0.017393850791393155,0.0,0.0,0.012714664882628563
"bbaabbca",0.0,0.03055179096882409,0.0,0.0,0.0
"bbaabcbb",0.0,0.0,0.02993724206466979,0.0,0.0
"bbaabcbc",0.0,0.0,0.02993724206466979,0.0,0.0
"bbaabccb",0.0,0.0,0.05987448412933958,0.0,0.0
"bbaacbca",0.0,0.03055179096882409,0.0,0.0,0.0
"bbaacbcb",0.0,0.06110358193764818,0.0,0.0,0.0
"bbaaccba",0.04921878147008723,0.0,0.0,0.0,0.0
"bbabcbca",0.0,0.0,0.0,0.022700909983314345,0.0
"bbacaabc",0.04921878147008723,0.0,0.0,0.0,0.0
"bbacbbba",0.0,0.0,0.0,0.022700909983314345,0.0
"bbaccaab",0.0,0.06110358193764818,0.0,0.0,0.0
"bbaccbaa",0.0,0.0,0.0,0.022700909983314345,0.0
"bbacccaa",0.0,0.0,0.0,0.022700909983314345,0.0
"bbbabacb",0.0,0.0,0.0,0.022700909983314345,0.0
"bbbabcab",0.0,0.03055179096882409,0.0,0.0,0.0
"bbbabccb",0.0,0.06110358193764818,0.0,0.0,0.0
"bbbacabc",0.0,0.03055179096882409,0.0,0.0,0.0
"bbbaccaa",0.04921878147008723,0.0,0.0,0.0,0.0
"bbbaccba",0.0,0.03055179096882409,0.0,0.0,0.0
"bbbbacaa",0.04921878147008723,0.0,0.0,0.0,0.0
"bbbbacba",0.04921878147008723,0.0,0.0,0.0,0.0
"bbbbbbac",0.0,0.0,0.02993724206466979,0.0,0.0
"bbbbbbbb",0.0,0.07624639105132,0.008301410646851644,0.20143426750840626,0.22603663064560117
"bbbbbcbb",0.0204720920336397,0.025415463683773332,0.0,0.053505977306920416,0.05263866741061944
"bbbbbcbc",0.0,0.03055179096882409,0.0,0.0,0.0
"bbbbbccb",0.0,0.0,0.01900379037099957,0.014410256416470457,0.06379502437751028
"bbbbcabc",0.0,0.03055179096882409,0.0,0.0,0.0
"bbbbcbbb",0.0068240306778799,0.029651374297735556,0.0,0.06294820859637695,0.03096392200624673
"bbbbcbcb",0.0,0.009696949200863784,0.0,0.007205128208235228,0.04253001625167351
"bbbbccaa",0.0,0.0,0.0,0.04540181996662869,0.0
"bbbbccab",0.0,0.03055179096882409,0.0,0.0,0.0
"bbbbccbb",0.0,0.0,0.0,0.03877248061969979,0.06357332441314281
"bbbbccbc",0.0,0.0,0.0,0.0,0.022332937564632453
"bbbcabbb",0.0,0.0,0.02993724206466979,0.0,0.0
"bbbcabbc",0.0,0.0,0.02993724206466979,0.0,0.0
"bbbcbaab",0.0,0.03055179096882409,0.0,0.0,0.0
"bbbcbbaa",0.0,0.0,0.0,0.022700909983314345,0.0
"bbbcbbbc",0.0,0.08696925395696577,0.0,0.0,0.012714664882628563
"bbbcbbcb",0.0,0.017393850791393155,0.0,0.0,0.07628798929577138
"bbbcbbcc",0.0,0.03055179096882409,0.0,0.0,0.0
"bbbcbcaa",0.0,0.0,0.0,0.022700909983314345,0.0
"bbbcbcbb",0.0,0.019393898401727568,0.0,0.014410256416470457,0.028353344167782346
"bbbcbcbc",0.0,0.03055179096882409,0.0,0.0,0.0
"bbbccaaa",0.0,0.03055179096882409,0.0,0.0,0.0
"bbbccabb",0.0,0.03055179096882409,0.0,0.0,0.0
"bbbccbaa",0.0,0.0,0.0,0.09080363993325738,0.0
"bbbccbba",0.0,0.0,0.0,0.022700909983314345,0.0
"bbbcccaa",0.0,0.0,0.0,0.022700909983314345,0.0
"bbbcccbb",0.0,0.0,0.0,0.0,0.022332937564632453
"bbcaaabc",0.0,0.0,0.02993724206466979,0.0,0.0
"bbcaaaca",0.0,0.0,0.0,0.022700909983314345,0.0
"bbcaaacb",0.0,0.0,0.0,0.022700909983314345,0.0
"bbcaaacc",0.0,0.0,0.0,0.022700909983314345,0.0
"bbcabaca",0.0,0.0,0.0,0.022700909983314345,0.0
"bbcabbab",0.0,0.03055179096882409,0.0,0.0,0.0
"bbcabbba",0.0,0.0,0.0,0.022700909983314345,0.0
"bbcbbbbc",0.0,0.052181552374179464,0.0,0.012924160206566596,0.0
"bbcbbbcb",0.0,0.009696949200863784,0.028505685556499353,0.007205128208235228,0.0
"bbcbbbcc",0.0,0.03055179096882409,0.0,0.0,0.0
"bbcbbcbb",0.0,0.019393898401727568,0.009501895185499785,0.007205128208235228,0.0
"bbcbcaaa",0.0,0.0,0.0,0.022700909983314345,0.0
"bbcbcbbb",0.0,0.12220716387529636,0.0,0.0,0.0
"bbcbccaa",0.0,0.0,0.0,0.022700909983314345,0.0
"bbccbbbb",0.0,0.09696949200863783,0.01900379037099957,0.021615384624705688,0.0
"bbccbbcb",0.0,0.03055179096882409,0.0,0.0,0.0
"bbccbcba",0.0,0.0,0.0,0.022700909983314345,0.0
"bbcccaba",0.0,0.03055179096882409,0.0,0.0,0.0
"bbcccbab",0.04921878147008723,0.0,0.0,0.0,0.0
"bcaabcba",0.04921878147008723,0.0,0.0,0.0,0.0
"bcaabccb",0.0,0.03055179096882409,0.0,0.0,0.0
"bcaacaba",0.0,0.03055179096882409,0.0,0.0,0.0
"bcabbcaa",0.04921878147008723,0.0,0.0,0.0,0.0
"bcacbbaa",0.0,0.0,0.0,0.022700909983314345,0.0
"bcbbabba",0.04921878147008723,0.0,0.0,0.0,0.0
"bcbbacaa",0.04921878147008723,0.0,0.0,0.0,0.0
"bcbbbabb",0.0,0.03055179096882409,0.0,0.0,0.0
"bcbbbbaa",0.04921878147008723,0.0,0.0,0.0,0.0
"bcbbbbbb",0.015621736353553656,0.019393898401727568,0.0,0.014410256416470457,0.0
"bcbbbbcc",0.0,0.03055179096882409,0.0,0.0,0.0
"bcbbcbbb",0.0,0.03478770158278631,0.0,0.012924160206566596,0.0
"bcbcbbaa",0.02802140607398356,0.0,0.0,0.012924160206566596,0.0
"bcbcbbba",0.0,0.0,0.0,0.022700909983314345,0.0
"bccaaaba",0.0,0.0,0.0,0.04540181996662869,0.0
"bccaaabb",0.0,0.0,0.017043973694047806,0.012924160206566596,0.0
"bccaabba",0.0,0.0,0.0,0.022700909983314345,0.0
"bccbbcaa",0.0,0.0,0.0,0.022700909983314345,0.0
"bccbcbbb",0.0,0.03055179096882409,0.0,0.0,0.0
"caaaaabc",0.0,0.0,0.0,0.0,0.022332937564632453
"caaaaacb",0.0,0.0,0.0,0.0,0.022332937564632453
"caaaabca",0.0,0.0,0.0,0.0,0.022332937564632453
"caaababc",0.0,0.0,0.0,0.0,0.022332937564632453
"caaabbac",0.0,0.0,0.0,0.0,0.022332937564632453
"caaabbbc",0.02802140607398356,0.0,0.0,0.0,0.012714664882628563
"caaabcba",0.04921878147008723,0.0,0.0,0.0,0.0
"caaabcbb",0.0,0.0,0.0,0.0,0.022332937564632453
"caaabcbc",0.04921878147008723,0.0,0.0,0.0,0.0
"caaacbbb",0.0,0.0,0.0,0.0,0.022332937564632453
"caaaccaa",0.0,0.0,0.0,0.022700909983314345,0.0
"caaaccba",0.04921878147008723,0.0,0.0,0.0,0.0
"caaaccbb",0.04921878147008723,0.0,0.0,0.0,0.0
"caabaabb",0.0,0.0,0.0,0.0,0.022332937564632453
"caabaabc",0.0,0.0,0.0,0.0,0.022332937564632453
"caabaacb",0.0,0.0,0.0,0.0,0.022332937564632453
"caabaacc",0.0,0.0,0.0,0.0,0.022332937564632453
"caababac",0.0,0.0,0.0,0.0,0.022332937564632453
"caababbb",0.02802140607398356,0.0,0.0,0.0,0.025429329765257126
"caababbc",0.0,0.0,0.0,0.0,0.06699881269389736
"caababcb",0.0,0.0,0.0,0.0,0.06699881269389736
"caababcc",0.0,0.0,0.0,0.0,0.06699881269389736
"caabacbb",0.04921878147008723,0.0,0.0,0.0,0.0
"caabaccb",0.0,0.0,0.0,0.0,0.044665875129264905
"caabbabb",0.0,0.0,0.0,0.0,0.044665875129264905
"caabbabc",0.02802140607398356,0.0,0.0,0.0,0.03814399464788569
"caabbacb",0.0,0.0,0.0,0.0,0.022332937564632453
"caabbbab",0.0,0.0,0.0,0.0,0.022332937564632453
"caabbbba",0.04921878147008723,0.0,0.0,0.0,0.0
"caabbbbb",0.015621736353553656,0.0,0.009501895185499785,0.0,0.03544168020972793
"caabbbbc",0.0,0.0,0.0,0.0,0.13399762538779472
"caabbbca",0.02802140607398356,0.0,0.0,0.0,0.012714664882628563
"caabbbcb",0.0,0.0,0.0,0.0,0.044665875129264905
"caabbbcc",0.0,0.0,0.0,0.0,0.022332937564632453
"caabbcaa",0.04921878147008723,0.0,0.0,0.0,0.0
"caabbcac",0.0,0.0,0.0,0.0,0.022332937564632453
"caabbcbb",0.0,0.0,0.0,0.0,0.11166468782316226
"caabcaab",0.0,0.0,0.0,0.0,0.022332937564632453
"caabcabc",0.0,0.03055179096882409,0.0,0.0,0.0
"caabcacb",0.04921878147008723,0.0,0.0,0.0,0.0
"caabcbaa",0.0,0.0,0.0,0.0,0.022332937564632453
"caabcbbb",0.0,0.0,0.0,0.0,0.11166468782316226
"caabcbbc",0.0,0.0,0.0,0.0,0.044665875129264905
"caabccab",0.04921878147008723,0.0,0.0,0.0,0.0
"caabcccb",0.04921878147008723,0.0,0.0,0.0,0.0
"caacaacb",0.0,0.0,0.0,0.0,0.022332937564632453
"caacabab",0.0,0.0,0.0,0.0,0.022332937564632453
"caacabac",0.0,0.0,0.0,0.0,0.022332937564632453
"caacabba",0.04921878147008723,0.0,0.0,0.0,0.0
"caacabbb",0.0,0.0,0.0,0.0,0.022332937564632453
"caacabbc",0.04921878147008723,0.0,0.0,0.0,0.0
"caacabca",0.0,0.0,0.0,0.0,0.06699881269389736
"caacacab",0.0,0.0,0.0,0.0,0.022332937564632453
"caacbaaa",0.0,0.0,0.0,0.0,0.022332937564632453
"caacbaba",0.0,0.0,0.0,0.0,0.022332937564632453
"caacbabc",0.0,0.0,0.0,0.0,0.022332937564632453
"caacbacb",0.04921878147008723,0.0,0.0,0.0,0.0
"caacbacc",0.0,0.0,0.0,0.0,0.022332937564632453
"caacbbac",0.04921878147008723,0.0,0.0,0.0,0.0
"caacbbba",0.05604281214796712,0.0,0.0,0.0,0.06357332441314281
"caacbbbb",0.08406421822195069,0.0,0.0,0.0,0.03814399464788569
"caacbbbc",0.0,0.0,0.0,0.0,0.044665875129264905
"caacbbca",0.0,0.0,0.0,0.0,0.06699881269389736
"caacbbcb",0.04921878147008723,0.0,0.0,0.0,0.0
"caacbcab",0.0,0.0,0.0,0.0,0.044665875129264905
"caacbcbb",0.0,0.0,0.0,0.0,0.044665875129264905
"caaccaba",0.04921878147008723,0.0,0.0,0.0,0.0
"caaccabb",0.0,0.0,0.0,0.0,0.022332937564632453
"caaccbaa",0.04921878147008723,0.0,0.0,0.0,0.0
"caaccbbb",0.05604281214796712,0.0,0.0,0.0,0.025429329765257126
"caacccba",0.04921878147008723,0.0,0.0,0.0,0.0
"cabaaacb",0.0,0.03055179096882409,0.0,0.0,0.0
"cababcba",0.0,0.0,0.0,0.022700909983314345,0.0
"cabacaab",0.0,0.0,0.02993724206466979,0.0,0.0
"cabbaabc",0.0,0.0,0.0,0.0,0.044665875129264905
"cabbabba",0.04921878147008723,0.0,0.0,0.0,0.0
"cabbabbc",0.0,0.0,0.0,0.0,0.022332937564632453
"cabbacbb",0.02802140607398356,0.0,0.0,0.0,0.012714664882628563
"cabbbabb",0.04921878147008723,0.0,0.0,0.0,0.0
"cabbbabc",0.0,0.0,0.0,0.0,0.044665875129264905
"cabbbbaa",0.0,0.0,0.0,0.0,0.044665875129264905
"cabbbbba",0.04921878147008723,0.0,0.0,0.0,0.0
"cabbbbbb",0.02802140607398356,0.0,0.0,0.0,0.012714664882628563
"cabbbbbc",0.04921878147008723,0.0,0.0,0.0,0.0
"cabbbbca",0.0,0.0,0.0,0.022700909983314345,0.0
"cabbbbcb",0.09843756294017446,0.0,0.0,0.0,0.0
"cabbcaba",0.04921878147008723,0.0,0.0,0.0,0.0
"cabbcbaa",0.0,0.03055179096882409,0.0,0.0,0.0
"cabbcbab",0.0,0.0,0.0,0.0,0.044665875129264905
"cabbcbbb",0.04921878147008723,0.0,0.0,0.0,0.0
"cabcaaab",0.04921878147008723,0.0,0.0,0.0,0.0
"cabcabba",0.04921878147008723,0.0,0.0,0.0,0.0
"cabcabcb",0.0,0.0,0.0,0.0,0.022332937564632453
"cabcbbaa",0.0,0.0,0.0,0.022700909983314345,0.0
"cabcbbba",0.09843756294017446,0.0,0.0,0.0,0.0
"cabcbbbb",0.05604281214796712,0.0,0.0,0.0,0.012714664882628563
"cabcbbca",0.04921878147008723,0.0,0.0,0.0,0.0
"cabccaac",0.0,0.0,0.0,0.0,0.022332937564632453
"cabccbaa",0.02802140607398356,0.0,0.0,0.0,0.025429329765257126
"cacaaaca",0.04921878147008723,0.0,0.0,0.0,0.0
"cacbbabb",0.0,0.06110358193764818,0.0,0.0,0.0
"cacbbbaa",0.04921878147008723,0.0,0.0,0.0,0.0
"cacbbbca",0.0,0.0,0.0,0.04540181996662869,0.0
"cacbcaaa",0.0,0.0,0.0,0.0,0.022332937564632453
"cbaaabbc",0.0,0.0,0.02993724206466979,0.0,0.0
"cbaaacbb",0.04921878147008723,0.0,0.0,0.0,0.0
"cbaababb",0.0,0.03055179096882409,0.0,0.0,0.0
"cbaabbab",0.0,0.03055179096882409,0.0,0.0,0.0
"cbbbacaa",0.04921878147008723,0.0,0.0,0.0,0.0
"cbbbbbbb",0.0,0.009696949200863784,0.0,0.014410256416470457,0.04253001625167351
"cbbbbbbc",0.0,0.0,0.0,0.0,0.044665875129264905
"cbbbbbcb",0.0,0.0,0.0,0.0,0.044665875129264905
"cbbbcaab",0.0,0.03055179096882409,0.0,0.0,0.0
"cbbcabab",0.04921878147008723,0.0,0.0,0.0,0.0
"cbbcbbbb",0.0,0.017393850791393155,0.0,0.0,0.06357332441314281
"cbcbbbbb",0.0,0.0,0.0,0.022700909983314345,0.0
"cbccabbb",0.0,0.0,0.0,0.022700909983314345,0.0
"ccaabbab",0.0,0.03055179096882409,0.0,0.0,0.0
"ccabbcaa",0.04921878147008723,0.0,0.0,0.0,0.0
"ccbaaaaa",0.04921878147008723,0.0,0.0,0.0,0.0
"ccbababa",0.0,0.0,0.0,0.022700909983314345,0.0
"ccbbabba",0.04921878147008723,0.0,0.0,0.0,0.0
"ccbbbaaa",0.04921878147008723,0.0,0.0,0.0,0.0
"ccbbccaa",0.04921878147008723,0.0,0.0,0.0,0.0
"ccbcaaaa",0.04921878147008723,0.0,0.0,0.0,0.0
"cccababa",0.0,0.0,0.0,0.022700909983314345,0.0
"cccababb",0.0,0.0,0.0,0.022700909983314345,0.0
